prompt_id,layer,ctx,kv_head,k_kind,rel,bit_class,abs_delta_k,ek_bin,n_queries,max_es_u0,max_es_future,max_es_lifetime,future_amplified,gain_u0,gain_p50,n_es_nonfinite,fail_s_L1,fail_s_L2,fail_s_L16,fail_s_Lfull
seq_0000,4,64,4,numeric,1e-06,,0.0,"[0,1e-07)",16,0.0,0.0,0.0,False,0.0,0.0,0,False,False,False,False
seq_0000,4,64,4,numeric,1e-05,,0.0,"[0,1e-07)",16,0.0,0.0,0.0,False,0.0,0.0,0,False,False,False,False
seq_0000,4,64,4,numeric,0.0001,,0.0,"[0,1e-07)",16,0.0,0.0,0.0,False,0.0,0.0,0,False,False,False,False
seq_0000,4,64,4,numeric,0.001,,0.0,"[0,1e-07)",16,0.0,0.0,0.0,False,0.0,0.0,0,False,False,False,False
seq_0000,4,64,4,numeric,0.01,,0.03125,"[0.01,0.1)",16,0.0032368898391723633,0.0057830810546875,0.0057830810546875,True,0.10358047485020105,0.10358047485020105,0,True,True,True,True
seq_0000,4,64,4,numeric,0.1,,0.234375,"[0.1,1)",16,0.02427658438682556,0.043374061584472656,0.043374061584472656,True,0.10358009338334712,0.10358009338334712,0,True,True,True,True
seq_0000,4,64,4,bitflip,,sign,4.75,"[1,10)",16,0.49200543761253357,0.8790497779846191,0.8790497779846191,True,0.10358009212893263,0.10358009212893263,0,True,True,True,True
seq_0000,4,64,4,bitflip,,exponent,2.375,"[1,10)",16,0.2460027039051056,0.43952512741088867,0.43952512741088867,True,0.10358008585473769,0.10358008585473769,0,True,True,True,True
seq_0000,4,64,4,bitflip,,mantissa,0.015625,"[0.01,0.1)",16,0.0016184449195861816,0.00289154052734375,0.00289154052734375,True,0.10358047484688648,0.10358047484688648,0,True,True,True,True
seq_0000,4,256,4,numeric,1e-06,,0.0,"[0,1e-07)",16,0.0,0.0,0.0,False,0.0,0.0,0,False,False,False,False
seq_0000,4,256,4,numeric,1e-05,,0.0,"[0,1e-07)",16,0.0,0.0,0.0,False,0.0,0.0,0,False,False,False,False
seq_0000,4,256,4,numeric,0.0001,,0.0,"[0,1e-07)",16,0.0,0.0,0.0,False,0.0,0.0,0,False,False,False,False
seq_0000,4,256,4,numeric,0.001,,0.0,"[0,1e-07)",16,0.0,0.0,0.0,False,0.0,0.0,0,False,False,False,False
seq_0000,4,256,4,numeric,0.01,,0.015625,"[0.01,0.1)",16,0.002956390380859375,0.003064274787902832,0.003064274787902832,True,0.18920898436289063,0.1512298583887588,0,True,True,True,True
seq_0000,4,256,4,numeric,0.1,,0.1640625,"[0.1,1)",16,0.031041622161865234,0.03217458724975586,0.03217458724975586,True,0.18920607793783484,0.15122695196150382,0,True,True,True,True
seq_0000,4,256,4,bitflip,,sign,3.3125,"[1,10)",16,0.626745879650116,0.6496198177337646,0.6496198177337646,True,0.18920630329054391,0.15122694339387754,0,True,True,True,True
seq_0000,4,256,4,bitflip,,exponent,,nonfinite,16,,0.0,,False,,,16,True,True,True,True
seq_0000,4,256,4,bitflip,,mantissa,0.0078125,"[0.001,0.01)",16,0.0014781951904296875,0.0015320777893066406,0.0015320777893066406,True,0.18920898435078123,0.15122985837908007,0,True,True,True,True
seq_0001,18,64,7,numeric,1e-06,,0.0,"[0,1e-07)",16,0.0,0.0,0.0,False,0.0,0.0,0,False,False,False,False
seq_0001,18,64,7,numeric,1e-05,,0.0,"[0,1e-07)",16,0.0,0.0,0.0,False,0.0,0.0,0,False,False,False,False
seq_0001,18,64,7,numeric,0.0001,,0.0,"[0,1e-07)",16,0.0,0.0,0.0,False,0.0,0.0,0,False,False,False,False
seq_0001,18,64,7,numeric,0.001,,0.0,"[0,1e-07)",16,0.0,0.0,0.0,False,0.0,0.0,0,False,False,False,False
seq_0001,18,64,7,numeric,0.01,,0.0078125,"[0.001,0.01)",16,0.0007228851318359375,0.0016942024230957031,0.0016942024230957031,True,0.09252929686315625,0.11187744139192968,0,True,True,True,True
seq_0001,18,64,7,numeric,0.1,,0.1015625,"[0.1,1)",16,0.009397745132446289,0.022021770477294922,0.022021770477294922,True,0.09253164438009853,0.11186570387510048,0,True,True,True,True
seq_0001,18,64,7,bitflip,,sign,2.0,"[1,10)",16,0.18506312370300293,0.4336552619934082,0.4336552619934082,True,0.0925315618514552,0.11186647415155539,0,True,True,True,True
seq_0001,18,64,7,bitflip,,exponent,,nonfinite,16,,0.0,,False,,,16,True,True,True,True
seq_0001,18,64,7,bitflip,,mantissa,0.0078125,"[0.001,0.01)",16,0.0007228851318359375,0.0016942024230957031,0.0016942024230957031,True,0.09252929686315625,0.11187744139192968,0,True,True,True,True
seq_0001,18,256,7,numeric,1e-06,,0.0,"[0,1e-07)",16,0.0,0.0,0.0,False,0.0,0.0,0,False,False,False,False
seq_0001,18,256,7,numeric,1e-05,,0.0,"[0,1e-07)",16,0.0,0.0,0.0,False,0.0,0.0,0,False,False,False,False
seq_0001,18,256,7,numeric,0.0001,,0.0,"[0,1e-07)",16,0.0,0.0,0.0,False,0.0,0.0,0,False,False,False,False
seq_0001,18,256,7,numeric,0.001,,0.0,"[0,1e-07)",16,0.0,0.0,0.0,False,0.0,0.0,0,False,False,False,False
seq_0001,18,256,7,numeric,0.01,,0.00390625,"[0.001,0.01)",16,0.000194549560546875,0.0009174346923828125,0.0009174346923828125,True,0.04980468748725,0.08422851560343748,0,True,True,True,True
seq_0001,18,256,7,numeric,0.1,,0.033203125,"[0.01,0.1)",16,0.0016508102416992188,0.0077953338623046875,0.0077953338623046875,True,0.04971852021909083,0.0842428768356981,0,True,True,True,True
seq_0001,18,256,7,bitflip,,sign,0.65234375,"[0.1,1)",16,0.032433509826660156,0.15315818786621094,0.15315818786621094,True,0.049718434225223186,0.08424532770383793,0,True,True,True,True
seq_0001,18,256,7,bitflip,,exponent,1.1099053764804048e+38,"[10,inf)",16,5.518277013335318e+36,1.7781114398196934e+37,1.7781114398196934e+37,True,0.049718445646548697,0.10565169557125982,0,True,True,True,True
seq_0001,18,256,7,bitflip,,mantissa,0.001953125,"[0.001,0.01)",16,9.72747802734375e-05,0.00045871734619140625,0.00045871734619140625,True,0.0498046874745,0.08447265620675,0,True,True,True,True
seq_0002,31,64,0,numeric,1e-06,,0.0,"[0,1e-07)",16,0.0,0.0,0.0,False,0.0,0.0,0,False,False,False,False
seq_0002,31,64,0,numeric,1e-05,,0.0,"[0,1e-07)",16,0.0,0.0,0.0,False,0.0,0.0,0,False,False,False,False
seq_0002,31,64,0,numeric,0.0001,,0.0,"[0,1e-07)",16,0.0,0.0,0.0,False,0.0,0.0,0,False,False,False,False
seq_0002,31,64,0,numeric,0.001,,0.0,"[0,1e-07)",16,0.0,0.0,0.0,False,0.0,0.0,0,False,False,False,False
seq_0002,31,64,0,numeric,0.01,,0.015625,"[0.01,0.1)",16,0.0019311904907226562,0.0020933151245117188,0.0020933151245117188,True,0.12359619139833986,0.0966796874938125,0,True,True,True,True
seq_0002,31,64,0,numeric,0.1,,0.203125,"[0.1,1)",16,0.025107383728027344,0.028052806854248047,0.028052806854248047,True,0.12360558142967994,0.10288884089492616,0,True,True,True,True
seq_0002,31,64,0,bitflip,,sign,4.15625,"[1,10)",16,0.513735294342041,0.556786060333252,0.556786060333252,True,0.12360548435294254,0.09667475420727233,0,True,True,True,True
seq_0002,31,64,0,bitflip,,exponent,2.078125,"[1,10)",16,0.2568674087524414,0.2783932685852051,0.2783932685852051,True,0.12360536962517547,0.09667475420724905,0,True,True,True,True
seq_0002,31,64,0,bitflip,,mantissa,0.015625,"[0.01,0.1)",16,0.0019311904907226562,0.0020933151245117188,0.0020933151245117188,True,0.12359619139833986,0.0966796874938125,0,True,True,True,True
seq_0002,31,256,0,numeric,1e-06,,0.0,"[0,1e-07)",16,0.0,0.0,0.0,False,0.0,0.0,0,False,False,False,False
seq_0002,31,256,0,numeric,1e-05,,0.0,"[0,1e-07)",16,0.0,0.0,0.0,False,0.0,0.0,0,False,False,False,False
seq_0002,31,256,0,numeric,0.0001,,0.0,"[0,1e-07)",16,0.0,0.0,0.0,False,0.0,0.0,0,False,False,False,False
seq_0002,31,256,0,numeric,0.001,,0.0,"[0,1e-07)",16,0.0,0.0,0.0,False,0.0,0.0,0,False,False,False,False
seq_0002,31,256,0,numeric,0.01,,0.001953125,"[0.001,0.01)",16,0.00019025802612304688,0.00040459632873535156,0.00040459632873535156,True,0.09741210932512501,0.13949584953795313,0,True,True,True,True
seq_0002,31,256,0,numeric,0.1,,0.02734375,"[0.01,0.1)",16,0.002662181854248047,0.004909217357635498,0.004909217357635498,True,0.09735979352322513,0.1367231096490177,0,True,True,True,True
seq_0002,31,256,0,bitflip,,sign,0.5625,"[0.1,1)",16,0.05476808547973633,0.10099059343338013,0.10099059343338013,True,0.09736548529713594,0.13672574361141057,0,True,True,True,True
seq_0002,31,256,0,bitflip,,exponent,9.570441569651394e+37,"[10,inf)",16,9.318287864627476e+36,1.7182659085130387e+37,1.7182659085130387e+37,True,0.09736528661515978,0.13672571712070042,0,True,True,True,True
seq_0002,31,256,0,bitflip,,mantissa,0.001953125,"[0.001,0.01)",16,0.00019025802612304688,0.00040459632873535156,0.00040459632873535156,True,0.09741210932512501,0.13949584953795313,0,True,True,True,True
seq_0003,4,64,5,numeric,1e-06,,0.0,"[0,1e-07)",16,0.0,0.0,0.0,False,0.0,0.0,0,False,False,False,False
seq_0003,4,64,5,numeric,1e-05,,0.0,"[0,1e-07)",16,0.0,0.0,0.0,False,0.0,0.0,0,False,False,False,False
seq_0003,4,64,5,numeric,0.0001,,0.0,"[0,1e-07)",16,0.0,0.0,0.0,False,0.0,0.0,0,False,False,False,False
seq_0003,4,64,5,numeric,0.001,,0.0,"[0,1e-07)",16,0.0,0.0,0.0,False,0.0,0.0,0,False,False,False,False
seq_0003,4,64,5,numeric,0.01,,0.00390625,"[0.001,0.01)",16,0.0007174015045166016,0.0009603500366210938,0.0009603500366210938,True,0.18365478510923436,0.15264892574217187,0,True,True,True,True
seq_0003,4,64,5,numeric,0.1,,0.05859375,"[0.01,0.1)",16,0.010762691497802734,0.016831636428833008,0.016831636428833008,True,0.18368326822603182,0.16434733072636182,0,True,True,True,True
seq_0003,4,64,5,bitflip,,sign,1.1328125,"[1,10)",16,0.20807719230651855,0.32541418075561523,0.32541418075561523,True,0.1836819352773163,0.16434705010761352,0,True,True,True,True
seq_0003,4,64,5,bitflip,,exponent,1.927380593888128e+38,"[10,inf)",16,,2.2625669344077154e+37,2.2625669344077154e+37,False,,0.10496115848935883,1,True,True,True,True
seq_0003,4,64,5,bitflip,,mantissa,0.00390625,"[0.001,0.01)",16,0.0007176399230957031,0.001122117042541504,0.001122117042541504,True,0.18371582026546873,0.16442871089540623,0,True,True,True,True
seq_0003,4,256,5,numeric,1e-06,,0.0,"[0,1e-07)",16,0.0,0.0,0.0,False,0.0,0.0,0,False,False,False,False
seq_0003,4,256,5,numeric,1e-05,,0.0,"[0,1e-07)",16,0.0,0.0,0.0,False,0.0,0.0,0,False,False,False,False
seq_0003,4,256,5,numeric,0.0001,,0.0,"[0,1e-07)",16,0.0,0.0,0.0,False,0.0,0.0,0,False,False,False,False
seq_0003,4,256,5,numeric,0.001,,0.0,"[0,1e-07)",16,0.0,0.0,0.0,False,0.0,0.0,0,False,False,False,False
seq_0003,4,256,5,numeric,0.01,,0.0078125,"[0.001,0.01)",16,0.0006122589111328125,0.0019207000732421875,0.0019207000732421875,True,0.07836914061496875,0.07556152342782813,0,True,True,True,True
seq_0003,4,256,5,numeric,0.1,,0.08203125,"[0.01,0.1)",16,0.006429195404052734,0.02016592025756836,0.02016592025756836,True,0.07837495349606838,0.07561383928479251,0,True,True,True,True
seq_0003,4,256,5,bitflip,,sign,1.6484375,"[1,10)",16,0.1291971206665039,0.40523529052734375,0.40523529052734375,True,0.07837550448010648,0.07561359134325982,0,True,True,True,True
seq_0003,4,256,5,bitflip,,exponent,2.8046710711061725e+38,"[10,inf)",16,2.1981778898197227e+37,2.0045058508216737e+37,2.1981778898197227e+37,False,0.0783756039153908,0.05904065263214835,0,True,True,True,True
seq_0003,4,256,5,bitflip,,mantissa,0.00390625,"[0.001,0.01)",16,0.00030612945556640625,0.0009603500366210938,0.0009603500366210938,True,0.07836914060493749,0.075683593730625,0,True,True,True,True
seq_0004,18,64,1,numeric,1e-06,,0.0,"[0,1e-07)",16,0.0,0.0,0.0,False,0.0,0.0,0,False,False,False,False
seq_0004,18,64,1,numeric,1e-05,,0.0,"[0,1e-07)",16,0.0,0.0,0.0,False,0.0,0.0,0,False,False,False,False
seq_0004,18,64,1,numeric,0.0001,,0.0,"[0,1e-07)",16,0.0,0.0,0.0,False,0.0,0.0,0,False,False,False,False
seq_0004,18,64,1,numeric,0.001,,0.0,"[0,1e-07)",16,0.0,0.0,0.0,False,0.0,0.0,0,False,False,False,False
seq_0004,18,64,1,numeric,0.01,,0.001953125,"[0.001,0.01)",16,0.0002334117889404297,0.0003101825714111328,0.0003101825714111328,True,0.1195068358763125,0.064208984342125,0,True,True,True,True
seq_0004,18,64,1,numeric,0.1,,0.015625,"[0.01,0.1)",16,0.0018665790557861328,0.0024815797805786133,0.0024815797805786133,True,0.119461059562667,0.06423950194901368,0,True,True,True,True
seq_0004,18,64,1,bitflip,,sign,0.314453125,"[0.1,1)",16,0.03756523132324219,0.04994237422943115,0.04994237422943115,True,0.11946210209589339,0.06421959918457838,0,True,True,True,True
seq_0004,18,64,1,bitflip,,exponent,5.350142683034286e+37,"[10,inf)",16,6.391407492284617e+36,5.578627323110983e+36,6.391407492284617e+36,False,0.11946237457464941,0.0725060634731506,0,True,True,True,True
seq_0004,18,64,1,bitflip,,mantissa,0.0009765625,"[0.0001,0.001)",16,0.00011658668518066406,0.0001550912857055664,0.0001550912857055664,True,0.11938476550275,0.0639648436845,0,True,True,True,True
seq_0004,18,256,1,numeric,1e-06,,0.0,"[0,1e-07)",16,0.0,0.0,0.0,False,0.0,0.0,0,False,False,False,False
seq_0004,18,256,1,numeric,1e-05,,0.0,"[0,1e-07)",16,0.0,0.0,0.0,False,0.0,0.0,0,False,False,False,False
seq_0004,18,256,1,numeric,0.0001,,0.0,"[0,1e-07)",16,0.0,0.0,0.0,False,0.0,0.0,0,False,False,False,False
seq_0004,18,256,1,numeric,0.001,,0.0,"[0,1e-07)",16,0.0,0.0,0.0,False,0.0,0.0,0,False,False,False,False
seq_0004,18,256,1,numeric,0.01,,0.0001220703125,"[0.0001,0.001)",16,1.3589859008789062e-05,2.288818359375e-05,2.288818359375e-05,True,0.11132812408800001,0.127441405206,0,True,True,True,True
seq_0004,18,256,1,numeric,0.1,,0.00146484375,"[0.001,0.01)",16,0.0001628398895263672,0.0002713203430175781,0.0002713203430175781,True,0.11116536450744445,0.1277669269961111,0,True,True,True,True
seq_0004,18,256,1,bitflip,,sign,0.029296875,"[0.01,0.1)",16,0.003257274627685547,0.005421638488769531,0.005421638488769531,True,0.111181640621205,0.12774861653209785,0,True,True,True,True
seq_0004,18,256,1,bitflip,,exponent,4.9846049841934345e+36,"[10,inf)",16,5.5416827555616065e+35,9.224664103440695e+35,9.224664103440695e+35,True,0.11117596626281738,0.1277487834294637,0,True,True,True,True
seq_0004,18,256,1,bitflip,,mantissa,6.103515625e-05,"[1e-05,0.0001)",16,6.67572021484375e-06,1.1444091796875e-05,1.1444091796875e-05,True,0.10937499820800003,0.13281249782400004,0,False,False,False,False
seq_0005,31,64,1,numeric,1e-06,,0.0,"[0,1e-07)",16,0.0,0.0,0.0,False,0.0,0.0,0,False,False,False,False
seq_0005,31,64,1,numeric,1e-05,,0.0,"[0,1e-07)",16,0.0,0.0,0.0,False,0.0,0.0,0,False,False,False,False
seq_0005,31,64,1,numeric,0.0001,,0.0,"[0,1e-07)",16,0.0,0.0,0.0,False,0.0,0.0,0,False,False,False,False
seq_0005,31,64,1,numeric,0.001,,0.0,"[0,1e-07)",16,0.0,0.0,0.0,False,0.0,0.0,0,False,False,False,False
seq_0005,31,64,1,numeric,0.01,,0.0625,"[0.01,0.1)",16,0.00377655029296875,0.013810157775878906,0.013810157775878906,True,0.0604248046865332,0.07388305663944286,0,True,True,True,True
seq_0005,31,64,1,numeric,0.1,,0.71875,"[0.1,1)",16,0.04342842102050781,0.15882205963134766,0.15882205963134766,True,0.06042215098497029,0.07388703719419068,0,True,True,True,True
seq_0005,31,64,1,bitflip,,sign,14.3125,"[10,inf)",16,0.8647861480712891,3.162644863128662,3.162644863128662,True,0.06042173960322995,0.0738871212088854,0,True,True,True,True
seq_0005,31,64,1,bitflip,,exponent,7.15625,"[1,10)",16,0.43239307403564453,1.5813226699829102,1.5813226699829102,True,0.06042173960322573,0.07388712120888023,0,True,True,True,True
seq_0005,31,64,1,bitflip,,mantissa,0.03125,"[0.01,0.1)",16,0.001888275146484375,0.00690460205078125,0.00690460205078125,True,0.06042480468556641,0.07388305663826074,0,True,True,True,True
seq_0005,31,256,1,numeric,1e-06,,0.0,"[0,1e-07)",16,0.0,0.0,0.0,False,0.0,0.0,0,False,False,False,False
seq_0005,31,256,1,numeric,1e-05,,0.0,"[0,1e-07)",16,0.0,0.0,0.0,False,0.0,0.0,0,False,False,False,False
seq_0005,31,256,1,numeric,0.0001,,0.0,"[0,1e-07)",16,0.0,0.0,0.0,False,0.0,0.0,0,False,False,False,False
seq_0005,31,256,1,numeric,0.001,,0.0,"[0,1e-07)",16,0.0,0.0,0.0,False,0.0,0.0,0,False,False,False,False
seq_0005,31,256,1,numeric,0.01,,0.015625,"[0.01,0.1)",16,0.0002875328063964844,0.002740621566772461,0.002740621566772461,True,0.01840209960819727,0.06942749022993165,0,True,True,True,True
seq_0005,31,256,1,numeric,0.1,,0.21875,"[0.1,1)",16,0.004021644592285156,0.03836774826049805,0.03836774826049805,True,0.018384660993219528,0.06939697265593275,0,True,True,True,True
seq_0005,31,256,1,bitflip,,sign,4.5,"[1,10)",16,0.08273458480834961,0.7892801761627197,0.7892801761627197,True,0.018385463290740273,0.06939845614961565,0,True,True,True,True
seq_0005,31,256,1,bitflip,,exponent,2.25,"[1,10)",16,0.0413670539855957,0.3946402072906494,0.3946402072906494,True,0.01838535732692325,0.06939824422197437,0,True,True,True,True
seq_0005,31,256,1,bitflip,,mantissa,0.015625,"[0.01,0.1)",16,0.0002875328063964844,0.002740621566772461,0.002740621566772461,True,0.01840209960819727,0.06942749022993165,0,True,True,True,True
seq_0006,4,64,4,numeric,1e-06,,0.0,"[0,1e-07)",16,0.0,0.0,0.0,False,0.0,0.0,0,False,False,False,False
seq_0006,4,64,4,numeric,1e-05,,0.0,"[0,1e-07)",16,0.0,0.0,0.0,False,0.0,0.0,0,False,False,False,False
seq_0006,4,64,4,numeric,0.0001,,0.0,"[0,1e-07)",16,0.0,0.0,0.0,False,0.0,0.0,0,False,False,False,False
seq_0006,4,64,4,numeric,0.001,,0.0,"[0,1e-07)",16,0.0,0.0,0.0,False,0.0,0.0,0,False,False,False,False
seq_0006,4,64,4,numeric,0.01,,6.103515625e-05,"[1e-05,0.0001)",16,4.76837158203125e-06,1.2874603271484375e-05,1.2874603271484375e-05,True,0.07812499872000003,0.12499999795200004,0,False,False,False,False
seq_0006,4,64,4,numeric,0.1,,0.00067138671875,"[0.0001,0.001)",16,5.4836273193359375e-05,0.00014448165893554688,0.00014448165893554688,True,0.08167613624198347,0.12286931799880992,0,True,True,True,True
seq_0006,4,64,4,bitflip,,sign,0.013671875,"[0.01,0.1)",16,0.0011138916015625,0.002945423126220703,0.002945423126220703,True,0.0814732142797551,0.12290736606243877,0,True,True,True,True
seq_0006,4,64,4,bitflip,,exponent,2.3261489926236028e+36,"[10,inf)",16,1.8954161343324406e+35,5.011608714963984e+35,5.011608714963984e+35,True,0.08148300647735596,0.12291504655565534,0,True,True,True,True
seq_0006,4,64,4,bitflip,,mantissa,3.0517578125e-05,"[1e-05,0.0001)",16,2.86102294921875e-06,6.67572021484375e-06,6.67572021484375e-06,True,0.0937499969280001,0.12499999590400013,0,False,False,False,False
seq_0006,4,256,4,numeric,1e-06,,0.0,"[0,1e-07)",16,0.0,0.0,0.0,False,0.0,0.0,0,False,False,False,False
seq_0006,4,256,4,numeric,1e-05,,0.0,"[0,1e-07)",16,0.0,0.0,0.0,False,0.0,0.0,0,False,False,False,False
seq_0006,4,256,4,numeric,0.0001,,0.0,"[0,1e-07)",16,0.0,0.0,0.0,False,0.0,0.0,0,False,False,False,False
seq_0006,4,256,4,numeric,0.001,,0.0,"[0,1e-07)",16,0.0,0.0,0.0,False,0.0,0.0,0,False,False,False,False
seq_0006,4,256,4,numeric,0.01,,0.0078125,"[0.001,0.01)",16,0.0009872913360595703,0.0021255016326904297,0.0021255016326904297,True,0.12637329099944922,0.10357666014299219,0,True,True,True,True
seq_0006,4,256,4,numeric,0.1,,0.07421875,"[0.01,0.1)",16,0.009378910064697266,0.020192861557006836,0.020192861557006836,True,0.12636847244895524,0.10357987253149913,0,True,True,True,True
seq_0006,4,256,4,bitflip,,sign,1.4765625,"[1,10)",16,0.18658995628356934,0.40172886848449707,0.40172886848449707,True,0.12636780108085024,0.10358005099819373,0,True,True,True,True
seq_0006,4,256,4,bitflip,,exponent,2.512240912033491e+38,"[10,inf)",16,,2.9491389224672067e+37,2.9491389224672067e+37,False,,0.08286407511070291,4,True,True,True,True
seq_0006,4,256,4,bitflip,,mantissa,0.00390625,"[0.001,0.01)",16,0.0004937648773193359,0.0010628700256347656,0.0010628700256347656,True,0.1264038085613906,0.10357666012973436,0,True,True,True,True
seq_0007,18,64,7,numeric,1e-06,,0.0,"[0,1e-07)",16,0.0,0.0,0.0,False,0.0,0.0,0,False,False,False,False
seq_0007,18,64,7,numeric,1e-05,,0.0,"[0,1e-07)",16,0.0,0.0,0.0,False,0.0,0.0,0,False,False,False,False
seq_0007,18,64,7,numeric,0.0001,,0.0,"[0,1e-07)",16,0.0,0.0,0.0,False,0.0,0.0,0,False,False,False,False
seq_0007,18,64,7,numeric,0.001,,0.0,"[0,1e-07)",16,0.0,0.0,0.0,False,0.0,0.0,0,False,False,False,False
seq_0007,18,64,7,numeric,0.01,,0.0625,"[0.01,0.1)",16,0.014328598976135254,0.016572952270507812,0.016572952270507812,True,0.2292575836144959,0.21268463134425328,0,True,True,True,True
seq_0007,18,64,7,numeric,0.1,,0.5,"[0.1,1)",16,0.11462867259979248,0.1325826644897461,0.1325826644897461,True,0.22925734519912647,0.2126846313472309,0,True,True,True,True
seq_0007,18,64,7,bitflip,,sign,9.9375,"[1,10)",16,2.2782442569732666,2.635077953338623,2.635077953338623,True,0.2292572837205572,0.21268443941318124,0,True,True,True,True
seq_0007,18,64,7,bitflip,,exponent,4.96875,"[1,10)",16,1.1391220092773438,1.3175389766693115,1.3175389766693115,True,0.22925725972872743,0.21268446340496652,0,True,True,True,True
seq_0007,18,64,7,bitflip,,mantissa,0.03125,"[0.01,0.1)",16,0.007164359092712402,0.008286476135253906,0.008286476135253906,True,0.22925949095946058,0.21268081664358485,0,True,True,True,True
seq_0007,18,256,7,numeric,1e-06,,0.0,"[0,1e-07)",16,0.0,0.0,0.0,False,0.0,0.0,0,False,False,False,False
seq_0007,18,256,7,numeric,1e-05,,0.0,"[0,1e-07)",16,0.0,0.0,0.0,False,0.0,0.0,0,False,False,False,False
seq_0007,18,256,7,numeric,0.0001,,0.0,"[0,1e-07)",16,0.0,0.0,0.0,False,0.0,0.0,0,False,False,False,False
seq_0007,18,256,7,numeric,0.001,,0.0,"[0,1e-07)",16,0.0,0.0,0.0,False,0.0,0.0,0,False,False,False,False
seq_0007,18,256,7,numeric,0.01,,0.0009765625,"[0.0001,0.001)",16,0.0001659393310546875,0.00029659271240234375,0.00029659271240234375,True,0.169921874826,0.1137695311335,0,True,True,True,True
seq_0007,18,256,7,numeric,0.1,,0.0126953125,"[0.01,0.1)",16,0.002156496047973633,0.003857135772705078,0.003857135772705078,True,0.16986553484238906,0.11393855167371746,0,True,True,True,True
seq_0007,18,256,7,bitflip,,sign,0.25390625,"[0.1,1)",16,0.043131351470947266,0.07714557647705078,0.07714557647705078,True,0.1698711688695233,0.11393761267983973,0,True,True,True,True
seq_0007,18,256,7,bitflip,,exponent,4.319990986300977e+37,"[10,inf)",16,7.33842742324532e+36,1.3125642215846757e+37,1.3125642215846757e+37,True,0.1698713596050556,0.11393810418935922,0,True,True,True,True
seq_0007,18,256,7,bitflip,,mantissa,0.0009765625,"[0.0001,0.001)",16,0.0001659393310546875,0.0002968311309814453,0.0002968311309814453,True,0.169921874826,0.11401367175825,0,True,True,True,True
seq_0008,31,64,0,numeric,1e-06,,0.0,"[0,1e-07)",16,0.0,0.0,0.0,False,0.0,0.0,0,False,False,False,False
seq_0008,31,64,0,numeric,1e-05,,0.0,"[0,1e-07)",16,0.0,0.0,0.0,False,0.0,0.0,0,False,False,False,False
seq_0008,31,64,0,numeric,0.0001,,0.0,"[0,1e-07)",16,0.0,0.0,0.0,False,0.0,0.0,0,False,False,False,False
seq_0008,31,64,0,numeric,0.001,,0.0,"[0,1e-07)",16,0.0,0.0,0.0,False,0.0,0.0,0,False,False,False,False
seq_0008,31,64,0,numeric,0.01,,0.0078125,"[0.001,0.01)",16,0.0014891624450683594,0.0014891624450683594,0.0014891624450683594,False,0.19061279294435154,0.06835937499125,0,True,True,True,True
seq_0008,31,64,0,numeric,0.1,,0.08203125,"[0.01,0.1)",16,0.015634536743164062,0.015634536743164062,0.015634536743164062,False,0.19059244791434324,0.06835937499916667,0,True,True,True,True
seq_0008,31,64,0,bitflip,,sign,1.6796875,"[1,10)",16,0.3201279640197754,0.3201274871826172,0.3201279640197754,False,0.1905878111372412,0.06836278161333138,0,True,True,True,True
seq_0008,31,64,0,bitflip,,exponent,2.857840190937569e+38,"[10,inf)",16,,2.249716760273202e+37,2.249716760273202e+37,False,,0.07872087345566861,15,True,True,True,True
seq_0008,31,64,0,bitflip,,mantissa,0.00390625,"[0.001,0.01)",16,0.0007448196411132812,0.0007448196411132812,0.0007448196411132812,False,0.1906738280761875,0.0683593749825,0,True,True,True,True
seq_0008,31,256,0,numeric,1e-06,,0.0,"[0,1e-07)",16,0.0,0.0,0.0,False,0.0,0.0,0,False,False,False,False
seq_0008,31,256,0,numeric,1e-05,,0.0,"[0,1e-07)",16,0.0,0.0,0.0,False,0.0,0.0,0,False,False,False,False
seq_0008,31,256,0,numeric,0.0001,,0.0,"[0,1e-07)",16,0.0,0.0,0.0,False,0.0,0.0,0,False,False,False,False
seq_0008,31,256,0,numeric,0.001,,0.0,"[0,1e-07)",16,0.0,0.0,0.0,False,0.0,0.0,0,False,False,False,False
seq_0008,31,256,0,numeric,0.01,,0.03125,"[0.01,0.1)",16,0.003970623016357422,0.00940847396850586,0.00940847396850586,True,0.12705993651937159,0.1795387268008954,0,True,True,True,True
seq_0008,31,256,0,numeric,0.1,,0.234375,"[0.1,1)",16,0.02977919578552246,0.07056403160095215,0.07056403160095215,True,0.12705790201768705,0.17953898111902564,0,True,True,True,True
seq_0008,31,256,0,bitflip,,sign,4.75,"[1,10)",16,0.6035266518592834,1.430095911026001,1.430095911026001,True,0.1270582424966645,0.17953883974171925,0,True,True,True,True
seq_0008,31,256,0,bitflip,,exponent,2.375,"[1,10)",16,0.30176329612731934,0.7150478363037109,0.7150478363037109,True,0.12705822994829147,0.17953882719333517,0,True,True,True,True
seq_0008,31,256,0,bitflip,,mantissa,0.015625,"[0.01,0.1)",16,0.001985311508178711,0.00470423698425293,0.00470423698425293,True,0.12705993651530567,0.17953491209788477,0,True,True,True,True
seq_0009,4,64,5,numeric,1e-06,,0.0,"[0,1e-07)",16,0.0,0.0,0.0,False,0.0,0.0,0,False,False,False,False
seq_0009,4,64,5,numeric,1e-05,,0.0,"[0,1e-07)",16,0.0,0.0,0.0,False,0.0,0.0,0,False,False,False,False
seq_0009,4,64,5,numeric,0.0001,,0.0,"[0,1e-07)",16,0.0,0.0,0.0,False,0.0,0.0,0,False,False,False,False
seq_0009,4,64,5,numeric,0.001,,0.0,"[0,1e-07)",16,0.0,0.0,0.0,False,0.0,0.0,0,False,False,False,False
seq_0009,4,64,5,numeric,0.01,,0.00390625,"[0.001,0.01)",16,0.00040459632873535156,0.0005395412445068359,0.0005395412445068359,True,0.10357666012973436,0.09667968747524999,0,True,True,True,True
seq_0009,4,64,5,numeric,0.1,,0.05078125,"[0.01,0.1)",16,0.00525975227355957,0.0070133209228515625,0.0070133209228515625,True,0.10357666015421034,0.09667499248607701,0,True,True,True,True
seq_0009,4,64,5,bitflip,,sign,1.03125,"[1,10)",16,0.10681676864624023,0.14242267608642578,0.14242267608642578,True,0.10357989686898099,0.0966748324306591,0,True,True,True,True
seq_0009,4,64,5,bitflip,,exponent,1.754580954436089e+38,"[10,inf)",16,1.8173965657460664e+37,1.5871929914554602e+37,1.8173965657460664e+37,False,0.10358009193882797,0.08251880876945727,0,True,True,True,True
seq_0009,4,64,5,bitflip,,mantissa,0.00390625,"[0.001,0.01)",16,0.00040459632873535156,0.0005393028259277344,0.0005393028259277344,True,0.10357666012973436,0.09667968747524999,0,True,True,True,True
seq_0009,4,256,5,numeric,1e-06,,0.0,"[0,1e-07)",16,0.0,0.0,0.0,False,0.0,0.0,0,False,False,False,False
seq_0009,4,256,5,numeric,1e-05,,0.0,"[0,1e-07)",16,0.0,0.0,0.0,False,0.0,0.0,0,False,False,False,False
seq_0009,4,256,5,numeric,0.0001,,0.0,"[0,1e-07)",16,0.0,0.0,0.0,False,0.0,0.0,0,False,False,False,False
seq_0009,4,256,5,numeric,0.001,,0.0,"[0,1e-07)",16,0.0,0.0,0.0,False,0.0,0.0,0,False,False,False,False
seq_0009,4,256,5,numeric,0.01,,0.015625,"[0.01,0.1)",16,0.006300926208496094,0.009797096252441406,0.009797096252441406,True,0.4032592773179414,0.4640350341499893,0,True,True,True,True
seq_0009,4,256,5,numeric,0.1,,0.140625,"[0.1,1)",16,0.056710243225097656,0.08817243576049805,0.08817243576049805,True,0.4032728407089378,0.46403842501840153,0,True,True,True,True
seq_0009,4,256,5,bitflip,,sign,2.875,"[1,10)",16,1.1594066619873047,1.8026390075683594,1.8026390075683594,True,0.40327188243022655,0.4640387659485903,0,True,True,True,True
seq_0009,4,256,5,bitflip,,exponent,,nonfinite,16,,0.0,,False,,,16,True,True,True,True
seq_0009,4,256,5,bitflip,,mantissa,0.0078125,"[0.001,0.01)",16,0.003150463104248047,0.004898548126220703,0.004898548126220703,True,0.4032592772921328,0.4640502929093515,0,True,True,True,True
seq_0010,18,64,1,numeric,1e-06,,0.0,"[0,1e-07)",16,0.0,0.0,0.0,False,0.0,0.0,0,False,False,False,False
seq_0010,18,64,1,numeric,1e-05,,0.0,"[0,1e-07)",16,0.0,0.0,0.0,False,0.0,0.0,0,False,False,False,False
seq_0010,18,64,1,numeric,0.0001,,0.0,"[0,1e-07)",16,0.0,0.0,0.0,False,0.0,0.0,0,False,False,False,False
seq_0010,18,64,1,numeric,0.001,,0.0,"[0,1e-07)",16,0.0,0.0,0.0,False,0.0,0.0,0,False,False,False,False
seq_0010,18,64,1,numeric,0.01,,0.03125,"[0.01,0.1)",16,0.004013538360595703,0.0054378509521484375,0.0054378509521484375,True,0.12843322753495265,0.12016296386334228,0,True,True,True,True
seq_0010,18,64,1,numeric,0.1,,0.25,"[0.1,1)",16,0.032109737396240234,0.043503761291503906,0.043503761291503906,True,0.12843894958444718,0.12015342712354284,0,True,True,True,True
seq_0010,18,64,1,bitflip,,sign,5.0,"[1,10)",16,0.6421966552734375,0.8700728416442871,0.8700728416442871,True,0.12843933105466182,0.1201529502868412,0,True,True,True,True
seq_0010,18,64,1,bitflip,,exponent,2.5,"[1,10)",16,0.32109832763671875,0.43503665924072266,0.43503665924072266,True,0.12843933105463612,0.12015304565424881,0,True,True,True,True
seq_0010,18,64,1,bitflip,,mantissa,0.015625,"[0.01,0.1)",16,0.002007007598876953,0.0027189254760742188,0.0027189254760742188,True,0.1284484863199043,0.12014770507043555,0,True,True,True,True
seq_0010,18,256,1,numeric,1e-06,,0.0,"[0,1e-07)",16,0.0,0.0,0.0,False,0.0,0.0,0,False,False,False,False
seq_0010,18,256,1,numeric,1e-05,,0.0,"[0,1e-07)",16,0.0,0.0,0.0,False,0.0,0.0,0,False,False,False,False
seq_0010,18,256,1,numeric,0.0001,,0.0,"[0,1e-07)",16,0.0,0.0,0.0,False,0.0,0.0,0,False,False,False,False
seq_0010,18,256,1,numeric,0.001,,0.0,"[0,1e-07)",16,0.0,0.0,0.0,False,0.0,0.0,0,False,False,False,False
seq_0010,18,256,1,numeric,0.01,,0.015625,"[0.01,0.1)",16,0.0014023780822753906,0.0028484463691711426,0.0028484463691711426,True,0.08975219725988087,0.08976936339757507,0,True,True,True,True
seq_0010,18,256,1,numeric,0.1,,0.171875,"[0.1,1)",16,0.015429019927978516,0.031332969665527344,0.031332969665527344,True,0.08976884321680725,0.08976936340279802,0,True,True,True,True
seq_0010,18,256,1,bitflip,,sign,3.390625,"[1,10)",16,0.30437421798706055,0.6181142330169678,0.6181142330169678,True,0.08976935461366879,0.08976944250991915,0,True,True,True,True
seq_0010,18,256,1,bitflip,,exponent,,nonfinite,16,,0.0,,False,,,16,True,True,True,True
seq_0010,18,256,1,bitflip,,mantissa,0.0078125,"[0.001,0.01)",16,0.0007014274597167969,0.0014242231845855713,0.0014242231845855713,True,0.0897827148322578,0.0897827148322578,0,True,True,True,True
seq_0011,31,64,1,numeric,1e-06,,0.0,"[0,1e-07)",16,0.0,0.0,0.0,False,0.0,0.0,0,False,False,False,False
seq_0011,31,64,1,numeric,1e-05,,0.0,"[0,1e-07)",16,0.0,0.0,0.0,False,0.0,0.0,0,False,False,False,False
seq_0011,31,64,1,numeric,0.0001,,0.0,"[0,1e-07)",16,0.0,0.0,0.0,False,0.0,0.0,0,False,False,False,False
seq_0011,31,64,1,numeric,0.001,,0.0,"[0,1e-07)",16,0.0,0.0,0.0,False,0.0,0.0,0,False,False,False,False
seq_0011,31,64,1,numeric,0.01,,0.0009765625,"[0.0001,0.001)",16,0.00013875961303710938,0.00016641616821289062,0.00016641616821289062,True,0.1420898436045,0.1040039061435,0,True,True,True,True
seq_0011,31,64,1,numeric,0.1,,0.00830078125,"[0.001,0.01)",16,0.0011868476867675781,0.0014162063598632812,0.0014162063598632812,True,0.14298023895336331,0.10282628675231834,0,True,True,True,True
seq_0011,31,64,1,bitflip,,sign,0.1611328125,"[0.1,1)",16,0.02303171157836914,0.027482986450195312,0.027482986450195312,True,0.14293619791577958,0.09805575284030055,0,True,True,True,True
seq_0011,31,64,1,bitflip,,exponent,2.741532741306389e+37,"[10,inf)",16,3.918761507307689e+36,4.6760100235497747e+36,4.6760100235497747e+36,True,0.14294053279992305,0.10288956382057883,0,True,True,True,True
seq_0011,31,64,1,bitflip,,mantissa,0.00048828125,"[0.0001,0.001)",16,6.914138793945312e-05,8.296966552734375e-05,8.296966552734375e-05,True,0.14160156221,0.104492187286,0,True,True,True,True
seq_0011,31,256,1,numeric,1e-06,,0.0,"[0,1e-07)",16,0.0,0.0,0.0,False,0.0,0.0,0,False,False,False,False
seq_0011,31,256,1,numeric,1e-05,,0.0,"[0,1e-07)",16,0.0,0.0,0.0,False,0.0,0.0,0,False,False,False,False
seq_0011,31,256,1,numeric,0.0001,,0.0,"[0,1e-07)",16,0.0,0.0,0.0,False,0.0,0.0,0,False,False,False,False
seq_0011,31,256,1,numeric,0.001,,0.0,"[0,1e-07)",16,0.0,0.0,0.0,False,0.0,0.0,0,False,False,False,False
seq_0011,31,256,1,numeric,0.01,,0.00390625,"[0.001,0.01)",16,0.00044536590576171875,0.0007829666137695312,0.0007829666137695312,True,0.11401367184581249,0.11401367184581249,0,True,True,True,True
seq_0011,31,256,1,numeric,0.1,,0.03515625,"[0.01,0.1)",16,0.004005908966064453,0.0070400238037109375,0.0070400238037109375,True,0.1139458550314811,0.1139458550314811,0,True,True,True,True
seq_0011,31,256,1,bitflip,,sign,0.70703125,"[0.1,1)",16,0.08055782318115234,0.1415863037109375,0.1415863037109375,True,0.11393813665384438,0.11393813665384438,0,True,True,True,True
seq_0011,31,256,1,bitflip,,exponent,1.2029513361853489e+38,"[10,inf)",16,1.3706199570088681e+37,2.4089684092883137e+37,2.4089684092883137e+37,True,0.11393810504049227,0.11393810504049227,0,True,True,True,True
seq_0011,31,256,1,bitflip,,mantissa,0.001953125,"[0.001,0.01)",16,0.00022268295288085938,0.0003910064697265625,0.0003910064697265625,True,0.114013671816625,0.114013671816625,0,True,True,True,True
seq_0012,4,64,4,numeric,1e-06,,0.0,"[0,1e-07)",16,0.0,0.0,0.0,False,0.0,0.0,0,False,False,False,False
seq_0012,4,64,4,numeric,1e-05,,0.0,"[0,1e-07)",16,0.0,0.0,0.0,False,0.0,0.0,0,False,False,False,False
seq_0012,4,64,4,numeric,0.0001,,0.0,"[0,1e-07)",16,0.0,0.0,0.0,False,0.0,0.0,0,False,False,False,False
seq_0012,4,64,4,numeric,0.001,,0.0,"[0,1e-07)",16,0.0,0.0,0.0,False,0.0,0.0,0,False,False,False,False
seq_0012,4,64,4,numeric,0.01,,0.00390625,"[0.001,0.01)",16,0.0006635189056396484,0.0012084245681762695,0.0012084245681762695,True,0.16986083980026562,0.18230056758028415,0,True,True,True,True
seq_0012,4,64,4,numeric,0.1,,0.033203125,"[0.01,0.1)",16,0.005640268325805664,0.009079426527023315,0.009079426527023315,True,0.16987161074856033,0.17401459637286112,0,True,True,True,True
seq_0012,4,64,4,bitflip,,sign,0.66796875,"[0.1,1)",16,0.11346864700317383,0.2066422700881958,0.2066422700881958,True,0.1698711908349065,0.18230096917376082,0,True,True,True,True
seq_0012,4,64,4,bitflip,,exponent,1.136489936396103e+38,"[10,inf)",16,1.9305708901537224e+37,2.840921365436563e+37,2.840921365436563e+37,True,0.1698713581464444,0.1836820345873024,4,True,True,True,True
seq_0012,4,64,4,bitflip,,mantissa,0.001953125,"[0.001,0.01)",16,0.0003317594528198242,0.0006042122840881348,0.0006042122840881348,True,0.16986083975678126,0.18230056753361523,0,True,True,True,True
seq_0012,4,256,4,numeric,1e-06,,0.0,"[0,1e-07)",16,0.0,0.0,0.0,False,0.0,0.0,0,False,False,False,False
seq_0012,4,256,4,numeric,1e-05,,0.0,"[0,1e-07)",16,0.0,0.0,0.0,False,0.0,0.0,0,False,False,False,False
seq_0012,4,256,4,numeric,0.0001,,0.0,"[0,1e-07)",16,0.0,0.0,0.0,False,0.0,0.0,0,False,False,False,False
seq_0012,4,256,4,numeric,0.001,,0.0,"[0,1e-07)",16,0.0,0.0,0.0,False,0.0,0.0,0,False,False,False,False
seq_0012,4,256,4,numeric,0.01,,0.0009765625,"[0.0001,0.001)",16,9.226799011230469e-05,0.00017404556274414062,0.00017404556274414062,True,0.09448242177825,0.10424804676825,0,True,True,True,True
seq_0012,4,256,4,numeric,0.1,,0.00927734375,"[0.001,0.01)",16,0.0008780956268310547,0.001652836799621582,0.001652836799621582,True,0.0946494654503241,0.10426089637034072,0,True,True,True,True
seq_0012,4,256,4,bitflip,,sign,0.18359375,"[0.1,1)",16,0.017368555068969727,0.03270864486694336,0.03270864486694336,True,0.09460319356663896,0.10427142204065545,0,True,True,True,True
seq_0012,4,256,4,bitflip,,exponent,3.1236857900945523e+37,"[10,inf)",16,2.955105246782241e+36,5.565088814700546e+36,5.565088814700546e+36,True,0.09460315298526845,0.10427063069445022,0,True,True,True,True
seq_0012,4,256,4,bitflip,,mantissa,0.00048828125,"[0.0001,0.001)",16,4.673004150390625e-05,8.702278137207031e-05,8.702278137207031e-05,True,0.095703124804,0.10400390603700001,0,True,True,True,True
seq_0013,18,64,7,numeric,1e-06,,0.0,"[0,1e-07)",16,0.0,0.0,0.0,False,0.0,0.0,0,False,False,False,False
seq_0013,18,64,7,numeric,1e-05,,0.0,"[0,1e-07)",16,0.0,0.0,0.0,False,0.0,0.0,0,False,False,False,False
seq_0013,18,64,7,numeric,0.0001,,0.0,"[0,1e-07)",16,0.0,0.0,0.0,False,0.0,0.0,0,False,False,False,False
seq_0013,18,64,7,numeric,0.001,,0.0,"[0,1e-07)",16,0.0,0.0,0.0,False,0.0,0.0,0,False,False,False,False
seq_0013,18,64,7,numeric,0.01,,0.015625,"[0.01,0.1)",16,0.0009548664093017578,0.00244903564453125,0.00244903564453125,True,0.06111145019140137,0.11120605468038282,0,True,True,True,True
seq_0013,18,64,7,numeric,0.1,,0.1953125,"[0.1,1)",16,0.011935949325561523,0.03061532974243164,0.03061532974243164,True,0.061112060546562104,0.11117675781193077,0,True,True,True,True
seq_0013,18,64,7,bitflip,,sign,3.890625,"[1,10)",16,0.23776483535766602,0.6098599433898926,0.6098599433898926,True,0.06111224683890246,0.11117614991212002,0,True,True,True,True
seq_0013,18,64,7,bitflip,,exponent,,nonfinite,16,,0.0,,False,,,16,True,True,True,True
seq_0013,18,64,7,bitflip,,mantissa,0.0078125,"[0.001,0.01)",16,0.0004773139953613281,0.001224517822265625,0.001224517822265625,True,0.061096191398429686,0.11120605467326562,0,True,True,True,True
seq_0013,18,256,7,numeric,1e-06,,0.0,"[0,1e-07)",16,0.0,0.0,0.0,False,0.0,0.0,0,False,False,False,False
seq_0013,18,256,7,numeric,1e-05,,0.0,"[0,1e-07)",16,0.0,0.0,0.0,False,0.0,0.0,0,False,False,False,False
seq_0013,18,256,7,numeric,0.0001,,0.0,"[0,1e-07)",16,0.0,0.0,0.0,False,0.0,0.0,0,False,False,False,False
seq_0013,18,256,7,numeric,0.001,,0.0,"[0,1e-07)",16,0.0,0.0,0.0,False,0.0,0.0,0,False,False,False,False
seq_0013,18,256,7,numeric,0.01,,0.0078125,"[0.001,0.01)",16,0.0005965232849121094,0.0010356903076171875,0.0010356903076171875,True,0.07635498045897655,0.07733154295885156,0,True,True,True,True
seq_0013,18,256,7,numeric,0.1,,0.07421875,"[0.01,0.1)",16,0.0056629180908203125,0.009840011596679688,0.009840011596679688,True,0.07630037006476142,0.07734118009764214,0,True,True,True,True
seq_0013,18,256,7,bitflip,,sign,1.4453125,"[1,10)",16,0.11028337478637695,0.19162321090698242,0.19162321090698242,True,0.07630417282511612,0.07733979096278432,0,True,True,True,True
seq_0013,18,256,7,bitflip,,exponent,2.4590717922020944e+38,"[10,inf)",16,1.876370206969884e+37,2.954646357264958e+37,2.954646357264958e+37,True,0.07630400271029086,0.08769780751821157,1,True,True,True,True
seq_0013,18,256,7,bitflip,,mantissa,0.00390625,"[0.001,0.01)",16,0.00029850006103515625,0.0005178451538085938,0.0005178451538085938,True,0.0764160156054375,0.082519531228875,0,True,True,True,True
seq_0014,31,64,0,numeric,1e-06,,0.0,"[0,1e-07)",16,0.0,0.0,0.0,False,0.0,0.0,0,False,False,False,False
seq_0014,31,64,0,numeric,1e-05,,0.0,"[0,1e-07)",16,0.0,0.0,0.0,False,0.0,0.0,0,False,False,False,False
seq_0014,31,64,0,numeric,0.0001,,0.0,"[0,1e-07)",16,0.0,0.0,0.0,False,0.0,0.0,0,False,False,False,False
seq_0014,31,64,0,numeric,0.001,,0.0,"[0,1e-07)",16,0.0,0.0,0.0,False,0.0,0.0,0,False,False,False,False
seq_0014,31,64,0,numeric,0.01,,0.0078125,"[0.001,0.01)",16,0.0021364688873291016,0.002255082130432129,0.002255082130432129,True,0.27346801754312106,0.24444580074996092,0,True,True,True,True
seq_0014,31,64,0,numeric,0.1,,0.0625,"[0.01,0.1)",16,0.017090797424316406,0.018040180206298828,0.018040180206298828,True,0.2734527587846872,0.24444580077733885,0,True,True,True,True
seq_0014,31,64,0,bitflip,,sign,1.2734375,"[1,10)",16,0.3482232093811035,0.36756908893585205,0.36756908893585205,True,0.27345135460580516,0.24444917082036016,0,True,True,True,True
seq_0014,31,64,0,bitflip,,exponent,2.166641633129413e+38,"[10,inf)",16,,0.0,,False,,,16,True,True,True,True
seq_0014,31,64,0,bitflip,,mantissa,0.00390625,"[0.001,0.01)",16,0.001068115234375,0.001127481460571289,0.001127481460571289,True,0.27343749993,0.24450683587490624,0,True,True,True,True
seq_0014,31,256,0,numeric,1e-06,,0.0,"[0,1e-07)",16,0.0,0.0,0.0,False,0.0,0.0,0,False,False,False,False
seq_0014,31,256,0,numeric,1e-05,,0.0,"[0,1e-07)",16,0.0,0.0,0.0,False,0.0,0.0,0,False,False,False,False
seq_0014,31,256,0,numeric,0.0001,,0.0,"[0,1e-07)",16,0.0,0.0,0.0,False,0.0,0.0,0,False,False,False,False
seq_0014,31,256,0,numeric,0.001,,0.0,"[0,1e-07)",16,0.0,0.0,0.0,False,0.0,0.0,0,False,False,False,False
seq_0014,31,256,0,numeric,0.01,,0.0078125,"[0.001,0.01)",16,0.002481698989868164,0.0022226572036743164,0.002481698989868164,False,0.3176574706624648,0.17541503904004688,0,True,True,True,True
seq_0014,31,256,0,numeric,0.1,,0.07421875,"[0.01,0.1)",16,0.023575305938720703,0.021115243434906006,0.023575305938720703,False,0.3176462273805885,0.17539576480026833,0,True,True,True,True
seq_0014,31,256,0,bitflip,,sign,1.453125,"[1,10)",16,0.4615788459777832,0.4134138822555542,0.4615788459777832,False,0.317645657446858,0.17539567844829998,0,True,True,True,True
seq_0014,31,256,0,bitflip,,exponent,2.4723640721599435e+38,"[10,inf)",16,,2.9876899519309874e+37,2.9876899519309874e+37,False,,0.08113773920202769,2,True,True,True,True
seq_0014,31,256,0,bitflip,,mantissa,0.00390625,"[0.001,0.01)",16,0.0012407302856445312,0.0011113286018371582,0.0012407302856445312,False,0.3176269530436875,0.17541503901759373,0,True,True,True,True
seq_0015,4,64,5,numeric,1e-06,,0.0,"[0,1e-07)",16,0.0,0.0,0.0,False,0.0,0.0,0,False,False,False,False
seq_0015,4,64,5,numeric,1e-05,,0.0,"[0,1e-07)",16,0.0,0.0,0.0,False,0.0,0.0,0,False,False,False,False
seq_0015,4,64,5,numeric,0.0001,,0.0,"[0,1e-07)",16,0.0,0.0,0.0,False,0.0,0.0,0,False,False,False,False
seq_0015,4,64,5,numeric,0.001,,0.0,"[0,1e-07)",16,0.0,0.0,0.0,False,0.0,0.0,0,False,False,False,False
seq_0015,4,64,5,numeric,0.01,,0.0625,"[0.01,0.1)",16,0.0007658004760742188,0.0007715225219726562,0.0007715225219726562,True,0.012252807616991454,0.010101318359213378,0,True,True,True,True
seq_0015,4,64,5,numeric,0.1,,0.46875,"[0.1,1)",16,0.005745410919189453,0.005785942077636719,0.005785942077636719,True,0.012256876627578019,0.010099283854145122,0,True,True,True,True
seq_0015,4,64,5,bitflip,,sign,9.5,"[1,10)",16,0.11644124984741211,0.11726140975952148,0.11726140975952148,True,0.012256973668147353,0.010099059657045606,0,True,True,True,True
seq_0015,4,64,5,bitflip,,exponent,4.75,"[1,10)",16,0.05822038650512695,0.05863046646118164,0.05863046646118164,True,0.012256923474760989,0.010099109850429618,0,True,True,True,True
seq_0015,4,64,5,bitflip,,mantissa,0.03125,"[0.01,0.1)",16,0.0003833770751953125,0.0003857612609863281,0.0003857612609863281,True,0.012268066405857422,0.010101318359051759,0,True,True,True,True
seq_0015,4,256,5,numeric,1e-06,,0.0,"[0,1e-07)",16,0.0,0.0,0.0,False,0.0,0.0,0,False,False,False,False
seq_0015,4,256,5,numeric,1e-05,,0.0,"[0,1e-07)",16,0.0,0.0,0.0,False,0.0,0.0,0,False,False,False,False
seq_0015,4,256,5,numeric,0.0001,,0.0,"[0,1e-07)",16,0.0,0.0,0.0,False,0.0,0.0,0,False,False,False,False
seq_0015,4,256,5,numeric,0.001,,0.0,"[0,1e-07)",16,0.0,0.0,0.0,False,0.0,0.0,0,False,False,False,False
seq_0015,4,256,5,numeric,0.01,,0.001953125,"[0.001,0.01)",16,0.0001697540283203125,0.0004100799560546875,0.0004100799560546875,True,0.0869140624555,0.09802246088731251,0,True,True,True,True
seq_0015,4,256,5,numeric,0.1,,0.017578125,"[0.01,0.1)",16,0.0015292167663574219,0.003690004348754883,0.003690004348754883,True,0.08699544270338426,0.09806315103608797,0,True,True,True,True
seq_0015,4,256,5,bitflip,,sign,0.359375,"[0.1,1)",16,0.03126811981201172,0.07544064521789551,0.07544064521789551,True,0.08700694208535573,0.09805629564340922,0,True,True,True,True
seq_0015,4,256,5,bitflip,,exponent,6.114448780610613e+37,"[10,inf)",16,5.320015191809022e+36,1.2835592349659136e+37,1.2835592349659136e+37,True,0.08700727379840353,0.09805581880652386,0,True,True,True,True
seq_0015,4,256,5,bitflip,,mantissa,0.0009765625,"[0.0001,0.001)",16,8.487701416015625e-05,0.00020503997802734375,0.00020503997802734375,True,0.086914062411,0.09790039052475,0,True,True,True,True
seq_0016,18,64,1,numeric,1e-06,,0.0,"[0,1e-07)",16,0.0,0.0,0.0,False,0.0,0.0,0,False,False,False,False
seq_0016,18,64,1,numeric,1e-05,,0.0,"[0,1e-07)",16,0.0,0.0,0.0,False,0.0,0.0,0,False,False,False,False
seq_0016,18,64,1,numeric,0.0001,,0.0,"[0,1e-07)",16,0.0,0.0,0.0,False,0.0,0.0,0,False,False,False,False
seq_0016,18,64,1,numeric,0.001,,0.0,"[0,1e-07)",16,0.0,0.0,0.0,False,0.0,0.0,0,False,False,False,False
seq_0016,18,64,1,numeric,0.01,,0.0009765625,"[0.0001,0.001)",16,4.655122756958008e-05,7.855892181396484e-05,7.855892181396484e-05,True,0.0476684569824375,0.051757812447,0,True,True,True,True
seq_0016,18,64,1,numeric,0.1,,0.01123046875,"[0.01,0.1)",16,0.0005350708961486816,0.0009034872055053711,0.0009034872055053711,True,0.04764457370499669,0.05146059782150472,0,True,True,True,True
seq_0016,18,64,1,bitflip,,sign,0.2333984375,"[0.1,1)",16,0.01112067699432373,0.018776237964630127,0.018776237964630127,True,0.04764674996710757,0.05144318776128587,0,True,True,True,True
seq_0016,18,64,1,bitflip,,exponent,3.971068637407436e+37,"[10,inf)",16,1.892088789191329e+36,3.194613883538762e+36,3.194613883538762e+36,True,0.04764684174350116,0.051444779878879694,0,True,True,True,True
seq_0016,18,64,1,bitflip,,mantissa,0.00048828125,"[0.0001,0.001)",16,2.3245811462402344e-05,3.927946090698242e-05,3.927946090698242e-05,True,0.0476074217775,0.050781249896000004,0,True,True,True,True
seq_0016,18,256,1,numeric,1e-06,,0.0,"[0,1e-07)",16,0.0,0.0,0.0,False,0.0,0.0,0,False,False,False,False
seq_0016,18,256,1,numeric,1e-05,,0.0,"[0,1e-07)",16,0.0,0.0,0.0,False,0.0,0.0,0,False,False,False,False
seq_0016,18,256,1,numeric,0.0001,,0.0,"[0,1e-07)",16,0.0,0.0,0.0,False,0.0,0.0,0,False,False,False,False
seq_0016,18,256,1,numeric,0.001,,0.0,"[0,1e-07)",16,0.0,0.0,0.0,False,0.0,0.0,0,False,False,False,False
seq_0016,18,256,1,numeric,0.01,,0.000244140625,"[0.0001,0.001)",16,3.591179847717285e-05,3.0875205993652344e-05,3.591179847717285e-05,False,0.14709472596,0.095703124608,0,True,True,True,True
seq_0016,18,256,1,numeric,0.1,,0.003173828125,"[0.001,0.01)",16,0.0004668235778808594,0.0004010200500488281,0.0004668235778808594,False,0.14708533649211836,0.09592848554669822,0,True,True,True,True
seq_0016,18,256,1,bitflip,,sign,0.06591796875,"[0.01,0.1)",16,0.009695440530776978,0.00832986831665039,0.009695440530776978,False,0.1470834237535557,0.09598343460502537,0,True,True,True,True
seq_0016,18,256,1,bitflip,,exponent,1.1215361214435228e+37,"[10,inf)",16,1.6495972121161455e+36,1.4172595163487902e+36,1.6495972121161455e+36,False,0.14708373458297164,0.0959842187386972,0,True,True,True,True
seq_0016,18,256,1,bitflip,,mantissa,0.000244140625,"[0.0001,0.001)",16,3.591179847717285e-05,3.0875205993652344e-05,3.591179847717285e-05,False,0.14709472596,0.095703124608,0,True,True,True,True
seq_0017,31,64,1,numeric,1e-06,,0.0,"[0,1e-07)",16,0.0,0.0,0.0,False,0.0,0.0,0,False,False,False,False
seq_0017,31,64,1,numeric,1e-05,,0.0,"[0,1e-07)",16,0.0,0.0,0.0,False,0.0,0.0,0,False,False,False,False
seq_0017,31,64,1,numeric,0.0001,,0.0,"[0,1e-07)",16,0.0,0.0,0.0,False,0.0,0.0,0,False,False,False,False
seq_0017,31,64,1,numeric,0.001,,0.0,"[0,1e-07)",16,0.0,0.0,0.0,False,0.0,0.0,0,False,False,False,False
seq_0017,31,64,1,numeric,0.01,,0.0078125,"[0.001,0.01)",16,0.0009765625,0.000911712646484375,0.0009765625,False,0.124999999984,0.09802246092495312,0,True,True,True,True
seq_0017,31,64,1,numeric,0.1,,0.08984375,"[0.01,0.1)",16,0.01122903823852539,0.010236740112304688,0.01122903823852539,False,0.12498407778393496,0.08493440047459812,0,True,True,True,True
seq_0017,31,64,1,bitflip,,sign,1.828125,"[1,10)",16,0.22849130630493164,0.20829296112060547,0.22849130630493164,False,0.12498669746587714,0.0849356366018499,0,True,True,True,True
seq_0017,31,64,1,bitflip,,exponent,3.110393510136703e+38,"[10,inf)",16,,2.985487028717911e+37,2.985487028717911e+37,False,,0.09184101300361829,9,True,True,True,True
seq_0017,31,64,1,bitflip,,mantissa,0.00390625,"[0.001,0.01)",16,0.00048828125,0.0004558563232421875,0.00048828125,False,0.12499999996799999,0.09802246091240624,0,True,True,True,True
seq_0017,31,256,1,numeric,1e-06,,0.0,"[0,1e-07)",16,0.0,0.0,0.0,False,0.0,0.0,0,False,False,False,False
seq_0017,31,256,1,numeric,1e-05,,0.0,"[0,1e-07)",16,0.0,0.0,0.0,False,0.0,0.0,0,False,False,False,False
seq_0017,31,256,1,numeric,0.0001,,0.0,"[0,1e-07)",16,0.0,0.0,0.0,False,0.0,0.0,0,False,False,False,False
seq_0017,31,256,1,numeric,0.001,,0.0,"[0,1e-07)",16,0.0,0.0,0.0,False,0.0,0.0,0,False,False,False,False
seq_0017,31,256,1,numeric,0.01,,0.00390625,"[0.001,0.01)",16,0.00019168853759765625,0.00035953521728515625,0.00035953521728515625,True,0.04907226561243749,0.06005859373462499,0,True,True,True,True
seq_0017,31,256,1,numeric,0.1,,0.05859375,"[0.01,0.1)",16,0.002872943878173828,0.0053806304931640625,0.0053806304931640625,True,0.049031575519996526,0.06007486979064139,0,True,True,True,True
seq_0017,31,256,1,bitflip,,sign,1.140625,"[1,10)",16,0.055922508239746094,0.10475540161132812,0.10475540161132812,True,0.04902795242932345,0.06007656985760999,0,True,True,True,True
seq_0017,31,256,1,bitflip,,exponent,1.940672873845977e+38,"[10,inf)",16,9.514713494259341e+36,2.264769857620792e+37,2.264769857620792e+37,True,0.04902790997126331,0.07388713261852525,0,True,True,True,True
seq_0017,31,256,1,bitflip,,mantissa,0.00390625,"[0.001,0.01)",16,0.00019168853759765625,0.00035953521728515625,0.00035953521728515625,True,0.04907226561243749,0.06005859373462499,0,True,True,True,True
seq_0018,4,64,4,numeric,1e-06,,0.0,"[0,1e-07)",16,0.0,0.0,0.0,False,0.0,0.0,0,False,False,False,False
seq_0018,4,64,4,numeric,1e-05,,0.0,"[0,1e-07)",16,0.0,0.0,0.0,False,0.0,0.0,0,False,False,False,False
seq_0018,4,64,4,numeric,0.0001,,0.0,"[0,1e-07)",16,0.0,0.0,0.0,False,0.0,0.0,0,False,False,False,False
seq_0018,4,64,4,numeric,0.001,,0.0,"[0,1e-07)",16,0.0,0.0,0.0,False,0.0,0.0,0,False,False,False,False
seq_0018,4,64,4,numeric,0.01,,0.000244140625,"[0.0001,0.001)",16,4.13060188293457e-05,5.0574541091918945e-05,5.0574541091918945e-05,True,0.169189452432,0.124999999488,0,True,True,True,True
seq_0018,4,64,4,numeric,0.1,,0.0020751953125,"[0.001,0.01)",16,0.0003510713577270508,0.0004298985004425049,0.0004298985004425049,True,0.1691750918302422,0.12499999993976471,0,True,True,True,True
seq_0018,4,64,4,bitflip,,sign,0.04150390625,"[0.01,0.1)",16,0.007021665573120117,0.00859794020652771,0.00859794020652771,True,0.16918083639298256,0.1249856387837533,0,True,True,True,True
seq_0018,4,64,4,bitflip,,exponent,7.061523727607366e+36,"[10,inf)",16,1.1946743320179657e+36,1.4628665742748263e+36,1.4628665742748263e+36,True,0.16918081395766316,0.12498664855957031,0,True,True,True,True
seq_0018,4,64,4,bitflip,,mantissa,0.0001220703125,"[0.0001,0.001)",16,2.0623207092285156e-05,2.530217170715332e-05,2.530217170715332e-05,True,0.16894531111600003,0.12499999897600002,0,True,True,True,True
seq_0018,4,256,4,numeric,1e-06,,0.0,"[0,1e-07)",16,0.0,0.0,0.0,False,0.0,0.0,0,False,False,False,False
seq_0018,4,256,4,numeric,1e-05,,0.0,"[0,1e-07)",16,0.0,0.0,0.0,False,0.0,0.0,0,False,False,False,False
seq_0018,4,256,4,numeric,0.0001,,0.0,"[0,1e-07)",16,0.0,0.0,0.0,False,0.0,0.0,0,False,False,False,False
seq_0018,4,256,4,numeric,0.001,,0.0,"[0,1e-07)",16,0.0,0.0,0.0,False,0.0,0.0,0,False,False,False,False
seq_0018,4,256,4,numeric,0.01,,0.0009765625,"[0.0001,0.001)",16,0.00026416778564453125,0.0002548694610595703,0.00026416778564453125,False,0.270507812223,0.1284179686185,0,True,True,True,True
seq_0018,4,256,4,numeric,0.1,,0.0107421875,"[0.01,0.1)",16,0.0029077529907226562,0.0028040409088134766,0.0029077529907226562,False,0.2706853692929835,0.1284401633403161,0,True,True,True,True
seq_0018,4,256,4,bitflip,,sign,0.2177734375,"[0.1,1)",16,0.058948516845703125,0.05684375762939453,0.058948516845703125,False,0.27068735986422787,0.1284387699685806,0,True,True,True,True
seq_0018,4,256,4,bitflip,,exponent,3.705223038250453e+37,"[10,inf)",16,1.002964267545155e+37,9.671441377694458e+36,1.002964267545155e+37,False,0.2706893099797681,0.1284393173696749,0,True,True,True,True
seq_0018,4,256,4,bitflip,,mantissa,0.00048828125,"[0.0001,0.001)",16,0.00013208389282226562,0.00012755393981933594,0.00013208389282226562,False,0.270507811946,0.128417968487,0,True,True,True,True
seq_0019,18,64,7,numeric,1e-06,,0.0,"[0,1e-07)",16,0.0,0.0,0.0,False,0.0,0.0,0,False,False,False,False
seq_0019,18,64,7,numeric,1e-05,,0.0,"[0,1e-07)",16,0.0,0.0,0.0,False,0.0,0.0,0,False,False,False,False
seq_0019,18,64,7,numeric,0.0001,,0.0,"[0,1e-07)",16,0.0,0.0,0.0,False,0.0,0.0,0,False,False,False,False
seq_0019,18,64,7,numeric,0.001,,0.0,"[0,1e-07)",16,0.0,0.0,0.0,False,0.0,0.0,0,False,False,False,False
seq_0019,18,64,7,numeric,0.01,,0.03125,"[0.01,0.1)",16,0.004984855651855469,0.009969234466552734,0.009969234466552734,True,0.15951538085427053,0.15951538085427053,0,True,True,True,True
seq_0019,18,64,7,numeric,0.1,,0.390625,"[0.1,1)",16,0.062310218811035156,0.1246194839477539,0.1246194839477539,True,0.15951416015584166,0.15951416015584166,0,True,True,True,True
seq_0019,18,64,7,bitflip,,sign,7.71875,"[1,10)",16,1.23124361038208,2.46248722076416,2.46248722076416,True,0.1595133422357144,0.1595133422357144,0,True,True,True,True
seq_0019,18,64,7,bitflip,,exponent,3.859375,"[1,10)",16,0.6156220436096191,1.23124361038208,1.23124361038208,True,0.15951340401216768,0.15951340401216768,0,True,True,True,True
seq_0019,18,64,7,bitflip,,mantissa,0.015625,"[0.01,0.1)",16,0.0024924278259277344,0.004984855651855469,0.004984855651855469,True,0.15951538084916603,0.15951538084916603,0,True,True,True,True
seq_0019,18,256,7,numeric,1e-06,,0.0,"[0,1e-07)",16,0.0,0.0,0.0,False,0.0,0.0,0,False,False,False,False
seq_0019,18,256,7,numeric,1e-05,,0.0,"[0,1e-07)",16,0.0,0.0,0.0,False,0.0,0.0,0,False,False,False,False
seq_0019,18,256,7,numeric,0.0001,,0.0,"[0,1e-07)",16,0.0,0.0,0.0,False,0.0,0.0,0,False,False,False,False
seq_0019,18,256,7,numeric,0.001,,0.0,"[0,1e-07)",16,0.0,0.0,0.0,False,0.0,0.0,0,False,False,False,False
seq_0019,18,256,7,numeric,0.01,,0.0078125,"[0.001,0.01)",16,0.00045859813690185547,0.0008307695388793945,0.0008307695388793945,True,0.05870056151592382,0.05870056151592382,0,True,True,True,True
seq_0019,18,256,7,numeric,0.1,,0.05859375,"[0.01,0.1)",16,0.003439188003540039,0.006231069564819336,0.006231069564819336,True,0.05869547525941493,0.05869547525941493,0,True,True,True,True
seq_0019,18,256,7,bitflip,,sign,1.171875,"[1,10)",16,0.06878364086151123,0.12461972236633301,0.12461972236633301,True,0.058695373535106156,0.058695373535106156,0,True,True,True,True
seq_0019,18,256,7,bitflip,,exponent,1.9938419936773738e+38,"[10,inf)",16,1.170293259419861e+37,2.0514551922770266e+37,2.0514551922770266e+37,True,0.0586953862508138,0.07388713200887044,0,True,True,True,True
seq_0019,18,256,7,bitflip,,mantissa,0.00390625,"[0.001,0.01)",16,0.00022923946380615234,0.00041544437408447266,0.00041544437408447266,True,0.05868530271935156,0.05868530271935156,0,True,True,True,True
seq_0020,31,64,0,numeric,1e-06,,0.0,"[0,1e-07)",16,0.0,0.0,0.0,False,0.0,0.0,0,False,False,False,False
seq_0020,31,64,0,numeric,1e-05,,0.0,"[0,1e-07)",16,0.0,0.0,0.0,False,0.0,0.0,0,False,False,False,False
seq_0020,31,64,0,numeric,0.0001,,0.0,"[0,1e-07)",16,0.0,0.0,0.0,False,0.0,0.0,0,False,False,False,False
seq_0020,31,64,0,numeric,0.001,,0.0,"[0,1e-07)",16,0.0,0.0,0.0,False,0.0,0.0,0,False,False,False,False
seq_0020,31,64,0,numeric,0.01,,0.01171875,"[0.01,0.1)",16,0.0013918876647949219,0.0017964839935302734,0.0017964839935302734,True,0.11877441405236458,0.10424804686610416,0,True,True,True,True
seq_0020,31,64,0,numeric,0.1,,0.09765625,"[0.01,0.1)",16,0.011599063873291016,0.014970541000366211,0.014970541000366211,True,0.11877441406128374,0.1042675781239323,0,True,True,True,True
seq_0020,31,64,0,bitflip,,sign,1.9921875,"[1,10)",16,0.23661565780639648,0.30539941787719727,0.30539941787719727,True,0.11877178117334723,0.10427054610901629,0,True,True,True,True
seq_0020,31,64,0,bitflip,,exponent,3.3895313892515355e+38,"[10,inf)",16,,2.9491389224672067e+37,2.9491389224672067e+37,False,,0.07837560317095588,3,True,True,True,True
seq_0020,31,64,0,bitflip,,mantissa,0.00390625,"[0.001,0.01)",16,0.0004639625549316406,0.0005986690521240234,0.0005986690521240234,True,0.11877441403209374,0.10424804684831249,0,True,True,True,True
seq_0020,31,256,0,numeric,1e-06,,0.0,"[0,1e-07)",16,0.0,0.0,0.0,False,0.0,0.0,0,False,False,False,False
seq_0020,31,256,0,numeric,1e-05,,0.0,"[0,1e-07)",16,0.0,0.0,0.0,False,0.0,0.0,0,False,False,False,False
seq_0020,31,256,0,numeric,0.0001,,0.0,"[0,1e-07)",16,0.0,0.0,0.0,False,0.0,0.0,0,False,False,False,False
seq_0020,31,256,0,numeric,0.001,,0.0,"[0,1e-07)",16,0.0,0.0,0.0,False,0.0,0.0,0,False,False,False,False
seq_0020,31,256,0,numeric,0.01,,0.00390625,"[0.001,0.01)",16,0.0005178451538085938,0.0007982254028320312,0.0007982254028320312,True,0.13256835934106248,0.13256835934106248,0,True,True,True,True
seq_0020,31,256,0,numeric,0.1,,0.0390625,"[0.01,0.1)",16,0.005178928375244141,0.007984161376953125,0.007984161376953125,True,0.13258056640285595,0.13258056640285595,0,True,True,True,True
seq_0020,31,256,0,bitflip,,sign,0.796875,"[0.1,1)",16,0.10565185546875,0.16287946701049805,0.16287946701049805,True,0.13258272058806891,0.13258272058806891,0,True,True,True,True
seq_0020,31,256,0,bitflip,,exponent,1.3558125557006142e+38,"[10,inf)",16,1.7975703835934368e+37,2.658906261063033e+37,2.658906261063033e+37,True,0.1325825148937749,0.1270582442190133,0,True,True,True,True
seq_0020,31,256,0,bitflip,,mantissa,0.001953125,"[0.001,0.01)",16,0.0002589225769042969,0.00039958953857421875,0.00039958953857421875,True,0.132568359307125,0.132568359307125,0,True,True,True,True
seq_0021,4,64,5,numeric,1e-06,,0.0,"[0,1e-07)",16,0.0,0.0,0.0,False,0.0,0.0,0,False,False,False,False
seq_0021,4,64,5,numeric,1e-05,,0.0,"[0,1e-07)",16,0.0,0.0,0.0,False,0.0,0.0,0,False,False,False,False
seq_0021,4,64,5,numeric,0.0001,,0.0,"[0,1e-07)",16,0.0,0.0,0.0,False,0.0,0.0,0,False,False,False,False
seq_0021,4,64,5,numeric,0.001,,0.0,"[0,1e-07)",16,0.0,0.0,0.0,False,0.0,0.0,0,False,False,False,False
seq_0021,4,64,5,numeric,0.01,,0.000244140625,"[0.0001,0.001)",16,9.846687316894531e-05,8.58306884765625e-05,9.846687316894531e-05,False,0.403320310848,0.24218749900800002,0,True,True,True,True
seq_0021,4,64,5,numeric,0.1,,0.002685546875,"[0.001,0.01)",16,0.0010830163955688477,0.0009417533874511719,0.0010830163955688477,False,0.40327592314528926,0.24307528400039669,0,True,True,True,True
seq_0021,4,64,5,bitflip,,sign,0.0546875,"[0.01,0.1)",16,0.022053897380828857,0.019183635711669922,0.022053897380828857,False,0.403271266384925,0.24306815010716248,0,True,True,True,True
seq_0021,4,64,5,bitflip,,exponent,9.304595970494411e+36,"[10,inf)",16,3.7522815878050155e+36,3.2639708508290494e+36,3.7522815878050155e+36,False,0.40327184540884836,0.24306794575282506,0,True,True,True,True
seq_0021,4,64,5,bitflip,,mantissa,0.0001220703125,"[0.0001,0.001)",16,4.9233436584472656e-05,4.291534423828125e-05,4.9233436584472656e-05,False,0.40332030919600004,0.24218749801600004,0,True,True,True,True
seq_0021,4,256,5,numeric,1e-06,,0.0,"[0,1e-07)",16,0.0,0.0,0.0,False,0.0,0.0,0,False,False,False,False
seq_0021,4,256,5,numeric,1e-05,,0.0,"[0,1e-07)",16,0.0,0.0,0.0,False,0.0,0.0,0,False,False,False,False
seq_0021,4,256,5,numeric,0.0001,,0.0,"[0,1e-07)",16,0.0,0.0,0.0,False,0.0,0.0,0,False,False,False,False
seq_0021,4,256,5,numeric,0.001,,0.0,"[0,1e-07)",16,0.0,0.0,0.0,False,0.0,0.0,0,False,False,False,False
seq_0021,4,256,5,numeric,0.01,,0.001953125,"[0.001,0.01)",16,0.0004749298095703125,0.00046634674072265625,0.0004749298095703125,False,0.2431640623755,0.13051605217926954,0,True,True,True,True
seq_0021,4,256,5,numeric,0.1,,0.0224609375,"[0.01,0.1)",16,0.005459308624267578,0.005366802215576172,0.005459308624267578,False,0.24305791439135258,0.13051107654819757,0,True,True,True,True
seq_0021,4,256,5,bitflip,,sign,0.44140625,"[0.1,1)",16,0.10729169845581055,0.10546255111694336,0.10729169845581055,False,0.24306791862500243,0.13051092097160008,0,True,True,True,True
seq_0021,4,256,5,bitflip,,exponent,7.510138176184775e+37,"[10,inf)",16,1.8254739086056606e+37,1.7943579034423384e+37,1.8254739086056606e+37,False,0.24306795238393597,0.13051092097189573,0,True,True,True,True
seq_0021,4,256,5,bitflip,,mantissa,0.0009765625,"[0.0001,0.001)",16,0.00023698806762695312,0.00023365020751953125,0.00023698806762695312,False,0.2426757810015,0.13050842271792187,0,True,True,True,True
seq_0022,18,64,1,numeric,1e-06,,0.0,"[0,1e-07)",16,0.0,0.0,0.0,False,0.0,0.0,0,False,False,False,False
seq_0022,18,64,1,numeric,1e-05,,0.0,"[0,1e-07)",16,0.0,0.0,0.0,False,0.0,0.0,0,False,False,False,False
seq_0022,18,64,1,numeric,0.0001,,0.0,"[0,1e-07)",16,0.0,0.0,0.0,False,0.0,0.0,0,False,False,False,False
seq_0022,18,64,1,numeric,0.001,,0.0,"[0,1e-07)",16,0.0,0.0,0.0,False,0.0,0.0,0,False,False,False,False
seq_0022,18,64,1,numeric,0.01,,0.03125,"[0.01,0.1)",16,0.005136013031005859,0.009840011596679688,0.009840011596679688,True,0.16435241698692823,0.1933593749938125,0,True,True,True,True
seq_0022,18,64,1,numeric,0.1,,0.34375,"[0.1,1)",16,0.05649423599243164,0.10824108123779297,0.10824108123779297,True,0.16434686834114123,0.1933496648609432,0,True,True,True,True
seq_0022,18,64,1,bitflip,,sign,6.90625,"[1,10)",16,1.1350221633911133,2.1746630668640137,2.1746630668640137,True,0.16434710058149488,0.19334953618801995,0,True,True,True,True
seq_0022,18,64,1,bitflip,,exponent,3.453125,"[1,10)",16,0.5675110816955566,1.087331771850586,1.087331771850586,True,0.16434710058147106,0.19334950166584475,0,True,True,True,True
seq_0022,18,64,1,bitflip,,mantissa,0.015625,"[0.01,0.1)",16,0.0025682449340820312,0.004920005798339844,0.004920005798339844,True,0.16436767577073047,0.193359374987625,0,True,True,True,True
seq_0022,18,256,1,numeric,1e-06,,0.0,"[0,1e-07)",16,0.0,0.0,0.0,False,0.0,0.0,0,False,False,False,False
seq_0022,18,256,1,numeric,1e-05,,0.0,"[0,1e-07)",16,0.0,0.0,0.0,False,0.0,0.0,0,False,False,False,False
seq_0022,18,256,1,numeric,0.0001,,0.0,"[0,1e-07)",16,0.0,0.0,0.0,False,0.0,0.0,0,False,False,False,False
seq_0022,18,256,1,numeric,0.001,,0.0,"[0,1e-07)",16,0.0,0.0,0.0,False,0.0,0.0,0,False,False,False,False
seq_0022,18,256,1,numeric,0.01,,0.0078125,"[0.001,0.01)",16,0.0008411407470703125,0.0010895729064941406,0.0010895729064941406,True,0.10766601561121875,0.09872436522173828,0,True,True,True,True
seq_0022,18,256,1,numeric,0.1,,0.0859375,"[0.01,0.1)",16,0.009257793426513672,0.018158912658691406,0.018158912658691406,True,0.10772705077999645,0.1056518554675206,0,True,True,True,True
seq_0022,18,256,1,bitflip,,sign,1.6953125,"[1,10)",16,0.18262481689453125,0.35822486877441406,0.35822486877441406,True,0.10772339429717148,0.10565185546868767,0,True,True,True,True
seq_0022,18,256,1,bitflip,,exponent,2.8844247508532674e+38,"[10,inf)",16,,2.908018111706643e+37,2.908018111706643e+37,False,,0.08044720135526173,3,True,True,True,True
seq_0022,18,256,1,bitflip,,mantissa,0.00390625,"[0.001,0.01)",16,0.0004210472106933594,0.0005450248718261719,0.0005450248718261719,True,0.10778808590990624,0.09875488278721874,0,True,True,True,True
seq_0023,31,64,1,numeric,1e-06,,0.0,"[0,1e-07)",16,0.0,0.0,0.0,False,0.0,0.0,0,False,False,False,False
seq_0023,31,64,1,numeric,1e-05,,0.0,"[0,1e-07)",16,0.0,0.0,0.0,False,0.0,0.0,0,False,False,False,False
seq_0023,31,64,1,numeric,0.0001,,0.0,"[0,1e-07)",16,0.0,0.0,0.0,False,0.0,0.0,0,False,False,False,False
seq_0023,31,64,1,numeric,0.001,,0.0,"[0,1e-07)",16,0.0,0.0,0.0,False,0.0,0.0,0,False,False,False,False
seq_0023,31,64,1,numeric,0.01,,0.0078125,"[0.001,0.01)",16,0.00093841552734375,0.0015964508056640625,0.0015964508056640625,True,0.120117187484625,0.12280273435928124,0,True,True,True,True
seq_0023,31,64,1,numeric,0.1,,0.0703125,"[0.01,0.1)",16,0.008448600769042969,0.014371871948242188,0.014371871948242188,True,0.12015787760245775,0.12291124131769636,0,True,True,True,True
seq_0023,31,64,1,bitflip,,sign,1.4296875,"[1,10)",16,0.1717815399169922,0.2922248840332031,0.2922248840332031,True,0.12015320824786677,0.12291479892409435,0,True,True,True,True
seq_0023,31,64,1,bitflip,,exponent,2.432487232286396e+38,"[10,inf)",16,2.9227040974404073e+37,1.5621349617455687e+37,2.9227040974404073e+37,False,0.1201529059905172,0.06421965718920765,14,True,True,True,True
seq_0023,31,64,1,bitflip,,mantissa,0.00390625,"[0.001,0.01)",16,0.000469207763671875,0.0007982254028320312,0.0007982254028320312,True,0.12011718746924999,0.12280273434356248,0,True,True,True,True
seq_0023,31,256,1,numeric,1e-06,,0.0,"[0,1e-07)",16,0.0,0.0,0.0,False,0.0,0.0,0,False,False,False,False
seq_0023,31,256,1,numeric,1e-05,,0.0,"[0,1e-07)",16,0.0,0.0,0.0,False,0.0,0.0,0,False,False,False,False
seq_0023,31,256,1,numeric,0.0001,,0.0,"[0,1e-07)",16,0.0,0.0,0.0,False,0.0,0.0,0,False,False,False,False
seq_0023,31,256,1,numeric,0.001,,0.0,"[0,1e-07)",16,0.0,0.0,0.0,False,0.0,0.0,0,False,False,False,False
seq_0023,31,256,1,numeric,0.01,,0.0009765625,"[0.0001,0.001)",16,3.1948089599609375e-05,0.00011324882507324219,0.00011324882507324219,True,0.0327148437165,0.0698242186785,0,True,True,True,True
seq_0023,31,256,1,numeric,0.1,,0.0087890625,"[0.001,0.01)",16,0.0002803802490234375,0.0010197162628173828,0.0010197162628173828,True,0.03190104166303703,0.061035156243055555,0,True,True,True,True
seq_0023,31,256,1,bitflip,,sign,0.171875,"[0.1,1)",16,0.005488872528076172,0.019939184188842773,0.019939184188842773,True,0.031935258344984646,0.0611100630323149,0,True,True,True,True
seq_0023,31,256,1,bitflip,,exponent,2.924301590726815e+37,"[10,inf)",16,9.339399159267352e+35,3.392473542912135e+36,3.392473542912135e+36,True,0.031937195496125656,0.06974393129348755,0,True,True,True,True
seq_0023,31,256,1,bitflip,,mantissa,0.00048828125,"[0.0001,0.001)",16,1.621246337890625e-05,5.6624412536621094e-05,5.6624412536621094e-05,True,0.033203124932,0.061523437374,0,False,True,True,True
seq_0024,4,64,4,numeric,1e-06,,0.0,"[0,1e-07)",16,0.0,0.0,0.0,False,0.0,0.0,0,False,False,False,False
seq_0024,4,64,4,numeric,1e-05,,0.0,"[0,1e-07)",16,0.0,0.0,0.0,False,0.0,0.0,0,False,False,False,False
seq_0024,4,64,4,numeric,0.0001,,0.0,"[0,1e-07)",16,0.0,0.0,0.0,False,0.0,0.0,0,False,False,False,False
seq_0024,4,64,4,numeric,0.001,,0.0,"[0,1e-07)",16,0.0,0.0,0.0,False,0.0,0.0,0,False,False,False,False
seq_0024,4,64,4,numeric,0.01,,0.015625,"[0.01,0.1)",16,0.00289154052734375,0.0028269290924072266,0.00289154052734375,False,0.18505859373815625,0.10772705077435547,0,True,True,True,True
seq_0024,4,64,4,numeric,0.1,,0.234375,"[0.1,1)",16,0.04337334632873535,0.042403221130371094,0.04337334632873535,False,0.18505961100181456,0.10772298177037372,0,True,True,True,True
seq_0024,4,64,4,bitflip,,sign,4.59375,"[1,10)",16,0.8501343727111816,0.8311007022857666,0.8501343727111816,False,0.185063264807836,0.10772331393492553,0,True,True,True,True
seq_0024,4,64,4,bitflip,,exponent,2.296875,"[1,10)",16,0.4250669479370117,0.41555023193359375,0.4250669479370117,False,0.18506316100650955,0.10772331393490207,0,True,True,True,True
seq_0024,4,64,4,bitflip,,mantissa,0.015625,"[0.01,0.1)",16,0.00289154052734375,0.0028269290924072266,0.00289154052734375,False,0.18505859373815625,0.10772705077435547,0,True,True,True,True
seq_0024,4,256,4,numeric,1e-06,,0.0,"[0,1e-07)",16,0.0,0.0,0.0,False,0.0,0.0,0,False,False,False,False
seq_0024,4,256,4,numeric,1e-05,,0.0,"[0,1e-07)",16,0.0,0.0,0.0,False,0.0,0.0,0,False,False,False,False
seq_0024,4,256,4,numeric,0.0001,,0.0,"[0,1e-07)",16,0.0,0.0,0.0,False,0.0,0.0,0,False,False,False,False
seq_0024,4,256,4,numeric,0.001,,0.0,"[0,1e-07)",16,0.0,0.0,0.0,False,0.0,0.0,0,False,False,False,False
seq_0024,4,256,4,numeric,0.01,,0.001953125,"[0.001,0.01)",16,0.00026166439056396484,0.0003197193145751953,0.0003197193145751953,True,0.13397216790015626,0.12158203118775,0,True,True,True,True
seq_0024,4,256,4,numeric,0.1,,0.0185546875,"[0.01,0.1)",16,0.00248563289642334,0.0030364990234375,0.0030364990234375,True,0.13396253083159593,0.12153063321713435,0,True,True,True,True
seq_0024,4,256,4,bitflip,,sign,0.380859375,"[0.1,1)",16,0.05102133750915527,0.06233012676239014,0.06233012676239014,True,0.13396371694676365,0.12153320312468091,0,True,True,True,True
seq_0024,4,256,4,bitflip,,exponent,6.479986479451465e+37,"[10,inf)",16,8.680822505814806e+36,1.0604922166419423e+37,1.0604922166419423e+37,True,0.13396358979053988,0.12153397584572817,0,True,True,True,True
seq_0024,4,256,4,bitflip,,mantissa,0.0009765625,"[0.0001,0.001)",16,0.0001308917999267578,0.00015974044799804688,0.00015974044799804688,True,0.13403320298775,0.1215820311255,0,True,True,True,True
seq_0025,18,64,7,numeric,1e-06,,0.0,"[0,1e-07)",16,0.0,0.0,0.0,False,0.0,0.0,0,False,False,False,False
seq_0025,18,64,7,numeric,1e-05,,0.0,"[0,1e-07)",16,0.0,0.0,0.0,False,0.0,0.0,0,False,False,False,False
seq_0025,18,64,7,numeric,0.0001,,0.0,"[0,1e-07)",16,0.0,0.0,0.0,False,0.0,0.0,0,False,False,False,False
seq_0025,18,64,7,numeric,0.001,,0.0,"[0,1e-07)",16,0.0,0.0,0.0,False,0.0,0.0,0,False,False,False,False
seq_0025,18,64,7,numeric,0.01,,0.015625,"[0.01,0.1)",16,0.0019636154174804688,0.0025358200073242188,0.0025358200073242188,True,0.12567138671070704,0.12567138671070704,0,True,True,True,True
seq_0025,18,64,7,numeric,0.1,,0.140625,"[0.1,1)",16,0.017673492431640625,0.022819995880126953,0.022819995880126953,True,0.12567816840188406,0.12567816840188406,0,True,True,True,True
seq_0025,18,64,7,bitflip,,sign,2.8125,"[1,10)",16,0.3534674644470215,0.45639944076538086,0.45639944076538086,True,0.12567732069222962,0.12567732069222962,0,True,True,True,True
seq_0025,18,64,7,bitflip,,exponent,,nonfinite,16,,0.0,,False,,,16,True,True,True,True
seq_0025,18,64,7,bitflip,,mantissa,0.0078125,"[0.001,0.01)",16,0.0009818077087402344,0.0012679100036621094,0.0012679100036621094,True,0.12567138670266406,0.12567138670266406,0,True,True,True,True
seq_0025,18,256,7,numeric,1e-06,,0.0,"[0,1e-07)",16,0.0,0.0,0.0,False,0.0,0.0,0,False,False,False,False
seq_0025,18,256,7,numeric,1e-05,,0.0,"[0,1e-07)",16,0.0,0.0,0.0,False,0.0,0.0,0,False,False,False,False
seq_0025,18,256,7,numeric,0.0001,,0.0,"[0,1e-07)",16,0.0,0.0,0.0,False,0.0,0.0,0,False,False,False,False
seq_0025,18,256,7,numeric,0.001,,0.0,"[0,1e-07)",16,0.0,0.0,0.0,False,0.0,0.0,0,False,False,False,False
seq_0025,18,256,7,numeric,0.01,,0.00390625,"[0.001,0.01)",16,0.0006177127361297607,0.0010142326354980469,0.0010142326354980469,True,0.1581344604087363,0.17677307124380856,0,True,True,True,True
seq_0025,18,256,7,numeric,0.1,,0.033203125,"[0.01,0.1)",16,0.005250483751296997,0.008620977401733398,0.008620977401733398,True,0.15813221650488818,0.1767775591628744,0,True,True,True,True
seq_0025,18,256,7,bitflip,,sign,0.67578125,"[0.1,1)",16,0.10686284303665161,0.1754603385925293,0.1754603385925293,True,0.15813229952221,0.17677668753360765,0,True,True,True,True
seq_0025,18,256,7,bitflip,,exponent,1.1497822163539522e+38,"[10,inf)",16,1.8181768046905068e+37,2.540683644905028e+37,2.540683644905028e+37,True,0.1581322774721708,0.14501213338333746,0,True,True,True,True
seq_0025,18,256,7,bitflip,,mantissa,0.001953125,"[0.001,0.01)",16,0.0003088712692260742,0.0005071163177490234,0.0005071163177490234,True,0.15814208976278124,0.17678832998760938,0,True,True,True,True
seq_0026,31,64,0,numeric,1e-06,,0.0,"[0,1e-07)",16,0.0,0.0,0.0,False,0.0,0.0,0,False,False,False,False
seq_0026,31,64,0,numeric,1e-05,,0.0,"[0,1e-07)",16,0.0,0.0,0.0,False,0.0,0.0,0,False,False,False,False
seq_0026,31,64,0,numeric,0.0001,,0.0,"[0,1e-07)",16,0.0,0.0,0.0,False,0.0,0.0,0,False,False,False,False
seq_0026,31,64,0,numeric,0.001,,0.0,"[0,1e-07)",16,0.0,0.0,0.0,False,0.0,0.0,0,False,False,False,False
seq_0026,31,64,0,numeric,0.01,,0.015625,"[0.01,0.1)",16,0.0011110305786132812,0.0037980079650878906,0.0037980079650878906,True,0.07110595702669922,0.09045410155671095,0,True,True,True,True
seq_0026,31,64,0,numeric,0.1,,0.1875,"[0.1,1)",16,0.013335704803466797,0.045575618743896484,0.045575618743896484,True,0.07112375895144359,0.09045918782503838,0,True,True,True,True
seq_0026,31,64,0,bitflip,,sign,3.71875,"[1,10)",16,0.2644963264465332,0.9039087295532227,0.9039087295532227,True,0.07112506257383854,0.0904599999179116,0,True,True,True,True
seq_0026,31,64,0,bitflip,,exponent,,nonfinite,16,,0.0,,False,,,16,True,True,True,True
seq_0026,31,64,0,bitflip,,mantissa,0.0078125,"[0.001,0.01)",16,0.0005555152893066406,0.0018992424011230469,0.0018992424011230469,True,0.07110595702214843,0.09045410155092187,0,True,True,True,True
seq_0026,31,256,0,numeric,1e-06,,0.0,"[0,1e-07)",16,0.0,0.0,0.0,False,0.0,0.0,0,False,False,False,False
seq_0026,31,256,0,numeric,1e-05,,0.0,"[0,1e-07)",16,0.0,0.0,0.0,False,0.0,0.0,0,False,False,False,False
seq_0026,31,256,0,numeric,0.0001,,0.0,"[0,1e-07)",16,0.0,0.0,0.0,False,0.0,0.0,0,False,False,False,False
seq_0026,31,256,0,numeric,0.001,,0.0,"[0,1e-07)",16,0.0,0.0,0.0,False,0.0,0.0,0,False,False,False,False
seq_0026,31,256,0,numeric,0.01,,0.0234375,"[0.01,0.1)",16,0.001391768455505371,0.004127010703086853,0.004127010703086853,True,0.05938212076569553,0.11462402343260938,0,True,True,True,True
seq_0026,31,256,0,numeric,0.1,,0.1953125,"[0.1,1)",16,0.011598825454711914,0.034391820430755615,0.034391820430755615,True,0.05938598632782094,0.11462890624941309,0,True,True,True,True
seq_0026,31,256,0,bitflip,,sign,3.921875,"[1,10)",16,0.2329040765762329,0.6905878782272339,0.6905878782272339,True,0.05938590000348647,0.11462864362858133,0,True,True,True,True
seq_0026,31,256,0,bitflip,,exponent,,nonfinite,16,,0.0,,False,,,16,True,True,True,True
seq_0026,31,256,0,bitflip,,mantissa,0.0078125,"[0.001,0.01)",16,0.0004639625549316406,0.0013756752014160156,0.0013756752014160156,True,0.059387207023648435,0.11462402342282813,0,True,True,True,True
seq_0027,4,64,5,numeric,1e-06,,0.0,"[0,1e-07)",16,0.0,0.0,0.0,False,0.0,0.0,0,False,False,False,False
seq_0027,4,64,5,numeric,1e-05,,0.0,"[0,1e-07)",16,0.0,0.0,0.0,False,0.0,0.0,0,False,False,False,False
seq_0027,4,64,5,numeric,0.0001,,0.0,"[0,1e-07)",16,0.0,0.0,0.0,False,0.0,0.0,0,False,False,False,False
seq_0027,4,64,5,numeric,0.001,,0.0,"[0,1e-07)",16,0.0,0.0,0.0,False,0.0,0.0,0,False,False,False,False
seq_0027,4,64,5,numeric,0.01,,0.00390625,"[0.001,0.01)",16,0.0016078948974609375,0.0018448829650878906,0.0018448829650878906,True,0.41162109364462496,0.32592773429156247,0,True,True,True,True
seq_0027,4,64,5,numeric,0.1,,0.03125,"[0.01,0.1)",16,0.012861251831054688,0.02045726776123047,0.02045726776123047,True,0.4115600585805801,0.38945007322972514,0,True,True,True,True
seq_0027,4,64,5,bitflip,,sign,0.61328125,"[0.1,1)",16,0.25240087509155273,0.40146970748901367,0.40146970748901367,True,0.4115581147982939,0.3894610556820879,0,True,True,True,True
seq_0027,4,64,5,bitflip,,exponent,1.043443976691159e+38,"[10,inf)",16,,0.0,,False,,,16,True,True,True,True
seq_0027,4,64,5,bitflip,,mantissa,0.001953125,"[0.001,0.01)",16,0.0008039474487304688,0.001277923583984375,0.001277923583984375,True,0.41162109353925,0.38964843730050003,0,True,True,True,True
seq_0027,4,256,5,numeric,1e-06,,0.0,"[0,1e-07)",16,0.0,0.0,0.0,False,0.0,0.0,0,False,False,False,False
seq_0027,4,256,5,numeric,1e-05,,0.0,"[0,1e-07)",16,0.0,0.0,0.0,False,0.0,0.0,0,False,False,False,False
seq_0027,4,256,5,numeric,0.0001,,0.0,"[0,1e-07)",16,0.0,0.0,0.0,False,0.0,0.0,0,False,False,False,False
seq_0027,4,256,5,numeric,0.001,,0.0,"[0,1e-07)",16,0.0,0.0,0.0,False,0.0,0.0,0,False,False,False,False
seq_0027,4,256,5,numeric,0.01,,0.015625,"[0.01,0.1)",16,0.0005350112915039062,0.002416849136352539,0.002416849136352539,True,0.03424072265405859,0.072505950923094,0,True,True,True,True
seq_0027,4,256,5,numeric,0.1,,0.15625,"[0.1,1)",16,0.005341529846191406,0.024168670177459717,0.024168670177459717,True,0.03418579101540621,0.07250595092727033,0,True,True,True,True
seq_0027,4,256,5,bitflip,,sign,3.0625,"[1,10)",16,0.10468006134033203,0.47370630502700806,0.47370630502700806,True,0.03418124451928093,0.07250604824141646,0,True,True,True,True
seq_0027,4,256,5,bitflip,,exponent,,nonfinite,16,,0.0,,False,,,16,True,True,True,True
seq_0027,4,256,5,bitflip,,mantissa,0.0078125,"[0.001,0.01)",16,0.00026702880859375,0.0012084245681762695,0.0012084245681762695,True,0.034179687495625,0.07250976561571874,0,True,True,True,True
seq_0028,18,64,1,numeric,1e-06,,0.0,"[0,1e-07)",16,0.0,0.0,0.0,False,0.0,0.0,0,False,False,False,False
seq_0028,18,64,1,numeric,1e-05,,0.0,"[0,1e-07)",16,0.0,0.0,0.0,False,0.0,0.0,0,False,False,False,False
seq_0028,18,64,1,numeric,0.0001,,0.0,"[0,1e-07)",16,0.0,0.0,0.0,False,0.0,0.0,0,False,False,False,False
seq_0028,18,64,1,numeric,0.001,,0.0,"[0,1e-07)",16,0.0,0.0,0.0,False,0.0,0.0,0,False,False,False,False
seq_0028,18,64,1,numeric,0.01,,0.015625,"[0.01,0.1)",16,0.0011329054832458496,0.00289154052734375,0.00289154052734375,True,0.072505950923094,0.10565185546198828,0,True,True,True,True
seq_0028,18,64,1,numeric,0.1,,0.1328125,"[0.1,1)",16,0.009629666805267334,0.02457904815673828,0.02457904815673828,True,0.07250572653323165,0.1056517432709761,0,True,True,True,True
seq_0028,18,64,1,bitflip,,sign,2.671875,"[1,10)",16,0.19372716546058655,0.49446582794189453,0.49446582794189453,True,0.07250607362264853,0.10565169931151244,0,True,True,True,True
seq_0028,18,64,1,bitflip,,exponent,,nonfinite,16,,0.0,,False,,,16,True,True,True,True
seq_0028,18,64,1,bitflip,,mantissa,0.0078125,"[0.001,0.01)",16,0.0005664229393005371,0.001445770263671875,0.001445770263671875,True,0.07250213622118848,0.10565185545522655,0,True,True,True,True
seq_0028,18,256,1,numeric,1e-06,,0.0,"[0,1e-07)",16,0.0,0.0,0.0,False,0.0,0.0,0,False,False,False,False
seq_0028,18,256,1,numeric,1e-05,,0.0,"[0,1e-07)",16,0.0,0.0,0.0,False,0.0,0.0,0,False,False,False,False
seq_0028,18,256,1,numeric,0.0001,,0.0,"[0,1e-07)",16,0.0,0.0,0.0,False,0.0,0.0,0,False,False,False,False
seq_0028,18,256,1,numeric,0.001,,0.0,"[0,1e-07)",16,0.0,0.0,0.0,False,0.0,0.0,0,False,False,False,False
seq_0028,18,256,1,numeric,0.01,,0.000732421875,"[0.0001,0.001)",16,9.006261825561523e-05,0.00017547607421875,0.00017547607421875,True,0.12296549462377777,0.07812499989333334,0,True,True,True,True
seq_0028,18,256,1,numeric,0.1,,0.00634765625,"[0.001,0.01)",16,0.0007802248001098633,0.0015158653259277344,0.0015158653259277344,True,0.12291541464409762,0.07797475960310059,0,True,True,True,True
seq_0028,18,256,1,bitflip,,sign,0.125,"[0.1,1)",16,0.015364408493041992,0.029865741729736328,0.029865741729736328,True,0.12291526794335261,0.07802963256773514,0,True,True,True,True
seq_0028,18,256,1,bitflip,,exponent,2.1267647932558654e+37,"[10,inf)",16,2.6141138904864983e+36,5.081367289810056e+36,5.081367289810056e+36,True,0.12291504442691803,0.07803034037351608,0,True,True,True,True
seq_0028,18,256,1,bitflip,,mantissa,0.00048828125,"[0.0001,0.001)",16,6.002187728881836e-05,0.00011587142944335938,0.00011587142944335938,True,0.12292480443575,0.07812499984,0,True,True,True,True
seq_0029,31,64,1,numeric,1e-06,,0.0,"[0,1e-07)",16,0.0,0.0,0.0,False,0.0,0.0,0,False,False,False,False
seq_0029,31,64,1,numeric,1e-05,,0.0,"[0,1e-07)",16,0.0,0.0,0.0,False,0.0,0.0,0,False,False,False,False
seq_0029,31,64,1,numeric,0.0001,,0.0,"[0,1e-07)",16,0.0,0.0,0.0,False,0.0,0.0,0,False,False,False,False
seq_0029,31,64,1,numeric,0.001,,0.0,"[0,1e-07)",16,0.0,0.0,0.0,False,0.0,0.0,0,False,False,False,False
seq_0029,31,64,1,numeric,0.01,,0.03125,"[0.01,0.1)",16,0.008200645446777344,0.0120849609375,0.0120849609375,True,0.26242065428847755,0.27897644042076025,0,True,True,True,True
seq_0029,31,64,1,numeric,0.1,,0.296875,"[0.1,1)",16,0.07790088653564453,0.11480140686035156,0.11480140686035156,True,0.2624029862244451,0.31212093955486975,0,True,True,True,True
seq_0029,31,64,1,bitflip,,sign,6.03125,"[1,10)",16,1.5826172828674316,2.3322787284851074,2.3322787284851074,True,0.26240286555310577,0.31212137647238186,0,True,True,True,True
seq_0029,31,64,1,bitflip,,exponent,3.015625,"[1,10)",16,0.7913084030151367,1.1661396026611328,1.1661396026611328,True,0.26240278649197907,0.3121214555334133,0,True,True,True,True
seq_0029,31,64,1,bitflip,,mantissa,0.015625,"[0.01,0.1)",16,0.004100799560546875,0.00604248046875,0.00604248046875,True,0.26245117185820316,0.27899169920089456,0,True,True,True,True
seq_0029,31,256,1,numeric,1e-06,,0.0,"[0,1e-07)",16,0.0,0.0,0.0,False,0.0,0.0,0,False,False,False,False
seq_0029,31,256,1,numeric,1e-05,,0.0,"[0,1e-07)",16,0.0,0.0,0.0,False,0.0,0.0,0,False,False,False,False
seq_0029,31,256,1,numeric,0.0001,,0.0,"[0,1e-07)",16,0.0,0.0,0.0,False,0.0,0.0,0,False,False,False,False
seq_0029,31,256,1,numeric,0.001,,0.0,"[0,1e-07)",16,0.0,0.0,0.0,False,0.0,0.0,0,False,False,False,False
seq_0029,31,256,1,numeric,0.01,,0.00390625,"[0.001,0.01)",16,0.00029277801513671875,0.00030422210693359375,0.00030422210693359375,True,0.07495117185581249,0.06201171873412499,0,True,True,True,True
seq_0029,31,256,1,numeric,0.1,,0.0390625,"[0.01,0.1)",16,0.0029268264770507812,0.0030345916748046875,0.0030345916748046875,True,0.07492675781058188,0.06213378906090938,0,True,True,True,True
seq_0029,31,256,1,bitflip,,sign,0.79296875,"[0.1,1)",16,0.059411048889160156,0.06160259246826172,0.06160259246826172,True,0.07492230795864936,0.062147619688961035,0,True,True,True,True
seq_0029,31,256,1,bitflip,,exponent,1.3491664157216896e+38,"[10,inf)",16,1.010835046739442e+37,1.0481008686421814e+37,1.0481008686421814e+37,True,0.0749229327798477,0.062148056594021804,0,True,True,True,True
seq_0029,31,256,1,bitflip,,mantissa,0.001953125,"[0.001,0.01)",16,0.00014591217041015625,0.00015163421630859375,0.00015163421630859375,True,0.07470703121175,0.06201171871825,0,True,True,True,True
seq_0030,4,64,4,numeric,1e-06,,0.0,"[0,1e-07)",16,0.0,0.0,0.0,False,0.0,0.0,0,False,False,False,False
seq_0030,4,64,4,numeric,1e-05,,0.0,"[0,1e-07)",16,0.0,0.0,0.0,False,0.0,0.0,0,False,False,False,False
seq_0030,4,64,4,numeric,0.0001,,0.0,"[0,1e-07)",16,0.0,0.0,0.0,False,0.0,0.0,0,False,False,False,False
seq_0030,4,64,4,numeric,0.001,,0.0,"[0,1e-07)",16,0.0,0.0,0.0,False,0.0,0.0,0,False,False,False,False
seq_0030,4,64,4,numeric,0.01,,0.015625,"[0.01,0.1)",16,0.0014674663543701172,0.003366231918334961,0.003366231918334961,True,0.09391784667367677,0.09391784667367677,0,True,True,True,True
seq_0030,4,64,4,numeric,0.1,,0.171875,"[0.1,1)",16,0.016141176223754883,0.03702998161315918,0.03702998161315918,True,0.09391229802857291,0.09391229802857291,0,True,True,True,True
seq_0030,4,64,4,bitflip,,sign,3.453125,"[1,10)",16,0.3242921829223633,0.7439639568328857,0.7439639568328857,True,0.09391266835758026,0.09391266835758026,0,True,True,True,True
seq_0030,4,64,4,bitflip,,exponent,,nonfinite,16,,0.0,,False,,,16,True,True,True,True
seq_0030,4,64,4,bitflip,,mantissa,0.0078125,"[0.001,0.01)",16,0.0007336139678955078,0.0016832351684570312,0.0016832351684570312,True,0.09390258787860546,0.09390258787860546,0,True,True,True,True
seq_0030,4,256,4,numeric,1e-06,,0.0,"[0,1e-07)",16,0.0,0.0,0.0,False,0.0,0.0,0,False,False,False,False
seq_0030,4,256,4,numeric,1e-05,,0.0,"[0,1e-07)",16,0.0,0.0,0.0,False,0.0,0.0,0,False,False,False,False
seq_0030,4,256,4,numeric,0.0001,,0.0,"[0,1e-07)",16,0.0,0.0,0.0,False,0.0,0.0,0,False,False,False,False
seq_0030,4,256,4,numeric,0.001,,0.0,"[0,1e-07)",16,0.0,0.0,0.0,False,0.0,0.0,0,False,False,False,False
seq_0030,4,256,4,numeric,0.01,,0.015625,"[0.01,0.1)",16,0.004661083221435547,0.00226593017578125,0.004661083221435547,False,0.2983093261527832,0.11947631835172852,0,True,True,True,True
seq_0030,4,256,4,numeric,0.1,,0.1171875,"[0.1,1)",16,0.0349581241607666,0.01699352264404297,0.0349581241607666,False,0.2983093261693294,0.11946207682189725,0,True,True,True,True
seq_0030,4,256,4,bitflip,,sign,2.40625,"[1,10)",16,0.7178099155426025,0.3489353656768799,0.7178099155426025,False,0.2983106142513472,0.11946224856681317,0,True,True,True,True
seq_0030,4,256,4,bitflip,,exponent,,nonfinite,16,,0.0,,False,,,16,True,True,True,True
seq_0030,4,256,4,bitflip,,mantissa,0.0078125,"[0.001,0.01)",16,0.0023305416107177734,0.001132965087890625,0.0023305416107177734,False,0.2983093261336914,0.11950683592220313,0,True,True,True,True
seq_0031,18,64,7,numeric,1e-06,,0.0,"[0,1e-07)",16,0.0,0.0,0.0,False,0.0,0.0,0,False,False,False,False
seq_0031,18,64,7,numeric,1e-05,,0.0,"[0,1e-07)",16,0.0,0.0,0.0,False,0.0,0.0,0,False,False,False,False
seq_0031,18,64,7,numeric,0.0001,,0.0,"[0,1e-07)",16,0.0,0.0,0.0,False,0.0,0.0,0,False,False,False,False
seq_0031,18,64,7,numeric,0.001,,0.0,"[0,1e-07)",16,0.0,0.0,0.0,False,0.0,0.0,0,False,False,False,False
seq_0031,18,64,7,numeric,0.01,,0.0078125,"[0.001,0.01)",16,0.0007984638214111328,0.0013539791107177734,0.0013539791107177734,True,0.10220336912754296,0.08424377440327929,0,True,True,True,True
seq_0031,18,64,7,numeric,0.1,,0.078125,"[0.01,0.1)",16,0.007984399795532227,0.013540983200073242,0.013540983200073242,True,0.10220031738150433,0.08424530029189041,0,True,True,True,True
seq_0031,18,64,7,bitflip,,sign,1.5703125,"[1,10)",16,0.16048431396484375,0.2721726894378662,0.2721726894378662,True,0.10219896610690009,0.08424514087273086,0,True,True,True,True
seq_0031,18,64,7,bitflip,,exponent,2.671748271527681e+38,"[10,inf)",16,2.7305006316627228e+37,2.914993992959699e+37,2.914993992959699e+37,True,0.10219902304274525,0.08148300588427491,0,True,True,True,True
seq_0031,18,64,7,bitflip,,mantissa,0.00390625,"[0.001,0.01)",16,0.0003991127014160156,0.0006771087646484375,0.0006771087646484375,True,0.10217285153634374,0.08424377439249608,0,True,True,True,True
seq_0031,18,256,7,numeric,1e-06,,0.0,"[0,1e-07)",16,0.0,0.0,0.0,False,0.0,0.0,0,False,False,False,False
seq_0031,18,256,7,numeric,1e-05,,0.0,"[0,1e-07)",16,0.0,0.0,0.0,False,0.0,0.0,0,False,False,False,False
seq_0031,18,256,7,numeric,0.0001,,0.0,"[0,1e-07)",16,0.0,0.0,0.0,False,0.0,0.0,0,False,False,False,False
seq_0031,18,256,7,numeric,0.001,,0.0,"[0,1e-07)",16,0.0,0.0,0.0,False,0.0,0.0,0,False,False,False,False
seq_0031,18,256,7,numeric,0.01,,0.0078125,"[0.001,0.01)",16,0.0022225379943847656,0.0030426979064941406,0.0030426979064941406,True,0.2844848632448359,0.2900085448847539,0,True,True,True,True
seq_0031,18,256,7,numeric,0.1,,0.109375,"[0.1,1)",16,0.03111720085144043,0.042597293853759766,0.042597293853759766,True,0.28450012206771136,0.29002380370828584,0,True,True,True,True
seq_0031,18,256,7,bitflip,,sign,2.1875,"[1,10)",16,0.6223440170288086,0.8519454002380371,0.8519454002380371,True,0.28450012207018244,0.2900242396762067,0,True,True,True,True
seq_0031,18,256,7,bitflip,,exponent,,nonfinite,16,,0.0,,False,,,16,True,True,True,True
seq_0031,18,256,7,bitflip,,mantissa,0.0078125,"[0.001,0.01)",16,0.002222776412963867,0.0030426979064941406,0.0030426979064941406,True,0.284515380822957,0.290039062462875,0,True,True,True,True
seq_0032,31,64,0,numeric,1e-06,,0.0,"[0,1e-07)",16,0.0,0.0,0.0,False,0.0,0.0,0,False,False,False,False
seq_0032,31,64,0,numeric,1e-05,,0.0,"[0,1e-07)",16,0.0,0.0,0.0,False,0.0,0.0,0,False,False,False,False
seq_0032,31,64,0,numeric,0.0001,,0.0,"[0,1e-07)",16,0.0,0.0,0.0,False,0.0,0.0,0,False,False,False,False
seq_0032,31,64,0,numeric,0.001,,0.0,"[0,1e-07)",16,0.0,0.0,0.0,False,0.0,0.0,0,False,False,False,False
seq_0032,31,64,0,numeric,0.01,,0.00390625,"[0.001,0.01)",16,0.00020456314086914062,0.0007176399230957031,0.0007176399230957031,True,0.052368164049093745,0.06805419920132812,0,True,True,True,True
seq_0032,31,64,0,numeric,0.1,,0.0390625,"[0.01,0.1)",16,0.0020503997802734375,0.007174968719482422,0.007174968719482422,True,0.05249023437365625,0.06801757812325875,0,True,True,True,True
seq_0032,31,64,0,bitflip,,sign,0.78125,"[0.1,1)",16,0.0410003662109375,0.14350175857543945,0.14350175857543945,True,0.052480468749932827,0.06801757812491294,0,True,True,True,True
seq_0032,31,64,0,bitflip,,exponent,1.3292279957849159e+38,"[10,inf)",16,6.975865407423444e+36,2.4415531144370603e+37,2.4415531144370603e+37,True,0.05248057842254639,0.06801759243011475,0,True,True,True,True
seq_0032,31,64,0,bitflip,,mantissa,0.001953125,"[0.001,0.01)",16,0.00010251998901367188,0.00035858154296875,0.00035858154296875,True,0.052490234348125,0.0679931640276875,0,True,True,True,True
seq_0032,31,256,0,numeric,1e-06,,0.0,"[0,1e-07)",16,0.0,0.0,0.0,False,0.0,0.0,0,False,False,False,False
seq_0032,31,256,0,numeric,1e-05,,0.0,"[0,1e-07)",16,0.0,0.0,0.0,False,0.0,0.0,0,False,False,False,False
seq_0032,31,256,0,numeric,0.0001,,0.0,"[0,1e-07)",16,0.0,0.0,0.0,False,0.0,0.0,0,False,False,False,False
seq_0032,31,256,0,numeric,0.001,,0.0,"[0,1e-07)",16,0.0,0.0,0.0,False,0.0,0.0,0,False,False,False,False
seq_0032,31,256,0,numeric,0.01,,0.0078125,"[0.001,0.01)",16,0.0007390975952148438,0.0010900497436523438,0.0010900497436523438,True,0.09460449217539062,0.10083007811209374,0,True,True,True,True
seq_0032,31,256,0,numeric,0.1,,0.0625,"[0.01,0.1)",16,0.0059125423431396484,0.008718013763427734,0.008718013763427734,True,0.09460067748872075,0.10081481933432446,0,True,True,True,True
seq_0032,31,256,0,bitflip,,sign,1.2734375,"[1,10)",16,0.12047100067138672,0.19961309432983398,0.19961309432983398,True,0.09460299439218031,0.09460299439218031,0,True,True,True,True
seq_0032,31,256,0,bitflip,,exponent,2.166641633129413e+38,"[10,inf)",16,2.0497112853462926e+37,1.847732458730008e+37,2.0497112853462926e+37,False,0.09460315236284689,0.032282463612000635,0,True,True,True,True
seq_0032,31,256,0,bitflip,,mantissa,0.00390625,"[0.001,0.01)",16,0.0003693103790283203,0.0005445480346679688,0.0005445480346679688,True,0.09454345700704686,0.1008300780991875,0,True,True,True,True
seq_0033,4,64,5,numeric,1e-06,,0.0,"[0,1e-07)",16,0.0,0.0,0.0,False,0.0,0.0,0,False,False,False,False
seq_0033,4,64,5,numeric,1e-05,,0.0,"[0,1e-07)",16,0.0,0.0,0.0,False,0.0,0.0,0,False,False,False,False
seq_0033,4,64,5,numeric,0.0001,,0.0,"[0,1e-07)",16,0.0,0.0,0.0,False,0.0,0.0,0,False,False,False,False
seq_0033,4,64,5,numeric,0.001,,0.0,"[0,1e-07)",16,0.0,0.0,0.0,False,0.0,0.0,0,False,False,False,False
seq_0033,4,64,5,numeric,0.01,,0.00390625,"[0.001,0.01)",16,0.0006203651428222656,0.0007333755493164062,0.0007333755493164062,True,0.15881347652184374,0.07287597654384374,0,True,True,True,True
seq_0033,4,64,5,numeric,0.1,,0.04296875,"[0.01,0.1)",16,0.006824493408203125,0.007121086120605469,0.007121086120605469,True,0.1588245738599401,0.08769780939071471,0,True,True,True,True
seq_0033,4,64,5,bitflip,,sign,0.84765625,"[0.1,1)",16,0.1346268653869629,0.16155242919921875,0.16155242919921875,True,0.15882247713834952,0.0766494680658658,0,True,True,True,True
seq_0033,4,64,5,bitflip,,exponent,1.4422123754266337e+38,"[10,inf)",16,2.2905622373233957e+37,2.390151910838766e+37,2.390151910838766e+37,True,0.15882281114428823,0.08079247540592598,0,True,True,True,True
seq_0033,4,64,5,bitflip,,mantissa,0.001953125,"[0.001,0.01)",16,0.00030994415283203125,0.00032329559326171875,0.00032329559326171875,True,0.15869140616875,0.08074951167740625,0,True,True,True,True
seq_0033,4,256,5,numeric,1e-06,,0.0,"[0,1e-07)",16,0.0,0.0,0.0,False,0.0,0.0,0,False,False,False,False
seq_0033,4,256,5,numeric,1e-05,,0.0,"[0,1e-07)",16,0.0,0.0,0.0,False,0.0,0.0,0,False,False,False,False
seq_0033,4,256,5,numeric,0.0001,,0.0,"[0,1e-07)",16,0.0,0.0,0.0,False,0.0,0.0,0,False,False,False,False
seq_0033,4,256,5,numeric,0.001,,0.0,"[0,1e-07)",16,0.0,0.0,0.0,False,0.0,0.0,0,False,False,False,False
seq_0033,4,256,5,numeric,0.01,,0.015625,"[0.01,0.1)",16,0.0009493827819824219,0.0023412704467773438,0.0023412704467773438,True,0.06076049804298633,0.06079101562110938,0,True,True,True,True
seq_0033,4,256,5,numeric,0.1,,0.125,"[0.1,1)",16,0.007596015930175781,0.018730640411376953,0.018730640411376953,True,0.060768127440920104,0.060768127440920104,0,True,True,True,True
seq_0033,4,256,5,bitflip,,sign,2.453125,"[1,10)",16,0.14906930923461914,0.36759042739868164,0.36759042739868164,True,0.06076710694911933,0.06076710694911933,0,True,True,True,True
seq_0033,4,256,5,bitflip,,exponent,,nonfinite,16,,0.0,,False,,,16,True,True,True,True
seq_0033,4,256,5,bitflip,,mantissa,0.0078125,"[0.001,0.01)",16,0.0004749298095703125,0.0011706352233886719,0.0011706352233886719,True,0.060791015617218745,0.060791015617218745,0,True,True,True,True
seq_0034,18,64,1,numeric,1e-06,,0.0,"[0,1e-07)",16,0.0,0.0,0.0,False,0.0,0.0,0,False,False,False,False
seq_0034,18,64,1,numeric,1e-05,,0.0,"[0,1e-07)",16,0.0,0.0,0.0,False,0.0,0.0,0,False,False,False,False
seq_0034,18,64,1,numeric,0.0001,,0.0,"[0,1e-07)",16,0.0,0.0,0.0,False,0.0,0.0,0,False,False,False,False
seq_0034,18,64,1,numeric,0.001,,0.0,"[0,1e-07)",16,0.0,0.0,0.0,False,0.0,0.0,0,False,False,False,False
seq_0034,18,64,1,numeric,0.01,,0.015625,"[0.01,0.1)",16,0.009020090103149414,0.007164478302001953,0.009020090103149414,False,0.5772857665646163,0.4032592773179414,0,True,True,True,True
seq_0034,18,64,1,numeric,0.1,,0.125,"[0.1,1)",16,0.07216084003448486,0.05731391906738281,0.07216084003448486,False,0.5772867202712606,0.36460304259962223,0,True,True,True,True
seq_0034,18,64,1,bitflip,,sign,2.546875,"[1,10)",16,1.4702764749526978,1.1677789688110352,1.4702764749526978,False,0.577286468692857,0.36460202456969004,0,True,True,True,True
seq_0034,18,64,1,bitflip,,exponent,,nonfinite,16,,0.0,,False,,,16,True,True,True,True
seq_0034,18,64,1,bitflip,,mantissa,0.0078125,"[0.001,0.01)",16,0.004510045051574707,0.003582000732421875,0.004510045051574707,False,0.5772857665276699,0.364593505812707,0,True,True,True,True
seq_0034,18,256,1,numeric,1e-06,,0.0,"[0,1e-07)",16,0.0,0.0,0.0,False,0.0,0.0,0,False,False,False,False
seq_0034,18,256,1,numeric,1e-05,,0.0,"[0,1e-07)",16,0.0,0.0,0.0,False,0.0,0.0,0,False,False,False,False
seq_0034,18,256,1,numeric,0.0001,,0.0,"[0,1e-07)",16,0.0,0.0,0.0,False,0.0,0.0,0,False,False,False,False
seq_0034,18,256,1,numeric,0.001,,0.0,"[0,1e-07)",16,0.0,0.0,0.0,False,0.0,0.0,0,False,False,False,False
seq_0034,18,256,1,numeric,0.01,,0.0078125,"[0.001,0.01)",16,0.0022449493408203125,0.002437591552734375,0.002437591552734375,True,0.28735351558821876,0.13952636716964062,0,True,True,True,True
seq_0034,18,256,1,numeric,0.1,,0.07421875,"[0.01,0.1)",16,0.02131938934326172,0.023164749145507812,0.023164749145507812,True,0.28725071956849807,0.13948781866588372,0,True,True,True,True
seq_0034,18,256,1,bitflip,,sign,1.4609375,"[1,10)",16,0.41967010498046875,0.4559898376464844,0.4559898376464844,True,0.2872608205211937,0.13948785302463712,0,True,True,True,True
seq_0034,18,256,1,bitflip,,exponent,2.4856563521177927e+38,"[10,inf)",16,,2.317180618157108e+37,2.317180618157108e+37,False,,0.06594599249528692,1,True,True,True,True
seq_0034,18,256,1,bitflip,,mantissa,0.00390625,"[0.001,0.01)",16,0.00112152099609375,0.0012187957763671875,0.0012187957763671875,True,0.28710937492649996,0.1394042968393125,0,True,True,True,True
seq_0035,31,64,1,numeric,1e-06,,0.0,"[0,1e-07)",16,0.0,0.0,0.0,False,0.0,0.0,0,False,False,False,False
seq_0035,31,64,1,numeric,1e-05,,0.0,"[0,1e-07)",16,0.0,0.0,0.0,False,0.0,0.0,0,False,False,False,False
seq_0035,31,64,1,numeric,0.0001,,0.0,"[0,1e-07)",16,0.0,0.0,0.0,False,0.0,0.0,0,False,False,False,False
seq_0035,31,64,1,numeric,0.001,,0.0,"[0,1e-07)",16,0.0,0.0,0.0,False,0.0,0.0,0,False,False,False,False
seq_0035,31,64,1,numeric,0.01,,0.0009765625,"[0.0001,0.001)",16,0.00012969970703125,0.00018596649169921875,0.00018596649169921875,True,0.132812499864,0.072265624926,0,True,True,True,True
seq_0035,31,64,1,numeric,0.1,,0.009765625,"[0.001,0.01)",16,0.0012884140014648438,0.001861572265625,0.001861572265625,True,0.13193359373649,0.07216796874261,0,True,True,True,True
seq_0035,31,64,1,bitflip,,sign,0.193359375,"[0.1,1)",16,0.02550220489501953,0.03685188293457031,0.03685188293457031,True,0.13189019097154012,0.07216205018902073,0,True,True,True,True
seq_0035,31,64,1,bitflip,,exponent,3.289839289567667e+37,"[10,inf)",16,4.339034267442905e+36,6.270018538457362e+36,6.270018538457362e+36,True,0.1318919827239682,0.07216079788978653,0,True,True,True,True
seq_0035,31,64,1,bitflip,,mantissa,0.00048828125,"[0.0001,0.001)",16,6.4849853515625e-05,9.34600830078125e-05,9.34600830078125e-05,True,0.132812499728,0.07031249985600001,0,True,True,True,True
seq_0035,31,256,1,numeric,1e-06,,0.0,"[0,1e-07)",16,0.0,0.0,0.0,False,0.0,0.0,0,False,False,False,False
seq_0035,31,256,1,numeric,1e-05,,0.0,"[0,1e-07)",16,0.0,0.0,0.0,False,0.0,0.0,0,False,False,False,False
seq_0035,31,256,1,numeric,0.0001,,0.0,"[0,1e-07)",16,0.0,0.0,0.0,False,0.0,0.0,0,False,False,False,False
seq_0035,31,256,1,numeric,0.001,,0.0,"[0,1e-07)",16,0.0,0.0,0.0,False,0.0,0.0,0,False,False,False,False
seq_0035,31,256,1,numeric,0.01,,0.0001220703125,"[0.0001,0.001)",16,9.5367431640625e-07,2.86102294921875e-06,2.86102294921875e-06,True,0.007812499936000001,0.015624999872000002,0,False,False,False,False
seq_0035,31,256,1,numeric,0.1,,0.00115966796875,"[0.001,0.01)",16,1.1444091796875e-05,1.621246337890625e-05,1.621246337890625e-05,True,0.009868421044121884,0.009868421044121884,0,False,False,False,False
seq_0035,31,256,1,bitflip,,sign,0.023193359375,"[0.01,0.1)",16,0.000232696533203125,0.00033473968505859375,0.00033473968505859375,True,0.01003289473640953,0.010115131578511247,0,True,True,True,True
seq_0035,31,256,1,bitflip,,exponent,3.946145612486469e+36,"[10,inf)",16,3.9682049117049093e+34,5.449894849549565e+34,5.449894849549565e+34,True,0.01005590087489078,0.008804308113298917,0,True,True,True,True
seq_0035,31,256,1,bitflip,,mantissa,6.103515625e-05,"[1e-05,0.0001)",16,1.9073486328125e-06,2.86102294921875e-06,2.86102294921875e-06,True,0.03124999948800001,0.015624999744000004,0,False,False,False,False
seq_0036,4,64,4,numeric,1e-06,,0.0,"[0,1e-07)",16,0.0,0.0,0.0,False,0.0,0.0,0,False,False,False,False
seq_0036,4,64,4,numeric,1e-05,,0.0,"[0,1e-07)",16,0.0,0.0,0.0,False,0.0,0.0,0,False,False,False,False
seq_0036,4,64,4,numeric,0.0001,,0.0,"[0,1e-07)",16,0.0,0.0,0.0,False,0.0,0.0,0,False,False,False,False
seq_0036,4,64,4,numeric,0.001,,0.0,"[0,1e-07)",16,0.0,0.0,0.0,False,0.0,0.0,0,False,False,False,False
seq_0036,4,64,4,numeric,0.01,,0.03125,"[0.01,0.1)",16,0.0019421577453613281,0.00440216064453125,0.00440216064453125,True,0.06214904784957373,0.11669921874626563,0,True,True,True,True
seq_0036,4,64,4,numeric,0.1,,0.359375,"[0.1,1)",16,0.02233445644378662,0.050624847412109375,0.050624847412109375,True,0.06214805271297245,0.11669921874967527,0,True,True,True,True
seq_0036,4,64,4,bitflip,,sign,7.34375,"[1,10)",16,0.45639973878860474,1.03450608253479,1.03450608253479,True,0.06214804953716325,0.1167002576462607,0,True,True,True,True
seq_0036,4,64,4,bitflip,,exponent,3.671875,"[1,10)",16,0.22819989919662476,0.5172529220581055,0.5172529220581055,True,0.06214805765353194,0.11670025764624481,0,True,True,True,True
seq_0036,4,64,4,bitflip,,mantissa,0.015625,"[0.01,0.1)",16,0.0009710788726806641,0.002201080322265625,0.002201080322265625,True,0.062149047847584966,0.11669921874253127,0,True,True,True,True
seq_0036,4,256,4,numeric,1e-06,,0.0,"[0,1e-07)",16,0.0,0.0,0.0,False,0.0,0.0,0,False,False,False,False
seq_0036,4,256,4,numeric,1e-05,,0.0,"[0,1e-07)",16,0.0,0.0,0.0,False,0.0,0.0,0,False,False,False,False
seq_0036,4,256,4,numeric,0.0001,,0.0,"[0,1e-07)",16,0.0,0.0,0.0,False,0.0,0.0,0,False,False,False,False
seq_0036,4,256,4,numeric,0.001,,0.0,"[0,1e-07)",16,0.0,0.0,0.0,False,0.0,0.0,0,False,False,False,False
seq_0036,4,256,4,numeric,0.01,,0.0009765625,"[0.0001,0.001)",16,0.00011134147644042969,0.0003560557961463928,0.0003560557961463928,True,0.11401367175825,0.1422729490730625,0,True,True,True,True
seq_0036,4,256,4,numeric,0.1,,0.0087890625,"[0.001,0.01)",16,0.0010013580322265625,0.0032045096158981323,0.0032045096158981323,True,0.1139322916537037,0.14225260415048147,0,True,True,True,True
seq_0036,4,256,4,bitflip,,sign,0.17578125,"[0.1,1)",16,0.020028233528137207,0.06409017741680145,0.06409017741680145,True,0.11393839518164348,0.1422502305764477,0,True,True,True,True
seq_0036,4,256,4,bitflip,,exponent,2.9907629905160607e+37,"[10,inf)",16,3.407618481545712e+36,1.0904379901536638e+37,1.0904379901536638e+37,True,0.11393809848361545,0.14224999745686848,0,True,True,True,True
seq_0036,4,256,4,bitflip,,mantissa,0.00048828125,"[0.0001,0.001)",16,5.555152893066406e-05,0.0001780278980731964,0.0001780278980731964,True,0.113769531017,0.14221191377125,0,True,True,True,True
seq_0037,18,64,7,numeric,1e-06,,0.0,"[0,1e-07)",16,0.0,0.0,0.0,False,0.0,0.0,0,False,False,False,False
seq_0037,18,64,7,numeric,1e-05,,0.0,"[0,1e-07)",16,0.0,0.0,0.0,False,0.0,0.0,0,False,False,False,False
seq_0037,18,64,7,numeric,0.0001,,0.0,"[0,1e-07)",16,0.0,0.0,0.0,False,0.0,0.0,0,False,False,False,False
seq_0037,18,64,7,numeric,0.001,,0.0,"[0,1e-07)",16,0.0,0.0,0.0,False,0.0,0.0,0,False,False,False,False
seq_0037,18,64,7,numeric,0.01,,0.000244140625,"[0.0001,0.001)",16,3.0279159545898438e-05,6.002187728881836e-05,6.002187728881836e-05,True,0.12402343699200001,0.125976561984,0,True,True,True,True
seq_0037,18,64,7,numeric,0.1,,0.0029296875,"[0.001,0.01)",16,0.00036203861236572266,0.0007202029228210449,0.0007202029228210449,True,0.1235758463119861,0.12565104162377777,0,True,True,True,True
seq_0037,18,64,7,bitflip,,sign,0.05859375,"[0.01,0.1)",16,0.007242560386657715,0.014404118061065674,0.014404118061065674,True,0.12360636393018212,0.1256774902322301,0,True,True,True,True
seq_0037,18,64,7,bitflip,,exponent,9.969209968386869e+36,"[10,inf)",16,1.2322499518817683e+36,1.7210194991468545e+36,1.7210194991468545e+36,True,0.12360557715098063,0.12360557715098063,0,True,True,True,True
seq_0037,18,64,7,bitflip,,mantissa,0.0001220703125,"[0.0001,0.001)",16,1.5020370483398438e-05,3.001093864440918e-05,3.001093864440918e-05,True,0.12304687399200001,0.12499999897600002,0,True,True,True,True
seq_0037,18,256,7,numeric,1e-06,,0.0,"[0,1e-07)",16,0.0,0.0,0.0,False,0.0,0.0,0,False,False,False,False
seq_0037,18,256,7,numeric,1e-05,,0.0,"[0,1e-07)",16,0.0,0.0,0.0,False,0.0,0.0,0,False,False,False,False
seq_0037,18,256,7,numeric,0.0001,,0.0,"[0,1e-07)",16,0.0,0.0,0.0,False,0.0,0.0,0,False,False,False,False
seq_0037,18,256,7,numeric,0.001,,0.0,"[0,1e-07)",16,0.0,0.0,0.0,False,0.0,0.0,0,False,False,False,False
seq_0037,18,256,7,numeric,0.01,,0.0078125,"[0.001,0.01)",16,0.0004208087921142578,0.0017910003662109375,0.0017910003662109375,True,0.053863525383730466,0.08703613280135937,0,True,True,True,True
seq_0037,18,256,7,numeric,0.1,,0.07421875,"[0.01,0.1)",16,0.0039975643157958984,0.01701498031616211,0.01701498031616211,True,0.05386191920157691,0.08700400904488036,0,True,True,True,True
seq_0037,18,256,7,bitflip,,sign,1.5,"[1,10)",16,0.08079242706298828,0.3438858985900879,0.3438858985900879,True,0.05386161804195628,0.087007204691511,0,True,True,True,True
seq_0037,18,256,7,bitflip,,exponent,2.5521177519070385e+38,"[10,inf)",16,1.374612676104407e+37,2.520123366289806e+37,2.520123366289806e+37,True,0.053861647844314575,0.06111225485801697,5,True,True,True,True
seq_0037,18,256,7,bitflip,,mantissa,0.00390625,"[0.001,0.01)",16,0.0002105236053466797,0.0008955001831054688,0.0008955001831054688,True,0.05389404295495312,0.08703613279021874,0,True,True,True,True
seq_0038,31,64,0,numeric,1e-06,,0.0,"[0,1e-07)",16,0.0,0.0,0.0,False,0.0,0.0,0,False,False,False,False
seq_0038,31,64,0,numeric,1e-05,,0.0,"[0,1e-07)",16,0.0,0.0,0.0,False,0.0,0.0,0,False,False,False,False
seq_0038,31,64,0,numeric,0.0001,,0.0,"[0,1e-07)",16,0.0,0.0,0.0,False,0.0,0.0,0,False,False,False,False
seq_0038,31,64,0,numeric,0.001,,0.0,"[0,1e-07)",16,0.0,0.0,0.0,False,0.0,0.0,0,False,False,False,False
seq_0038,31,64,0,numeric,0.01,,0.00390625,"[0.001,0.01)",16,0.00023746490478515625,0.0009279251098632812,0.0009279251098632812,True,0.06079101560943749,0.08975219724264842,0,True,True,True,True
seq_0038,31,64,0,numeric,0.1,,0.044921875,"[0.01,0.1)",16,0.0027298927307128906,0.010670661926269531,0.010670661926269531,True,0.060769786004082,0.0897694463295234,0,True,True,True,True
seq_0038,31,64,0,bitflip,,sign,0.890625,"[0.1,1)",16,0.05412101745605469,0.2115621566772461,0.2115621566772461,True,0.0607674581962037,0.08976919609193594,0,True,True,True,True
seq_0038,31,64,0,bitflip,,exponent,1.5153199151948041e+38,"[10,inf)",16,9.208142971624246e+36,1.988121720343844e+37,1.988121720343844e+37,True,0.06076698972467791,0.08562620899133515,1,True,True,True,True
seq_0038,31,64,0,bitflip,,mantissa,0.001953125,"[0.001,0.01)",16,0.000118255615234375,0.0004639625549316406,0.0004639625549316406,True,0.060546874969,0.08978271479778124,0,True,True,True,True
seq_0038,31,256,0,numeric,1e-06,,0.0,"[0,1e-07)",16,0.0,0.0,0.0,False,0.0,0.0,0,False,False,False,False
seq_0038,31,256,0,numeric,1e-05,,0.0,"[0,1e-07)",16,0.0,0.0,0.0,False,0.0,0.0,0,False,False,False,False
seq_0038,31,256,0,numeric,0.0001,,0.0,"[0,1e-07)",16,0.0,0.0,0.0,False,0.0,0.0,0,False,False,False,False
seq_0038,31,256,0,numeric,0.001,,0.0,"[0,1e-07)",16,0.0,0.0,0.0,False,0.0,0.0,0,False,False,False,False
seq_0038,31,256,0,numeric,0.01,,0.015625,"[0.01,0.1)",16,0.0007822513580322266,0.0029997825622558594,0.0029997825622558594,True,0.0500640869108584,0.05627441405889844,0,True,True,True,True
seq_0038,31,256,0,numeric,0.1,,0.1328125,"[0.1,1)",16,0.006649017333984375,0.02549600601196289,0.02549600601196289,True,0.050063189337858346,0.05627800436538508,0,True,True,True,True
seq_0038,31,256,0,bitflip,,sign,2.609375,"[1,10)",16,0.13063502311706543,0.500917911529541,0.500917911529541,True,0.05006372143406577,0.056278480027228614,0,True,True,True,True
seq_0038,31,256,0,bitflip,,exponent,,nonfinite,16,,0.0,,False,,,16,True,True,True,True
seq_0038,31,256,0,bitflip,,mantissa,0.0078125,"[0.001,0.01)",16,0.0003910064697265625,0.0015001296997070312,0.0015001296997070312,True,0.05004882811859375,0.05627441405529687,0,True,True,True,True
seq_0039,4,64,5,numeric,1e-06,,0.0,"[0,1e-07)",16,0.0,0.0,0.0,False,0.0,0.0,0,False,False,False,False
seq_0039,4,64,5,numeric,1e-05,,0.0,"[0,1e-07)",16,0.0,0.0,0.0,False,0.0,0.0,0,False,False,False,False
seq_0039,4,64,5,numeric,0.0001,,0.0,"[0,1e-07)",16,0.0,0.0,0.0,False,0.0,0.0,0,False,False,False,False
seq_0039,4,64,5,numeric,0.001,,0.0,"[0,1e-07)",16,0.0,0.0,0.0,False,0.0,0.0,0,False,False,False,False
seq_0039,4,64,5,numeric,0.01,,0.0078125,"[0.001,0.01)",16,0.0008091926574707031,0.0009980201721191406,0.0009980201721191406,True,0.10357666014299219,0.09182739256637108,0,True,True,True,True
seq_0039,4,64,5,numeric,0.1,,0.08203125,"[0.01,0.1)",16,0.008496761322021484,0.010479450225830078,0.010479450225830078,True,0.10357956659099922,0.09184047153905898,0,True,True,True,True
seq_0039,4,64,5,bitflip,,sign,1.65625,"[1,10)",16,0.1715545654296875,0.21158361434936523,0.21158361434936523,True,0.10358011497635256,0.0918409239570495,0,True,True,True,True
seq_0039,4,64,5,bitflip,,exponent,2.8179633510640217e+38,"[10,inf)",16,2.9188491719651133e+37,2.588046113690995e+37,2.9188491719651133e+37,False,0.10358009698256007,0.0500637135415707,0,True,True,True,True
seq_0039,4,64,5,bitflip,,mantissa,0.00390625,"[0.001,0.01)",16,0.0004048347473144531,0.0004992485046386719,0.0004992485046386719,True,0.10363769528596874,0.09185791013273437,0,True,True,True,True
seq_0039,4,256,5,numeric,1e-06,,0.0,"[0,1e-07)",16,0.0,0.0,0.0,False,0.0,0.0,0,False,False,False,False
seq_0039,4,256,5,numeric,1e-05,,0.0,"[0,1e-07)",16,0.0,0.0,0.0,False,0.0,0.0,0,False,False,False,False
seq_0039,4,256,5,numeric,0.0001,,0.0,"[0,1e-07)",16,0.0,0.0,0.0,False,0.0,0.0,0,False,False,False,False
seq_0039,4,256,5,numeric,0.001,,0.0,"[0,1e-07)",16,0.0,0.0,0.0,False,0.0,0.0,0,False,False,False,False
seq_0039,4,256,5,numeric,0.01,,0.0078125,"[0.001,0.01)",16,0.0013704299926757812,0.002136707305908203,0.002136707305908203,True,0.17541503904004688,0.1401977538883047,0,True,True,True,True
seq_0039,4,256,5,numeric,0.1,,0.109375,"[0.1,1)",16,0.019184112548828125,0.029909133911132812,0.029909133911132812,True,0.1753976004448249,0.1401803152888969,0,True,True,True,True
seq_0039,4,256,5,bitflip,,sign,2.15625,"[1,10)",16,0.37819671630859375,0.5896296501159668,0.5896296501159668,True,0.1753955785778172,0.14017829342158353,0,True,True,True,True
seq_0039,4,256,5,bitflip,,exponent,,nonfinite,16,,0.0,,False,,,16,True,True,True,True
seq_0039,4,256,5,bitflip,,mantissa,0.0078125,"[0.001,0.01)",16,0.0013704299926757812,0.002136707305908203,0.002136707305908203,True,0.17541503904004688,0.1401977538883047,0,True,True,True,True
seq_0040,18,64,1,numeric,1e-06,,0.0,"[0,1e-07)",16,0.0,0.0,0.0,False,0.0,0.0,0,False,False,False,False
seq_0040,18,64,1,numeric,1e-05,,0.0,"[0,1e-07)",16,0.0,0.0,0.0,False,0.0,0.0,0,False,False,False,False
seq_0040,18,64,1,numeric,0.0001,,0.0,"[0,1e-07)",16,0.0,0.0,0.0,False,0.0,0.0,0,False,False,False,False
seq_0040,18,64,1,numeric,0.001,,0.0,"[0,1e-07)",16,0.0,0.0,0.0,False,0.0,0.0,0,False,False,False,False
seq_0040,18,64,1,numeric,0.01,,0.0078125,"[0.001,0.01)",16,0.0012192726135253906,0.0017695426940917969,0.0017695426940917969,True,0.15606689451127342,0.15948486326083594,0,True,True,True,True
seq_0040,18,64,1,numeric,0.1,,0.06640625,"[0.01,0.1)",16,0.010363340377807617,0.01751708984375,0.01751708984375,True,0.15605971392228227,0.1560561236189735,0,True,True,True,True
seq_0040,18,64,1,bitflip,,sign,1.2890625,"[1,10)",16,0.2011721134185791,0.33113253116607666,0.33113253116607666,True,0.15606079101550394,0.1574418501419233,0,True,True,True,True
seq_0040,18,64,1,bitflip,,exponent,2.1932261930451112e+38,"[10,inf)",16,,2.9532694351829903e+37,2.9532694351829903e+37,False,,0.10910436456853694,1,True,True,True,True
seq_0040,18,64,1,bitflip,,mantissa,0.00390625,"[0.001,0.01)",16,0.0006096363067626953,0.000885009765625,0.000885009765625,True,0.15606689449129685,0.15954589839665623,0,True,True,True,True
seq_0040,18,256,1,numeric,1e-06,,0.0,"[0,1e-07)",16,0.0,0.0,0.0,False,0.0,0.0,0,False,False,False,False
seq_0040,18,256,1,numeric,1e-05,,0.0,"[0,1e-07)",16,0.0,0.0,0.0,False,0.0,0.0,0,False,False,False,False
seq_0040,18,256,1,numeric,0.0001,,0.0,"[0,1e-07)",16,0.0,0.0,0.0,False,0.0,0.0,0,False,False,False,False
seq_0040,18,256,1,numeric,0.001,,0.0,"[0,1e-07)",16,0.0,0.0,0.0,False,0.0,0.0,0,False,False,False,False
seq_0040,18,256,1,numeric,0.01,,0.015625,"[0.01,0.1)",16,0.005825996398925781,0.008243560791015625,0.008243560791015625,True,0.37286376950738676,0.3107910156051094,0,True,True,True,True
seq_0040,18,256,1,numeric,0.1,,0.171875,"[0.1,1)",16,0.06408977508544922,0.09067630767822266,0.09067630767822266,True,0.3728859641313532,0.31074662641864653,0,True,True,True,True
seq_0040,18,256,1,bitflip,,sign,3.484375,"[1,10)",16,1.2992830276489258,1.8382444381713867,1.8382444381713867,True,0.37288840255384476,0.31074065477849827,0,True,True,True,True
seq_0040,18,256,1,bitflip,,exponent,,nonfinite,16,,0.0,,False,,,16,True,True,True,True
seq_0040,18,256,1,bitflip,,mantissa,0.0078125,"[0.001,0.01)",16,0.0029134750366210938,0.0041217803955078125,0.0041217803955078125,True,0.37292480463976563,0.3107910155852187,0,True,True,True,True
seq_0041,31,64,1,numeric,1e-06,,0.0,"[0,1e-07)",16,0.0,0.0,0.0,False,0.0,0.0,0,False,False,False,False
seq_0041,31,64,1,numeric,1e-05,,0.0,"[0,1e-07)",16,0.0,0.0,0.0,False,0.0,0.0,0,False,False,False,False
seq_0041,31,64,1,numeric,0.0001,,0.0,"[0,1e-07)",16,0.0,0.0,0.0,False,0.0,0.0,0,False,False,False,False
seq_0041,31,64,1,numeric,0.001,,0.0,"[0,1e-07)",16,0.0,0.0,0.0,False,0.0,0.0,0,False,False,False,False
seq_0041,31,64,1,numeric,0.01,,0.00390625,"[0.001,0.01)",16,0.00026702880859375,0.00036144256591796875,0.00036144256591796875,True,0.0683593749825,0.036743164053093746,0,True,True,True,True
seq_0041,31,64,1,numeric,0.1,,0.0546875,"[0.01,0.1)",16,0.0037384033203125,0.0050601959228515625,0.0050601959228515625,True,0.06835937499875,0.03676932198593479,0,True,True,True,True
seq_0041,31,64,1,bitflip,,sign,1.125,"[1,10)",16,0.07690811157226562,0.10409832000732422,0.10409832000732422,True,0.06836276584195311,0.03677071465383016,0,True,True,True,True
seq_0041,31,64,1,bitflip,,exponent,1.914088313930279e+38,"[10,inf)",16,1.3085254867723486e+37,1.7711355585666375e+37,1.7711355585666375e+37,True,0.06836285856035021,0.03677093320422702,0,True,True,True,True
seq_0041,31,64,1,bitflip,,mantissa,0.00390625,"[0.001,0.01)",16,0.00026702880859375,0.00036144256591796875,0.00036144256591796875,True,0.0683593749825,0.036865234365562494,0,True,True,True,True
seq_0041,31,256,1,numeric,1e-06,,0.0,"[0,1e-07)",16,0.0,0.0,0.0,False,0.0,0.0,0,False,False,False,False
seq_0041,31,256,1,numeric,1e-05,,0.0,"[0,1e-07)",16,0.0,0.0,0.0,False,0.0,0.0,0,False,False,False,False
seq_0041,31,256,1,numeric,0.0001,,0.0,"[0,1e-07)",16,0.0,0.0,0.0,False,0.0,0.0,0,False,False,False,False
seq_0041,31,256,1,numeric,0.001,,0.0,"[0,1e-07)",16,0.0,0.0,0.0,False,0.0,0.0,0,False,False,False,False
seq_0041,31,256,1,numeric,0.01,,0.03125,"[0.01,0.1)",16,0.006905555725097656,0.00953817367553711,0.00953817367553711,True,0.2209777831960537,0.15606689452625586,0,True,True,True,True
seq_0041,31,256,1,numeric,0.1,,0.40625,"[0.1,1)",16,0.08976936340332031,0.1239938735961914,0.1239938735961914,True,0.22097074068455225,0.156059852012837,0,True,True,True,True
seq_0041,31,256,1,bitflip,,sign,8.4375,"[1,10)",16,1.8644418716430664,2.5752601623535156,2.5752601623535156,True,0.2209708884910039,0.15606067798753936,0,True,True,True,True
seq_0041,31,256,1,bitflip,,exponent,4.21875,"[1,10)",16,0.9322209358215332,1.2876300811767578,1.2876300811767578,True,0.2209708884909777,0.15606056495945375,0,True,True,True,True
seq_0041,31,256,1,bitflip,,mantissa,0.03125,"[0.01,0.1)",16,0.006905555725097656,0.00953817367553711,0.00953817367553711,True,0.2209777831960537,0.15606689452625586,0,True,True,True,True
seq_0042,4,64,4,numeric,1e-06,,0.0,"[0,1e-07)",16,0.0,0.0,0.0,False,0.0,0.0,0,False,False,False,False
seq_0042,4,64,4,numeric,1e-05,,0.0,"[0,1e-07)",16,0.0,0.0,0.0,False,0.0,0.0,0,False,False,False,False
seq_0042,4,64,4,numeric,0.0001,,0.0,"[0,1e-07)",16,0.0,0.0,0.0,False,0.0,0.0,0,False,False,False,False
seq_0042,4,64,4,numeric,0.001,,0.0,"[0,1e-07)",16,0.0,0.0,0.0,False,0.0,0.0,0,False,False,False,False
seq_0042,4,64,4,numeric,0.01,,0.00390625,"[0.001,0.01)",16,0.00028717517852783203,0.0007660388946533203,0.0007660388946533203,True,0.07351684568430468,0.10150861737513683,0,True,True,True,True
seq_0042,4,64,4,numeric,0.1,,0.0546875,"[0.01,0.1)",16,0.004021763801574707,0.010724782943725586,0.010724782943725586,True,0.07354082379887847,0.10150849818997734,0,True,True,True,True
seq_0042,4,64,4,bitflip,,sign,1.1171875,"[1,10)",16,0.08215987682342529,0.21909332275390625,0.21909332275390625,True,0.07354170792579737,0.10150848735453448,0,True,True,True,True
seq_0042,4,64,4,bitflip,,exponent,1.9007960339724297e+38,"[10,inf)",16,1.3978809099318362e+37,2.4019925280352577e+37,2.4019925280352577e+37,True,0.07354186798309113,0.08976941675572962,0,True,True,True,True
seq_0042,4,64,4,bitflip,,mantissa,0.00390625,"[0.001,0.01)",16,0.00028717517852783203,0.0007660388946533203,0.0007660388946533203,True,0.07351684568430468,0.10150861737513683,0,True,True,True,True
seq_0042,4,256,4,numeric,1e-06,,0.0,"[0,1e-07)",16,0.0,0.0,0.0,False,0.0,0.0,0,False,False,False,False
seq_0042,4,256,4,numeric,1e-05,,0.0,"[0,1e-07)",16,0.0,0.0,0.0,False,0.0,0.0,0,False,False,False,False
seq_0042,4,256,4,numeric,0.0001,,0.0,"[0,1e-07)",16,0.0,0.0,0.0,False,0.0,0.0,0,False,False,False,False
seq_0042,4,256,4,numeric,0.001,,0.0,"[0,1e-07)",16,0.0,0.0,0.0,False,0.0,0.0,0,False,False,False,False
seq_0042,4,256,4,numeric,0.01,,0.00390625,"[0.001,0.01)",16,0.000911712646484375,0.001132965087890625,0.001132965087890625,True,0.23339843744024996,0.15881347652184374,0,True,True,True,True
seq_0042,4,256,4,numeric,0.1,,0.037109375,"[0.01,0.1)",16,0.008661270141601562,0.010762691497802734,0.010762691497802734,True,0.23339843749371053,0.1588199013115097,0,True,True,True,True
seq_0042,4,256,4,bitflip,,sign,0.75,"[0.1,1)",16,0.17505037784576416,0.21751809120178223,0.21751809120178223,True,0.233400503794041,0.1588226954140135,0,True,True,True,True
seq_0042,4,256,4,bitflip,,exponent,1.2760588759535192e+38,"[10,inf)",16,2.978327591657942e+37,2.9959507238324347e+37,2.9959507238324347e+37,True,0.2334004839261373,0.1436310609181722,1,True,True,True,True
seq_0042,4,256,4,bitflip,,mantissa,0.001953125,"[0.001,0.01)",16,0.0004558563232421875,0.0006959438323974609,0.0006959438323974609,True,0.2333984373805,0.15185546867225,0,True,True,True,True
seq_0043,18,64,7,numeric,1e-06,,0.0,"[0,1e-07)",16,0.0,0.0,0.0,False,0.0,0.0,0,False,False,False,False
seq_0043,18,64,7,numeric,1e-05,,0.0,"[0,1e-07)",16,0.0,0.0,0.0,False,0.0,0.0,0,False,False,False,False
seq_0043,18,64,7,numeric,0.0001,,0.0,"[0,1e-07)",16,0.0,0.0,0.0,False,0.0,0.0,0,False,False,False,False
seq_0043,18,64,7,numeric,0.001,,0.0,"[0,1e-07)",16,0.0,0.0,0.0,False,0.0,0.0,0,False,False,False,False
seq_0043,18,64,7,numeric,0.01,,0.015625,"[0.01,0.1)",16,0.0011434555053710938,0.0023522377014160156,0.0023522377014160156,True,0.07318115233906641,0.0953063964782754,0,True,True,True,True
seq_0043,18,64,7,numeric,0.1,,0.1171875,"[0.1,1)",16,0.008577823638916016,0.017641067504882812,0.017641067504882812,True,0.07319742838479204,0.0952921549471035,0,True,True,True,True
seq_0043,18,64,7,bitflip,,sign,2.359375,"[1,10)",16,0.1726984977722168,0.35517168045043945,0.35517168045043945,True,0.07319671428753106,0.09529366398485199,0,True,True,True,True
seq_0043,18,64,7,bitflip,,exponent,,nonfinite,16,,0.0,,False,,,16,True,True,True,True
seq_0043,18,64,7,bitflip,,mantissa,0.0078125,"[0.001,0.01)",16,0.0005717277526855469,0.0011758804321289062,0.0011758804321289062,True,0.07318115233438281,0.09527587889405469,0,True,True,True,True
seq_0043,18,256,7,numeric,1e-06,,0.0,"[0,1e-07)",16,0.0,0.0,0.0,False,0.0,0.0,0,False,False,False,False
seq_0043,18,256,7,numeric,1e-05,,0.0,"[0,1e-07)",16,0.0,0.0,0.0,False,0.0,0.0,0,False,False,False,False
seq_0043,18,256,7,numeric,0.0001,,0.0,"[0,1e-07)",16,0.0,0.0,0.0,False,0.0,0.0,0,False,False,False,False
seq_0043,18,256,7,numeric,0.001,,0.0,"[0,1e-07)",16,0.0,0.0,0.0,False,0.0,0.0,0,False,False,False,False
seq_0043,18,256,7,numeric,0.01,,0.015625,"[0.01,0.1)",16,0.0009174346923828125,0.0024061203002929688,0.0024061203002929688,True,0.05871582030874219,0.09323120116590822,0,True,True,True,True
seq_0043,18,256,7,numeric,0.1,,0.1328125,"[0.1,1)",16,0.0077953338623046875,0.020451784133911133,0.020451784133911133,True,0.058694278492205126,0.09322222541290102,0,True,True,True,True
seq_0043,18,256,7,bitflip,,sign,2.703125,"[1,10)",16,0.158660888671875,0.41625189781188965,0.41625189781188965,True,0.058695357658937825,0.09322202825818444,0,True,True,True,True
seq_0043,18,256,7,bitflip,,exponent,,nonfinite,16,,0.0,,False,,,16,True,True,True,True
seq_0043,18,256,7,bitflip,,mantissa,0.0078125,"[0.001,0.01)",16,0.0004582405090332031,0.0012030601501464844,0.0012030601501464844,True,0.058654785148742186,0.0932006835818203,0,True,True,True,True
seq_0044,31,64,0,numeric,1e-06,,0.0,"[0,1e-07)",16,0.0,0.0,0.0,False,0.0,0.0,0,False,False,False,False
seq_0044,31,64,0,numeric,1e-05,,0.0,"[0,1e-07)",16,0.0,0.0,0.0,False,0.0,0.0,0,False,False,False,False
seq_0044,31,64,0,numeric,0.0001,,0.0,"[0,1e-07)",16,0.0,0.0,0.0,False,0.0,0.0,0,False,False,False,False
seq_0044,31,64,0,numeric,0.001,,0.0,"[0,1e-07)",16,0.0,0.0,0.0,False,0.0,0.0,0,False,False,False,False
seq_0044,31,64,0,numeric,0.01,,0.0078125,"[0.001,0.01)",16,0.0006070137023925781,0.0011057853698730469,0.0011057853698730469,True,0.07769775389630468,0.09323120115994141,0,True,True,True,True
seq_0044,31,64,0,numeric,0.1,,0.0859375,"[0.01,0.1)",16,0.006676197052001953,0.012165307998657227,0.012165307998657227,True,0.07768665660420965,0.09322287819493795,0,True,True,True,True
seq_0044,31,64,0,bitflip,,sign,1.6953125,"[1,10)",16,0.1317005157470703,0.23998761177062988,0.23998761177062988,True,0.07768509684615232,0.09322205996178257,0,True,True,True,True
seq_0044,31,64,0,bitflip,,exponent,2.8844247508532674e+38,"[10,inf)",16,2.2407674005657106e+37,2.9876899519309874e+37,2.9876899519309874e+37,True,0.07768507047732305,0.08251881050074705,6,True,True,True,True
seq_0044,31,64,0,bitflip,,mantissa,0.00390625,"[0.001,0.01)",16,0.0003032684326171875,0.0005528926849365234,0.0005528926849365234,True,0.077636718730125,0.09320068356989061,0,True,True,True,True
seq_0044,31,256,0,numeric,1e-06,,0.0,"[0,1e-07)",16,0.0,0.0,0.0,False,0.0,0.0,0,False,False,False,False
seq_0044,31,256,0,numeric,1e-05,,0.0,"[0,1e-07)",16,0.0,0.0,0.0,False,0.0,0.0,0,False,False,False,False
seq_0044,31,256,0,numeric,0.0001,,0.0,"[0,1e-07)",16,0.0,0.0,0.0,False,0.0,0.0,0,False,False,False,False
seq_0044,31,256,0,numeric,0.001,,0.0,"[0,1e-07)",16,0.0,0.0,0.0,False,0.0,0.0,0,False,False,False,False
seq_0044,31,256,0,numeric,0.01,,0.00390625,"[0.001,0.01)",16,0.0001819133758544922,0.0005717277526855469,0.0005717277526855469,True,0.04656982420682812,0.10290527341115624,0,True,True,True,True
seq_0044,31,256,0,numeric,0.1,,0.046875,"[0.01,0.1)",16,0.0021851062774658203,0.006862163543701172,0.006862163543701172,True,0.04661560058494304,0.10288492838322179,0,True,True,True,True
seq_0044,31,256,0,bitflip,,sign,0.921875,"[0.1,1)",16,0.042969465255737305,0.13495588302612305,0.13495588302612305,True,0.04661094536210516,0.10288949740123902,0,True,True,True,True
seq_0044,31,256,0,bitflip,,exponent,1.5684890350262007e+38,"[10,inf)",16,7.310890883081862e+36,2.0578804061093434e+37,2.0578804061093434e+37,True,0.04661104234598451,0.09667475748870333,0,True,True,True,True
seq_0044,31,256,0,bitflip,,mantissa,0.001953125,"[0.001,0.01)",16,9.107589721679688e-05,0.000286102294921875,0.000286102294921875,True,0.046630859351125,0.102783203072375,0,True,True,True,True
seq_0045,4,64,5,numeric,1e-06,,0.0,"[0,1e-07)",16,0.0,0.0,0.0,False,0.0,0.0,0,False,False,False,False
seq_0045,4,64,5,numeric,1e-05,,0.0,"[0,1e-07)",16,0.0,0.0,0.0,False,0.0,0.0,0,False,False,False,False
seq_0045,4,64,5,numeric,0.0001,,0.0,"[0,1e-07)",16,0.0,0.0,0.0,False,0.0,0.0,0,False,False,False,False
seq_0045,4,64,5,numeric,0.001,,0.0,"[0,1e-07)",16,0.0,0.0,0.0,False,0.0,0.0,0,False,False,False,False
seq_0045,4,64,5,numeric,0.01,,0.00048828125,"[0.0001,0.001)",16,4.9233436584472656e-05,0.000110626220703125,0.000110626220703125,True,0.1008300779185,0.142578124708,0,True,True,True,True
seq_0045,4,64,5,numeric,0.1,,0.0068359375,"[0.001,0.01)",16,0.0006891489028930664,0.0015482902526855469,0.0015482902526855469,True,0.10081263949418112,0.14226422988990306,0,True,True,True,True
seq_0045,4,64,5,bitflip,,sign,0.13671875,"[0.1,1)",16,0.013783693313598633,0.03096628189086914,0.03096628189086914,True,0.10081787109301259,0.14225027901681667,0,True,True,True,True
seq_0045,4,64,5,bitflip,,exponent,2.326148992623603e+37,"[10,inf)",16,2.3451759527640534e+36,5.268614495270968e+36,5.268614495270968e+36,True,0.10081795964922224,0.14224999291556223,0,True,True,True,True
seq_0045,4,64,5,bitflip,,mantissa,0.00048828125,"[0.0001,0.001)",16,4.9233436584472656e-05,0.000110626220703125,0.000110626220703125,True,0.1008300779185,0.142578124708,0,True,True,True,True
seq_0045,4,256,5,numeric,1e-06,,0.0,"[0,1e-07)",16,0.0,0.0,0.0,False,0.0,0.0,0,False,False,False,False
seq_0045,4,256,5,numeric,1e-05,,0.0,"[0,1e-07)",16,0.0,0.0,0.0,False,0.0,0.0,0,False,False,False,False
seq_0045,4,256,5,numeric,0.0001,,0.0,"[0,1e-07)",16,0.0,0.0,0.0,False,0.0,0.0,0,False,False,False,False
seq_0045,4,256,5,numeric,0.001,,0.0,"[0,1e-07)",16,0.0,0.0,0.0,False,0.0,0.0,0,False,False,False,False
seq_0045,4,256,5,numeric,0.01,,0.0625,"[0.01,0.1)",16,0.01804065704345703,0.03141927719116211,0.03141927719116211,True,0.2886505126906941,0.35907745360753596,0,True,True,True,True
seq_0045,4,256,5,numeric,0.1,,0.6875,"[0.1,1)",16,0.1984424591064453,0.3456120491027832,0.3456120491027832,True,0.28864357688168246,0.35907745361275895,0,True,True,True,True
seq_0045,4,256,5,bitflip,,sign,13.5625,"[10,inf)",16,3.9147238731384277,6.817986488342285,6.817986488342285,True,0.2886432348857614,0.3590776294057555,0,True,True,True,True
seq_0045,4,256,5,bitflip,,exponent,6.78125,"[1,10)",16,1.957362174987793,3.4089930057525635,3.4089930057525635,True,0.2886432700442403,0.359077629405729,0,True,True,True,True
seq_0045,4,256,5,bitflip,,mantissa,0.03125,"[0.01,0.1)",16,0.009020805358886719,0.015709400177001953,0.015709400177001953,True,0.2886657714751377,0.3590698242072598,0,True,True,True,True
seq_0046,18,64,1,numeric,1e-06,,0.0,"[0,1e-07)",16,0.0,0.0,0.0,False,0.0,0.0,0,False,False,False,False
seq_0046,18,64,1,numeric,1e-05,,0.0,"[0,1e-07)",16,0.0,0.0,0.0,False,0.0,0.0,0,False,False,False,False
seq_0046,18,64,1,numeric,0.0001,,0.0,"[0,1e-07)",16,0.0,0.0,0.0,False,0.0,0.0,0,False,False,False,False
seq_0046,18,64,1,numeric,0.001,,0.0,"[0,1e-07)",16,0.0,0.0,0.0,False,0.0,0.0,0,False,False,False,False
seq_0046,18,64,1,numeric,0.01,,0.03125,"[0.01,0.1)",16,0.0011544227600097656,0.003431081771850586,0.003431081771850586,True,0.03694152831913037,0.06870812177438215,0,True,True,True,True
seq_0046,18,64,1,numeric,0.1,,0.296875,"[0.1,1)",16,0.010967612266540527,0.03259539604187012,0.03259539604187012,True,0.036943536055591024,0.06870813118760907,0,True,True,True,True
seq_0046,18,64,1,bitflip,,sign,5.875,"[1,10)",16,0.21704351902008057,0.6450450420379639,0.6450450420379639,True,0.03694357770553934,0.06870814079932809,0,True,True,True,True
seq_0046,18,64,1,bitflip,,exponent,2.9375,"[1,10)",16,0.10852169990539551,0.3225224018096924,0.3225224018096924,True,0.03694355741459015,0.06870815601752357,0,True,True,True,True
seq_0046,18,64,1,bitflip,,mantissa,0.015625,"[0.01,0.1)",16,0.0005772113800048828,0.0017156600952148438,0.0017156600952148438,True,0.036941528317948245,0.06870806216753872,0,True,True,True,True
seq_0046,18,256,1,numeric,1e-06,,0.0,"[0,1e-07)",16,0.0,0.0,0.0,False,0.0,0.0,0,False,False,False,False
seq_0046,18,256,1,numeric,1e-05,,0.0,"[0,1e-07)",16,0.0,0.0,0.0,False,0.0,0.0,0,False,False,False,False
seq_0046,18,256,1,numeric,0.0001,,0.0,"[0,1e-07)",16,0.0,0.0,0.0,False,0.0,0.0,0,False,False,False,False
seq_0046,18,256,1,numeric,0.001,,0.0,"[0,1e-07)",16,0.0,0.0,0.0,False,0.0,0.0,0,False,False,False,False
seq_0046,18,256,1,numeric,0.01,,0.015625,"[0.01,0.1)",16,0.0035605430603027344,0.004165172576904297,0.004165172576904297,True,0.22787475584479103,0.12841796874178127,0,True,True,True,True
seq_0046,18,256,1,numeric,0.1,,0.1484375,"[0.1,1)",16,0.03382539749145508,0.0395655632019043,0.0395655632019043,True,0.22787636204616218,0.12843724300900317,0,True,True,True,True
seq_0046,18,256,1,bitflip,,sign,2.96875,"[1,10)",16,0.6765074729919434,0.7913084030151367,0.7913084030151367,True,0.22787620142878837,0.128439170435812,0,True,True,True,True
seq_0046,18,256,1,bitflip,,exponent,,nonfinite,16,,0.0,,False,,,16,True,True,True,True
seq_0046,18,256,1,bitflip,,mantissa,0.0078125,"[0.001,0.01)",16,0.0017805099487304688,0.002082347869873047,0.002082347869873047,True,0.2279052734083281,0.12847900388980468,0,True,True,True,True
seq_0047,31,64,1,numeric,1e-06,,0.0,"[0,1e-07)",16,0.0,0.0,0.0,False,0.0,0.0,0,False,False,False,False
seq_0047,31,64,1,numeric,1e-05,,0.0,"[0,1e-07)",16,0.0,0.0,0.0,False,0.0,0.0,0,False,False,False,False
seq_0047,31,64,1,numeric,0.0001,,0.0,"[0,1e-07)",16,0.0,0.0,0.0,False,0.0,0.0,0,False,False,False,False
seq_0047,31,64,1,numeric,0.001,,0.0,"[0,1e-07)",16,0.0,0.0,0.0,False,0.0,0.0,0,False,False,False,False
seq_0047,31,64,1,numeric,0.01,,0.015625,"[0.01,0.1)",16,0.0010573863983154297,0.004100322723388672,0.004100322723388672,True,0.06767272948785645,0.12567138671070704,0,True,True,True,True
seq_0047,31,64,1,numeric,0.1,,0.1796875,"[0.1,1)",16,0.01215982437133789,0.047150611877441406,0.047150611877441406,True,0.06767206606619948,0.12567669412294188,0,True,True,True,True
seq_0047,31,64,1,bitflip,,sign,3.625,"[1,10)",16,0.24531221389770508,0.9512104988098145,0.9512104988098145,True,0.06767233486831377,0.1256771745352563,0,True,True,True,True
seq_0047,31,64,1,bitflip,,exponent,,nonfinite,16,,0.0,,False,,,16,True,True,True,True
seq_0047,31,64,1,bitflip,,mantissa,0.0078125,"[0.001,0.01)",16,0.0005285739898681641,0.0020503997802734375,0.0020503997802734375,True,0.06765747069446484,0.12567138670266406,0,True,True,True,True
seq_0047,31,256,1,numeric,1e-06,,0.0,"[0,1e-07)",16,0.0,0.0,0.0,False,0.0,0.0,0,False,False,False,False
seq_0047,31,256,1,numeric,1e-05,,0.0,"[0,1e-07)",16,0.0,0.0,0.0,False,0.0,0.0,0,False,False,False,False
seq_0047,31,256,1,numeric,0.0001,,0.0,"[0,1e-07)",16,0.0,0.0,0.0,False,0.0,0.0,0,False,False,False,False
seq_0047,31,256,1,numeric,0.001,,0.0,"[0,1e-07)",16,0.0,0.0,0.0,False,0.0,0.0,0,False,False,False,False
seq_0047,31,256,1,numeric,0.01,,0.0078125,"[0.001,0.01)",16,0.0007762908935546875,0.0015535354614257812,0.0015535354614257812,True,0.09936523436228124,0.10424804686165624,0,True,True,True,True
seq_0047,31,256,1,numeric,0.1,,0.109375,"[0.1,1)",16,0.010876655578613281,0.02175140380859375,0.02175140380859375,True,0.09944370814641222,0.10427420479815377,0,True,True,True,True
seq_0047,31,256,1,bitflip,,sign,2.171875,"[1,10)",16,0.21596431732177734,0.4319286346435547,0.4319286346435547,True,0.09943680797544882,0.10427044106897176,0,True,True,True,True
seq_0047,31,256,1,bitflip,,exponent,,nonfinite,16,,0.0,,False,,,16,True,True,True,True
seq_0047,31,256,1,bitflip,,mantissa,0.0078125,"[0.001,0.01)",16,0.0007762908935546875,0.0015535354614257812,0.0015535354614257812,True,0.09936523436228124,0.10424804686165624,0,True,True,True,True
seq_0048,4,64,4,numeric,1e-06,,0.0,"[0,1e-07)",16,0.0,0.0,0.0,False,0.0,0.0,0,False,False,False,False
seq_0048,4,64,4,numeric,1e-05,,0.0,"[0,1e-07)",16,0.0,0.0,0.0,False,0.0,0.0,0,False,False,False,False
seq_0048,4,64,4,numeric,0.0001,,0.0,"[0,1e-07)",16,0.0,0.0,0.0,False,0.0,0.0,0,False,False,False,False
seq_0048,4,64,4,numeric,0.001,,0.0,"[0,1e-07)",16,0.0,0.0,0.0,False,0.0,0.0,0,False,False,False,False
seq_0048,4,64,4,numeric,0.01,,0.001953125,"[0.001,0.01)",16,0.0002751350402832031,0.0004990100860595703,0.0004990100860595703,True,0.140869140552875,0.12083435052407031,0,True,True,True,True
seq_0048,4,64,4,numeric,0.1,,0.0205078125,"[0.01,0.1)",16,0.002888917922973633,0.005239725112915039,0.005239725112915039,True,0.14086914061813097,0.12084379649708363,0,True,True,True,True
seq_0048,4,64,4,bitflip,,sign,0.40234375,"[0.1,1)",16,0.056677818298339844,0.10279786586761475,0.10279786586761475,True,0.1408691406246499,0.12084346141599972,0,True,True,True,True
seq_0048,4,64,4,bitflip,,exponent,6.845524178292317e+37,"[10,inf)",16,9.643216503255077e+36,1.7490148020625348e+37,1.7490148020625348e+37,True,0.14086892766859924,0.12084344289835217,0,True,True,True,True
seq_0048,4,64,4,bitflip,,mantissa,0.0009765625,"[0.0001,0.001)",16,0.00013756752014160156,0.00024950504302978516,0.00024950504302978516,True,0.14086914048075,0.12084960925125,0,True,True,True,True
seq_0048,4,256,4,numeric,1e-06,,0.0,"[0,1e-07)",16,0.0,0.0,0.0,False,0.0,0.0,0,False,False,False,False
seq_0048,4,256,4,numeric,1e-05,,0.0,"[0,1e-07)",16,0.0,0.0,0.0,False,0.0,0.0,0,False,False,False,False
seq_0048,4,256,4,numeric,0.0001,,0.0,"[0,1e-07)",16,0.0,0.0,0.0,False,0.0,0.0,0,False,False,False,False
seq_0048,4,256,4,numeric,0.001,,0.0,"[0,1e-07)",16,0.0,0.0,0.0,False,0.0,0.0,0,False,False,False,False
seq_0048,4,256,4,numeric,0.01,,0.00390625,"[0.001,0.01)",16,0.0003266334533691406,0.0010088086128234863,0.0010088086128234863,True,0.08361816404109373,0.12438964840565624,0,True,True,True,True
seq_0048,4,256,4,numeric,0.1,,0.044921875,"[0.01,0.1)",16,0.003753662109375,0.011601507663726807,0.011601507663726807,True,0.08355978260683554,0.12429942255158082,0,True,True,True,True
seq_0048,4,256,4,bitflip,,sign,0.90625,"[0.1,1)",16,0.07572126388549805,0.23404783010482788,0.23404783010482788,True,0.08355449808045737,0.12429612258371253,0,True,True,True,True
seq_0048,4,256,4,bitflip,,exponent,1.5419044751105024e+38,"[10,inf)",16,1.288332193005893e+37,2.6724909119553186e+37,2.6724909119553186e+37,True,0.08355460495784364,0.11048543042150037,0,True,True,True,True
seq_0048,4,256,4,bitflip,,mantissa,0.001953125,"[0.001,0.01)",16,0.00016307830810546875,0.0005044341087341309,0.0005044341087341309,True,0.08349609370725,0.124267578061375,0,True,True,True,True
seq_0049,18,64,7,numeric,1e-06,,0.0,"[0,1e-07)",16,0.0,0.0,0.0,False,0.0,0.0,0,False,False,False,False
seq_0049,18,64,7,numeric,1e-05,,0.0,"[0,1e-07)",16,0.0,0.0,0.0,False,0.0,0.0,0,False,False,False,False
seq_0049,18,64,7,numeric,0.0001,,0.0,"[0,1e-07)",16,0.0,0.0,0.0,False,0.0,0.0,0,False,False,False,False
seq_0049,18,64,7,numeric,0.001,,0.0,"[0,1e-07)",16,0.0,0.0,0.0,False,0.0,0.0,0,False,False,False,False
seq_0049,18,64,7,numeric,0.01,,0.015625,"[0.01,0.1)",16,0.0025353431701660156,0.004639387130737305,0.004639387130737305,True,0.16226196288024025,0.17468261717632033,0,True,True,True,True
seq_0049,18,64,7,numeric,0.1,,0.171875,"[0.1,1)",16,0.027890920639038086,0.05103468894958496,0.05103468894958496,True,0.16227444735345925,0.17470481178875627,0,True,True,True,True
seq_0049,18,64,7,bitflip,,sign,3.484375,"[1,10)",16,0.5654284954071045,1.0346139669418335,1.0346139669418335,True,0.16227544262800134,0.1747050606081337,0,True,True,True,True
seq_0049,18,64,7,bitflip,,exponent,,nonfinite,16,,0.0,,False,,,16,True,True,True,True
seq_0049,18,64,7,bitflip,,mantissa,0.0078125,"[0.001,0.01)",16,0.0012676715850830078,0.002319812774658203,0.002319812774658203,True,0.16226196286985545,0.1746826171651406,0,True,True,True,True
seq_0049,18,256,7,numeric,1e-06,,0.0,"[0,1e-07)",16,0.0,0.0,0.0,False,0.0,0.0,0,False,False,False,False
seq_0049,18,256,7,numeric,1e-05,,0.0,"[0,1e-07)",16,0.0,0.0,0.0,False,0.0,0.0,0,False,False,False,False
seq_0049,18,256,7,numeric,0.0001,,0.0,"[0,1e-07)",16,0.0,0.0,0.0,False,0.0,0.0,0,False,False,False,False
seq_0049,18,256,7,numeric,0.001,,0.0,"[0,1e-07)",16,0.0,0.0,0.0,False,0.0,0.0,0,False,False,False,False
seq_0049,18,256,7,numeric,0.01,,0.0078125,"[0.001,0.01)",16,0.0009765625,0.0015535354614257812,0.0015535354614257812,True,0.124999999984,0.10974121092345313,0,True,True,True,True
seq_0049,18,256,7,numeric,0.1,,0.09375,"[0.01,0.1)",16,0.011716842651367188,0.01864457130432129,0.01864457130432129,True,0.12497965494658354,0.10979207356653721,0,True,True,True,True
seq_0049,18,256,7,bitflip,,sign,1.890625,"[1,10)",16,0.23630332946777344,0.3759956359863281,0.3759956359863281,True,0.12498688500768182,0.10979467975200803,0,True,True,True,True
seq_0049,18,256,7,bitflip,,exponent,3.2167317497994964e+38,"[10,inf)",16,,0.0,,False,,,16,True,True,True,True
seq_0049,18,256,7,bitflip,,mantissa,0.00390625,"[0.001,0.01)",16,0.00048828125,0.0007770061492919922,0.0007770061492919922,True,0.12499999996799999,0.10986328122187498,0,True,True,True,True
seq_0050,31,64,0,numeric,1e-06,,0.0,"[0,1e-07)",16,0.0,0.0,0.0,False,0.0,0.0,0,False,False,False,False
seq_0050,31,64,0,numeric,1e-05,,0.0,"[0,1e-07)",16,0.0,0.0,0.0,False,0.0,0.0,0,False,False,False,False
seq_0050,31,64,0,numeric,0.0001,,0.0,"[0,1e-07)",16,0.0,0.0,0.0,False,0.0,0.0,0,False,False,False,False
seq_0050,31,64,0,numeric,0.001,,0.0,"[0,1e-07)",16,0.0,0.0,0.0,False,0.0,0.0,0,False,False,False,False
seq_0050,31,64,0,numeric,0.01,,0.0078125,"[0.001,0.01)",16,0.0010194778442382812,0.0018558502197265625,0.0018558502197265625,True,0.13049316404579686,0.1132202148292578,0,True,True,True,True
seq_0050,31,64,0,numeric,0.1,,0.06640625,"[0.01,0.1)",16,0.0086669921875,0.01577472686767578,0.01577472686767578,True,0.13051470588038752,0.11324534696520641,0,True,True,True,True
seq_0050,31,64,0,bitflip,,sign,1.3125,"[1,10)",16,0.171295166015625,0.31177616119384766,0.31177616119384766,True,0.13051060267847198,0.11324746268127532,0,True,True,True,True
seq_0050,31,64,0,bitflip,,exponent,2.2331030329186587e+38,"[10,inf)",16,2.91444332553896e+37,2.960704205953329e+37,2.960704205953329e+37,True,0.13051092057001024,0.09943688483465285,4,True,True,True,True
seq_0050,31,64,0,bitflip,,mantissa,0.00390625,"[0.001,0.01)",16,0.0005102157592773438,0.0009279251098632812,0.0009279251098632812,True,0.1306152343415625,0.11328124997099999,0,True,True,True,True
seq_0050,31,256,0,numeric,1e-06,,0.0,"[0,1e-07)",16,0.0,0.0,0.0,False,0.0,0.0,0,False,False,False,False
seq_0050,31,256,0,numeric,1e-05,,0.0,"[0,1e-07)",16,0.0,0.0,0.0,False,0.0,0.0,0,False,False,False,False
seq_0050,31,256,0,numeric,0.0001,,0.0,"[0,1e-07)",16,0.0,0.0,0.0,False,0.0,0.0,0,False,False,False,False
seq_0050,31,256,0,numeric,0.001,,0.0,"[0,1e-07)",16,0.0,0.0,0.0,False,0.0,0.0,0,False,False,False,False
seq_0050,31,256,0,numeric,0.01,,0.00048828125,"[0.0001,0.001)",16,5.9604644775390625e-05,0.00014638900756835938,0.00014638900756835938,True,0.12207031225000001,0.17675781213800001,0,True,True,True,True
seq_0050,31,256,0,numeric,0.1,,0.006591796875,"[0.001,0.01)",16,0.0008015632629394531,0.001975536346435547,0.001975536346435547,True,0.12160011572229354,0.17672164349170918,0,True,True,True,True
seq_0050,31,256,0,bitflip,,sign,0.1318359375,"[0.1,1)",16,0.016022682189941406,0.03950977325439453,0.03950977325439453,True,0.1215350115731522,0.17677589698939986,0,True,True,True,True
seq_0050,31,256,0,bitflip,,exponent,2.2430722428870455e+37,"[10,inf)",16,2.7260949753841596e+36,6.722302328462192e+36,6.722302328462192e+36,True,0.12153398019296152,0.17677668818721065,0,True,True,True,True
seq_0050,31,256,0,bitflip,,mantissa,0.00048828125,"[0.0001,0.001)",16,5.9604644775390625e-05,0.00014638900756835938,0.00014638900756835938,True,0.12207031225000001,0.17675781213800001,0,True,True,True,True
seq_0051,4,64,5,numeric,1e-06,,0.0,"[0,1e-07)",16,0.0,0.0,0.0,False,0.0,0.0,0,False,False,False,False
seq_0051,4,64,5,numeric,1e-05,,0.0,"[0,1e-07)",16,0.0,0.0,0.0,False,0.0,0.0,0,False,False,False,False
seq_0051,4,64,5,numeric,0.0001,,0.0,"[0,1e-07)",16,0.0,0.0,0.0,False,0.0,0.0,0,False,False,False,False
seq_0051,4,64,5,numeric,0.001,,0.0,"[0,1e-07)",16,0.0,0.0,0.0,False,0.0,0.0,0,False,False,False,False
seq_0051,4,64,5,numeric,0.01,,0.015625,"[0.01,0.1)",16,0.0014781951904296875,0.00591278076171875,0.00591278076171875,True,0.09460449218144532,0.204406738268168,0,True,True,True,True
seq_0051,4,64,5,numeric,0.1,,0.15625,"[0.1,1)",16,0.014781951904296875,0.05524253845214844,0.05524253845214844,True,0.09460449218689453,0.10910339355398924,0,True,True,True,True
seq_0051,4,64,5,bitflip,,sign,3.15625,"[1,10)",16,0.29859113693237305,1.1159029006958008,1.1159029006958008,True,0.09460313249339515,0.10910442087906506,0,True,True,True,True
seq_0051,4,64,5,bitflip,,exponent,,nonfinite,16,,0.0,,False,,,16,True,True,True,True
seq_0051,4,64,5,bitflip,,mantissa,0.0078125,"[0.001,0.01)",16,0.0007390975952148438,0.002762317657470703,0.002762317657470703,True,0.09460449217539062,0.10913085936103124,0,True,True,True,True
seq_0051,4,256,5,numeric,1e-06,,0.0,"[0,1e-07)",16,0.0,0.0,0.0,False,0.0,0.0,0,False,False,False,False
seq_0051,4,256,5,numeric,1e-05,,0.0,"[0,1e-07)",16,0.0,0.0,0.0,False,0.0,0.0,0,False,False,False,False
seq_0051,4,256,5,numeric,0.0001,,0.0,"[0,1e-07)",16,0.0,0.0,0.0,False,0.0,0.0,0,False,False,False,False
seq_0051,4,256,5,numeric,0.001,,0.0,"[0,1e-07)",16,0.0,0.0,0.0,False,0.0,0.0,0,False,False,False,False
seq_0051,4,256,5,numeric,0.01,,0.0078125,"[0.001,0.01)",16,0.0009975433349609375,0.0024061203002929688,0.0024061203002929688,True,0.12768554685865624,0.12768554685865624,0,True,True,True,True
seq_0051,4,256,5,numeric,0.1,,0.07421875,"[0.01,0.1)",16,0.009480476379394531,0.02285778522491455,0.02285778522491455,True,0.1277369448995947,0.1277369448995947,0,True,True,True,True
seq_0051,4,256,5,bitflip,,sign,1.453125,"[1,10)",16,0.18563461303710938,0.44753074645996094,0.44753074645996094,True,0.12774855090717013,0.12774855090717013,0,True,True,True,True
seq_0051,4,256,5,bitflip,,exponent,2.4723640721599435e+38,"[10,inf)",16,,2.9876899519309874e+37,2.9876899519309874e+37,False,,0.12084344638291225,15,True,True,True,True
seq_0051,4,256,5,bitflip,,mantissa,0.00390625,"[0.001,0.01)",16,0.000499725341796875,0.0012030601501464844,0.0012030601501464844,True,0.12792968746724998,0.12792968746724998,0,True,True,True,True
seq_0052,18,64,1,numeric,1e-06,,0.0,"[0,1e-07)",16,0.0,0.0,0.0,False,0.0,0.0,0,False,False,False,False
seq_0052,18,64,1,numeric,1e-05,,0.0,"[0,1e-07)",16,0.0,0.0,0.0,False,0.0,0.0,0,False,False,False,False
seq_0052,18,64,1,numeric,0.0001,,0.0,"[0,1e-07)",16,0.0,0.0,0.0,False,0.0,0.0,0,False,False,False,False
seq_0052,18,64,1,numeric,0.001,,0.0,"[0,1e-07)",16,0.0,0.0,0.0,False,0.0,0.0,0,False,False,False,False
seq_0052,18,64,1,numeric,0.01,,0.015625,"[0.01,0.1)",16,0.0017476081848144531,0.002956390380859375,0.002956390380859375,True,0.11184692382096681,0.11184692382096681,0,True,True,True,True
seq_0052,18,64,1,numeric,0.1,,0.1640625,"[0.1,1)",16,0.018352985382080078,0.031041622161865234,0.031041622161865234,True,0.11186581566152053,0.11186581566152053,0,True,True,True,True
seq_0052,18,64,1,bitflip,,sign,3.296875,"[1,10)",16,0.36880970001220703,0.6237897872924805,0.6237897872924805,True,0.1118664492927682,0.1118664492927682,0,True,True,True,True
seq_0052,18,64,1,bitflip,,exponent,,nonfinite,16,,0.0,,False,,,16,True,True,True,True
seq_0052,18,64,1,bitflip,,mantissa,0.0078125,"[0.001,0.01)",16,0.000873565673828125,0.0014781951904296875,0.0014781951904296875,True,0.11181640623568749,0.11181640623568749,0,True,True,True,True
seq_0052,18,256,1,numeric,1e-06,,0.0,"[0,1e-07)",16,0.0,0.0,0.0,False,0.0,0.0,0,False,False,False,False
seq_0052,18,256,1,numeric,1e-05,,0.0,"[0,1e-07)",16,0.0,0.0,0.0,False,0.0,0.0,0,False,False,False,False
seq_0052,18,256,1,numeric,0.0001,,0.0,"[0,1e-07)",16,0.0,0.0,0.0,False,0.0,0.0,0,False,False,False,False
seq_0052,18,256,1,numeric,0.001,,0.0,"[0,1e-07)",16,0.0,0.0,0.0,False,0.0,0.0,0,False,False,False,False
seq_0052,18,256,1,numeric,0.01,,0.03125,"[0.01,0.1)",16,0.0037331581115722656,0.004423737525939941,0.004423737525939941,True,0.11946105956648975,0.07872009277091846,0,True,True,True,True
seq_0052,18,256,1,numeric,0.1,,0.234375,"[0.1,1)",16,0.027999043464660645,0.03317800164222717,0.03317800164222717,True,0.11946258544870904,0.07872009277310163,0,True,True,True,True
seq_0052,18,256,1,bitflip,,sign,4.84375,"[1,10)",16,0.5786458253860474,0.6856786012649536,0.6856786012649536,True,0.11946236395064318,0.07872088032382447,0,True,True,True,True
seq_0052,18,256,1,bitflip,,exponent,2.421875,"[1,10)",16,0.2893228530883789,0.3428393304347992,0.3428393304347992,True,0.1194623393396684,0.07872088032380822,0,True,True,True,True
seq_0052,18,256,1,bitflip,,mantissa,0.015625,"[0.01,0.1)",16,0.0018665790557861328,0.0022118687629699707,0.0022118687629699707,True,0.119461059562667,0.07872009276839942,0,True,True,True,True
seq_0053,31,64,1,numeric,1e-06,,0.0,"[0,1e-07)",16,0.0,0.0,0.0,False,0.0,0.0,0,False,False,False,False
seq_0053,31,64,1,numeric,1e-05,,0.0,"[0,1e-07)",16,0.0,0.0,0.0,False,0.0,0.0,0,False,False,False,False
seq_0053,31,64,1,numeric,0.0001,,0.0,"[0,1e-07)",16,0.0,0.0,0.0,False,0.0,0.0,0,False,False,False,False
seq_0053,31,64,1,numeric,0.001,,0.0,"[0,1e-07)",16,0.0,0.0,0.0,False,0.0,0.0,0,False,False,False,False
seq_0053,31,64,1,numeric,0.01,,0.00390625,"[0.001,0.01)",16,0.00038623809814453125,0.0003452301025390625,0.00038623809814453125,False,0.09887695309968748,0.06542968748325,0,True,True,True,True
seq_0053,31,64,1,numeric,0.1,,0.0546875,"[0.01,0.1)",16,0.005400657653808594,0.004834175109863281,0.005400657653808594,False,0.0987548828106942,0.06558663504344356,0,True,True,True,True
seq_0053,31,64,1,bitflip,,sign,1.078125,"[1,10)",16,0.1064605712890625,0.09529399871826172,0.1064605712890625,False,0.09874603713758956,0.06560129359142465,0,True,True,True,True
seq_0053,31,64,1,bitflip,,exponent,1.834334634183184e+38,"[10,inf)",16,1.8113385902926357e+37,2.280006510775295e+37,2.280006510775295e+37,True,0.09874635502911996,0.07043446665224821,0,True,True,True,True
seq_0053,31,64,1,bitflip,,mantissa,0.00390625,"[0.001,0.01)",16,0.00038623809814453125,0.0003452301025390625,0.00038623809814453125,False,0.09887695309968748,0.06542968748325,0,True,True,True,True
seq_0053,31,256,1,numeric,1e-06,,0.0,"[0,1e-07)",16,0.0,0.0,0.0,False,0.0,0.0,0,False,False,False,False
seq_0053,31,256,1,numeric,1e-05,,0.0,"[0,1e-07)",16,0.0,0.0,0.0,False,0.0,0.0,0,False,False,False,False
seq_0053,31,256,1,numeric,0.0001,,0.0,"[0,1e-07)",16,0.0,0.0,0.0,False,0.0,0.0,0,False,False,False,False
seq_0053,31,256,1,numeric,0.001,,0.0,"[0,1e-07)",16,0.0,0.0,0.0,False,0.0,0.0,0,False,False,False,False
seq_0053,31,256,1,numeric,0.01,,0.0078125,"[0.001,0.01)",16,0.0003333091735839844,0.0009984970092773438,0.0009984970092773438,True,0.04266357421328906,0.07531738280285936,0,True,True,True,True
seq_0053,31,256,1,numeric,0.1,,0.109375,"[0.1,1)",16,0.004663944244384766,0.013973236083984375,0.013973236083984375,True,0.042641775948270844,0.07526506696359757,0,True,True,True,True
seq_0053,31,256,1,bitflip,,sign,2.203125,"[1,10)",16,0.09394216537475586,0.2814459800720215,0.2814459800720215,True,0.04264041548923153,0.0752689009862247,0,True,True,True,True
seq_0053,31,256,1,bitflip,,exponent,,nonfinite,16,,0.0,,False,,,16,True,True,True,True
seq_0053,31,256,1,bitflip,,mantissa,0.0078125,"[0.001,0.01)",16,0.0003333091735839844,0.0009975433349609375,0.0009975433349609375,True,0.04266357421328906,0.07531738280285936,0,True,True,True,True
seq_0054,4,64,4,numeric,1e-06,,0.0,"[0,1e-07)",16,0.0,0.0,0.0,False,0.0,0.0,0,False,False,False,False
seq_0054,4,64,4,numeric,1e-05,,0.0,"[0,1e-07)",16,0.0,0.0,0.0,False,0.0,0.0,0,False,False,False,False
seq_0054,4,64,4,numeric,0.0001,,0.0,"[0,1e-07)",16,0.0,0.0,0.0,False,0.0,0.0,0,False,False,False,False
seq_0054,4,64,4,numeric,0.001,,0.0,"[0,1e-07)",16,0.0,0.0,0.0,False,0.0,0.0,0,False,False,False,False
seq_0054,4,64,4,numeric,0.01,,0.015625,"[0.01,0.1)",16,0.0024923980236053467,0.0034742355346679688,0.0034742355346679688,True,0.15951347350053333,0.09736633300158107,0,True,True,True,True
seq_0054,4,64,4,numeric,0.1,,0.125,"[0.1,1)",16,0.01993916928768158,0.0277940034866333,0.0277940034866333,True,0.15951335430017652,0.09736633300703357,0,True,True,True,True
seq_0054,4,64,4,bitflip,,sign,2.4375,"[1,10)",16,0.3888137936592102,0.5419828295707703,0.5419828295707703,True,0.15951335124473873,0.09736535488026854,0,True,True,True,True
seq_0054,4,64,4,bitflip,,exponent,,nonfinite,16,,0.0,,False,,,16,True,True,True,True
seq_0054,4,64,4,bitflip,,mantissa,0.0078125,"[0.001,0.01)",16,0.0012461990118026733,0.0017371177673339844,0.0017371177673339844,True,0.15951347349032446,0.09738159178441015,0,True,True,True,True
seq_0054,4,256,4,numeric,1e-06,,0.0,"[0,1e-07)",16,0.0,0.0,0.0,False,0.0,0.0,0,False,False,False,False
seq_0054,4,256,4,numeric,1e-05,,0.0,"[0,1e-07)",16,0.0,0.0,0.0,False,0.0,0.0,0,False,False,False,False
seq_0054,4,256,4,numeric,0.0001,,0.0,"[0,1e-07)",16,0.0,0.0,0.0,False,0.0,0.0,0,False,False,False,False
seq_0054,4,256,4,numeric,0.001,,0.0,"[0,1e-07)",16,0.0,0.0,0.0,False,0.0,0.0,0,False,False,False,False
seq_0054,4,256,4,numeric,0.01,,0.00390625,"[0.001,0.01)",16,0.0005691647529602051,0.0012247562408447266,0.0012247562408447266,True,0.1457061767205117,0.1698760985893242,0,True,True,True,True
seq_0054,4,256,4,numeric,0.1,,0.044921875,"[0.01,0.1)",16,0.00654524564743042,0.014083147048950195,0.014083147048950195,True,0.14570285962651197,0.16987145464975112,0,True,True,True,True
seq_0054,4,256,4,bitflip,,sign,0.8984375,"[0.1,1)",16,0.13090473413467407,0.2816622257232666,0.2816622257232666,True,0.14570266060190984,0.16987135513950183,0,True,True,True,True
seq_0054,4,256,4,bitflip,,exponent,1.5286121951526533e+38,"[10,inf)",16,2.227228638625153e+37,2.7866747933009964e+37,2.7866747933009964e+37,True,0.14570266060207201,0.14501213405443275,8,True,True,True,True
seq_0054,4,256,4,bitflip,,mantissa,0.001953125,"[0.001,0.01)",16,0.00028455257415771484,0.0006122589111328125,0.0006122589111328125,True,0.14569091789415625,0.16987609854583594,0,True,True,True,True
seq_0055,18,64,7,numeric,1e-06,,0.0,"[0,1e-07)",16,0.0,0.0,0.0,False,0.0,0.0,0,False,False,False,False
seq_0055,18,64,7,numeric,1e-05,,0.0,"[0,1e-07)",16,0.0,0.0,0.0,False,0.0,0.0,0,False,False,False,False
seq_0055,18,64,7,numeric,0.0001,,0.0,"[0,1e-07)",16,0.0,0.0,0.0,False,0.0,0.0,0,False,False,False,False
seq_0055,18,64,7,numeric,0.001,,0.0,"[0,1e-07)",16,0.0,0.0,0.0,False,0.0,0.0,0,False,False,False,False
seq_0055,18,64,7,numeric,0.01,,0.015625,"[0.01,0.1)",16,0.0043375492095947266,0.004574775695800781,0.004574775695800781,True,0.27760314939629593,0.22373199461458743,0,True,True,True,True
seq_0055,18,64,7,numeric,0.1,,0.125,"[0.1,1)",16,0.034699440002441406,0.0365983247756958,0.0365983247756958,True,0.27759552001731047,0.22373294830143278,0,True,True,True,True
seq_0055,18,64,7,bitflip,,sign,2.484375,"[1,10)",16,0.689649224281311,0.727391242980957,0.727391242980957,True,0.27759465631437824,0.22373295430108428,0,True,True,True,True
seq_0055,18,64,7,bitflip,,exponent,,nonfinite,16,,0.0,,False,,,16,True,True,True,True
seq_0055,18,64,7,bitflip,,mantissa,0.0078125,"[0.001,0.01)",16,0.0021686553955078125,0.0022873878479003906,0.0022873878479003906,True,0.27758789058946876,0.22372436520573827,0,True,True,True,True
seq_0055,18,256,7,numeric,1e-06,,0.0,"[0,1e-07)",16,0.0,0.0,0.0,False,0.0,0.0,0,False,False,False,False
seq_0055,18,256,7,numeric,1e-05,,0.0,"[0,1e-07)",16,0.0,0.0,0.0,False,0.0,0.0,0,False,False,False,False
seq_0055,18,256,7,numeric,0.0001,,0.0,"[0,1e-07)",16,0.0,0.0,0.0,False,0.0,0.0,0,False,False,False,False
seq_0055,18,256,7,numeric,0.001,,0.0,"[0,1e-07)",16,0.0,0.0,0.0,False,0.0,0.0,0,False,False,False,False
seq_0055,18,256,7,numeric,0.01,,0.0009765625,"[0.0001,0.001)",16,8.094310760498047e-05,0.00019550323486328125,0.00019550323486328125,True,0.082885742102625,0.1594848631179375,0,True,True,True,True
seq_0055,18,256,7,numeric,0.1,,0.009765625,"[0.001,0.01)",16,0.0008091926574707031,0.001955747604370117,0.001955747604370117,True,0.08286132811651499,0.15951538084304062,0,True,True,True,True
seq_0055,18,256,7,bitflip,,sign,0.1923828125,"[0.1,1)",16,0.015941619873046875,0.03852558135986328,0.03852558135986328,True,0.08286405456809719,0.15951336700821273,0,True,True,True,True
seq_0055,18,256,7,bitflip,,exponent,3.2732239396203553e+37,"[10,inf)",16,2.7123267053024307e+36,6.554789273720332e+36,6.554789273720332e+36,True,0.08286407393247343,0.15951334764509636,0,True,True,True,True
seq_0055,18,256,7,bitflip,,mantissa,0.00048828125,"[0.0001,0.001)",16,4.0471553802490234e-05,9.775161743164062e-05,9.775161743164062e-05,True,0.08288574201775,0.15954589811075,0,True,True,True,True
seq_0056,31,64,0,numeric,1e-06,,0.0,"[0,1e-07)",16,0.0,0.0,0.0,False,0.0,0.0,0,False,False,False,False
seq_0056,31,64,0,numeric,1e-05,,0.0,"[0,1e-07)",16,0.0,0.0,0.0,False,0.0,0.0,0,False,False,False,False
seq_0056,31,64,0,numeric,0.0001,,0.0,"[0,1e-07)",16,0.0,0.0,0.0,False,0.0,0.0,0,False,False,False,False
seq_0056,31,64,0,numeric,0.001,,0.0,"[0,1e-07)",16,0.0,0.0,0.0,False,0.0,0.0,0,False,False,False,False
seq_0056,31,64,0,numeric,0.01,,0.015625,"[0.01,0.1)",16,0.0008683204650878906,0.003150463104248047,0.003150463104248047,True,0.055572509762068366,0.08389282226025586,0,True,True,True,True
seq_0056,31,64,0,numeric,0.1,,0.125,"[0.1,1)",16,0.0069484710693359375,0.014673709869384766,0.014673709869384766,True,0.05558776855424279,0.06767272949164611,0,True,True,True,True
seq_0056,31,64,0,bitflip,,sign,2.53125,"[1,10)",16,0.14070701599121094,0.5103912353515625,0.5103912353515625,True,0.05558795693477742,0.08389998070984339,0,True,True,True,True
seq_0056,31,64,0,bitflip,,exponent,,nonfinite,16,,0.0,,False,,,16,True,True,True,True
seq_0056,31,64,0,bitflip,,mantissa,0.0078125,"[0.001,0.01)",16,0.0004343986511230469,0.0009169578552246094,0.0009169578552246094,True,0.05560302733663281,0.06768798827258593,0,True,True,True,True
seq_0056,31,256,0,numeric,1e-06,,0.0,"[0,1e-07)",16,0.0,0.0,0.0,False,0.0,0.0,0,False,False,False,False
seq_0056,31,256,0,numeric,1e-05,,0.0,"[0,1e-07)",16,0.0,0.0,0.0,False,0.0,0.0,0,False,False,False,False
seq_0056,31,256,0,numeric,0.0001,,0.0,"[0,1e-07)",16,0.0,0.0,0.0,False,0.0,0.0,0,False,False,False,False
seq_0056,31,256,0,numeric,0.001,,0.0,"[0,1e-07)",16,0.0,0.0,0.0,False,0.0,0.0,0,False,False,False,False
seq_0056,31,256,0,numeric,0.01,,0.0078125,"[0.001,0.01)",16,0.00032520294189453125,0.001705169677734375,0.001705169677734375,True,0.04162597655717187,0.11120605467326562,0,True,True,True,True
seq_0056,31,256,0,numeric,0.1,,0.06640625,"[0.01,0.1)",16,0.0027627944946289062,0.014490604400634766,0.014490604400634766,True,0.041604434742020545,0.11117733225935521,0,True,True,True,True
seq_0056,31,256,0,bitflip,,sign,1.3046875,"[1,10)",16,0.054280757904052734,0.28469419479370117,0.28469419479370117,True,0.04160441324379296,0.11117571984927856,0,True,True,True,True
seq_0056,31,256,0,bitflip,,exponent,2.2198107529608095e+38,"[10,inf)",16,9.235449433203762e+36,2.4372390459143636e+37,2.4372390459143636e+37,True,0.041604670221934065,0.07975667393849996,0,True,True,True,True
seq_0056,31,256,0,bitflip,,mantissa,0.00390625,"[0.001,0.01)",16,0.0001621246337890625,0.0008521080017089844,0.0008521080017089844,True,0.04150390623937499,0.11108398434656248,0,True,True,True,True
seq_0057,4,64,5,numeric,1e-06,,0.0,"[0,1e-07)",16,0.0,0.0,0.0,False,0.0,0.0,0,False,False,False,False
seq_0057,4,64,5,numeric,1e-05,,0.0,"[0,1e-07)",16,0.0,0.0,0.0,False,0.0,0.0,0,False,False,False,False
seq_0057,4,64,5,numeric,0.0001,,0.0,"[0,1e-07)",16,0.0,0.0,0.0,False,0.0,0.0,0,False,False,False,False
seq_0057,4,64,5,numeric,0.001,,0.0,"[0,1e-07)",16,0.0,0.0,0.0,False,0.0,0.0,0,False,False,False,False
seq_0057,4,64,5,numeric,0.01,,0.0009765625,"[0.0001,0.001)",16,7.081031799316406e-05,7.43865966796875e-05,7.43865966796875e-05,True,0.07250976555075,0.045898437453,0,True,True,True,True
seq_0057,4,64,5,numeric,0.1,,0.013671875,"[0.01,0.1)",16,0.0009913444519042969,0.001043081283569336,0.001043081283569336,True,0.07250976561969642,0.0455845424073801,0,True,True,True,True
seq_0057,4,64,5,bitflip,,sign,0.28125,"[0.1,1)",16,0.020392417907714844,0.021460533142089844,0.021460533142089844,True,0.07250637478272831,0.04557630750851851,0,True,True,True,True
seq_0057,4,64,5,bitflip,,exponent,4.785220784825697e+37,"[10,inf)",16,3.4695752215445167e+36,3.651314802060087e+36,3.651314802060087e+36,True,0.07250606351428562,0.045575241247812905,0,True,True,True,True
seq_0057,4,64,5,bitflip,,mantissa,0.0009765625,"[0.0001,0.001)",16,7.081031799316406e-05,7.43865966796875e-05,7.43865966796875e-05,True,0.07250976555075,0.045898437453,0,True,True,True,True
seq_0057,4,256,5,numeric,1e-06,,0.0,"[0,1e-07)",16,0.0,0.0,0.0,False,0.0,0.0,0,False,False,False,False
seq_0057,4,256,5,numeric,1e-05,,0.0,"[0,1e-07)",16,0.0,0.0,0.0,False,0.0,0.0,0,False,False,False,False
seq_0057,4,256,5,numeric,0.0001,,0.0,"[0,1e-07)",16,0.0,0.0,0.0,False,0.0,0.0,0,False,False,False,False
seq_0057,4,256,5,numeric,0.001,,0.0,"[0,1e-07)",16,0.0,0.0,0.0,False,0.0,0.0,0,False,False,False,False
seq_0057,4,256,5,numeric,0.01,,0.0078125,"[0.001,0.01)",16,0.0009765625,0.0011166930198669434,0.0011166930198669434,True,0.124999999984,0.1000976562371875,0,True,True,True,True
seq_0057,4,256,5,numeric,0.1,,0.1015625,"[0.1,1)",16,0.01269388198852539,0.014517366886138916,0.014517366886138916,True,0.12498591496271166,0.10012582632112953,0,True,True,True,True
seq_0057,4,256,5,bitflip,,sign,2.0625,"[1,10)",16,0.2577848434448242,0.2948148846626282,0.2948148846626282,True,0.12498659076106629,0.10012748024675543,0,True,True,True,True
seq_0057,4,256,5,bitflip,,exponent,,nonfinite,16,,0.0,,False,,,16,True,True,True,True
seq_0057,4,256,5,bitflip,,mantissa,0.0078125,"[0.001,0.01)",16,0.0009765625,0.0011166930198669434,0.0011166930198669434,True,0.124999999984,0.1000976562371875,0,True,True,True,True
seq_0058,18,64,1,numeric,1e-06,,0.0,"[0,1e-07)",16,0.0,0.0,0.0,False,0.0,0.0,0,False,False,False,False
seq_0058,18,64,1,numeric,1e-05,,0.0,"[0,1e-07)",16,0.0,0.0,0.0,False,0.0,0.0,0,False,False,False,False
seq_0058,18,64,1,numeric,0.0001,,0.0,"[0,1e-07)",16,0.0,0.0,0.0,False,0.0,0.0,0,False,False,False,False
seq_0058,18,64,1,numeric,0.001,,0.0,"[0,1e-07)",16,0.0,0.0,0.0,False,0.0,0.0,0,False,False,False,False
seq_0058,18,64,1,numeric,0.01,,0.015625,"[0.01,0.1)",16,0.002513885498046875,0.003927469253540039,0.003927469253540039,True,0.16088867186470313,0.10841369628212404,0,True,True,True,True
seq_0058,18,64,1,numeric,0.1,,0.125,"[0.1,1)",16,0.020111799240112305,0.03141927719116211,0.03141927719116211,True,0.16089439391961127,0.10841464996251159,0,True,True,True,True
seq_0058,18,64,1,bitflip,,sign,2.453125,"[1,10)",16,0.39469408988952637,0.6166036128997803,0.6166036128997803,True,0.16089440606955024,0.10841384207362718,0,True,True,True,True
seq_0058,18,64,1,bitflip,,exponent,,nonfinite,16,,0.0,,False,,,16,True,True,True,True
seq_0058,18,64,1,bitflip,,mantissa,0.0078125,"[0.001,0.01)",16,0.0012569427490234375,0.0019636154174804688,0.0019636154174804688,True,0.16088867185440625,0.10841369627518554,0,True,True,True,True
seq_0058,18,256,1,numeric,1e-06,,0.0,"[0,1e-07)",16,0.0,0.0,0.0,False,0.0,0.0,0,False,False,False,False
seq_0058,18,256,1,numeric,1e-05,,0.0,"[0,1e-07)",16,0.0,0.0,0.0,False,0.0,0.0,0,False,False,False,False
seq_0058,18,256,1,numeric,0.0001,,0.0,"[0,1e-07)",16,0.0,0.0,0.0,False,0.0,0.0,0,False,False,False,False
seq_0058,18,256,1,numeric,0.001,,0.0,"[0,1e-07)",16,0.0,0.0,0.0,False,0.0,0.0,0,False,False,False,False
seq_0058,18,256,1,numeric,0.01,,0.0625,"[0.01,0.1)",16,0.020716190338134766,0.030037879943847656,0.030037879943847656,True,0.3314590454048529,0.38669967650748466,0,True,True,True,True
seq_0058,18,256,1,numeric,0.1,,0.71875,"[0.1,1)",16,0.2382345199584961,0.34543943405151367,0.34543943405151367,True,0.33145672342005517,0.3839363429851995,0,True,True,True,True
seq_0058,18,256,1,bitflip,,sign,14.6875,"[10,inf)",16,4.868264675140381,7.05898380279541,7.05898380279541,True,0.3314563183074076,0.3839369104263369,0,True,True,True,True
seq_0058,18,256,1,bitflip,,exponent,7.34375,"[1,10)",16,2.4341320991516113,3.529492139816284,3.529492139816284,True,0.3314562858418764,0.3839368779608021,0,True,True,True,True
seq_0058,18,256,1,bitflip,,mantissa,0.03125,"[0.01,0.1)",16,0.010357856750488281,0.015019416809082031,0.015019416809082031,True,0.3314514160050186,0.3839416503783389,0,True,True,True,True
seq_0059,31,64,1,numeric,1e-06,,0.0,"[0,1e-07)",16,0.0,0.0,0.0,False,0.0,0.0,0,False,False,False,False
seq_0059,31,64,1,numeric,1e-05,,0.0,"[0,1e-07)",16,0.0,0.0,0.0,False,0.0,0.0,0,False,False,False,False
seq_0059,31,64,1,numeric,0.0001,,0.0,"[0,1e-07)",16,0.0,0.0,0.0,False,0.0,0.0,0,False,False,False,False
seq_0059,31,64,1,numeric,0.001,,0.0,"[0,1e-07)",16,0.0,0.0,0.0,False,0.0,0.0,0,False,False,False,False
seq_0059,31,64,1,numeric,0.01,,0.00390625,"[0.001,0.01)",16,0.00039386749267578125,0.0005283355712890625,0.0005283355712890625,True,0.1008300780991875,0.0642089843585625,0,True,True,True,True
seq_0059,31,64,1,numeric,0.1,,0.033203125,"[0.01,0.1)",16,0.0033473968505859375,0.004494667053222656,0.004494667053222656,True,0.10081571690872838,0.06422334558630104,0,True,True,True,True
seq_0059,31,64,1,bitflip,,sign,0.65625,"[0.1,1)",16,0.0661616325378418,0.08881950378417969,0.08881950378417969,True,0.10081772577179578,0.0642191569009438,0,True,True,True,True
seq_0059,31,64,1,bitflip,,exponent,1.1165515164593293e+38,"[10,inf)",16,1.1256843812677096e+37,1.4340910957972356e+37,1.4340910957972356e+37,True,0.10081795283726283,0.05524271442776635,0,True,True,True,True
seq_0059,31,64,1,bitflip,,mantissa,0.001953125,"[0.001,0.01)",16,0.00019693374633789062,0.0002651214599609375,0.0002651214599609375,True,0.100830078073375,0.064453124967,0,True,True,True,True
seq_0059,31,256,1,numeric,1e-06,,0.0,"[0,1e-07)",16,0.0,0.0,0.0,False,0.0,0.0,0,False,False,False,False
seq_0059,31,256,1,numeric,1e-05,,0.0,"[0,1e-07)",16,0.0,0.0,0.0,False,0.0,0.0,0,False,False,False,False
seq_0059,31,256,1,numeric,0.0001,,0.0,"[0,1e-07)",16,0.0,0.0,0.0,False,0.0,0.0,0,False,False,False,False
seq_0059,31,256,1,numeric,0.001,,0.0,"[0,1e-07)",16,0.0,0.0,0.0,False,0.0,0.0,0,False,False,False,False
seq_0059,31,256,1,numeric,0.01,,0.001953125,"[0.001,0.01)",16,0.00011205673217773438,0.00010967254638671875,0.00011205673217773438,False,0.057373046845625,0.029296874985,0,True,True,True,True
seq_0059,31,256,1,numeric,0.1,,0.025390625,"[0.01,0.1)",16,0.001445770263671875,0.001438140869140625,0.001445770263671875,False,0.056941105766988166,0.02954101562383654,0,True,True,True,True
seq_0059,31,256,1,bitflip,,sign,0.515625,"[0.1,1)",16,0.02937459945678711,0.029196739196777344,0.02937459945678711,False,0.05696892015850694,0.029520670572859415,0,True,True,True,True
seq_0059,31,256,1,bitflip,,exponent,8.772904772180445e+37,"[10,inf)",16,4.9978405241104175e+36,4.967550646843264e+36,4.9978405241104175e+36,False,0.05696905020511511,0.02952032739465887,0,True,True,True,True
seq_0059,31,256,1,bitflip,,mantissa,0.001953125,"[0.001,0.01)",16,0.00011205673217773438,0.00010967254638671875,0.00011205673217773438,False,0.057373046845625,0.029296874985,0,True,True,True,True
seq_0060,4,64,4,numeric,1e-06,,0.0,"[0,1e-07)",16,0.0,0.0,0.0,False,0.0,0.0,0,False,False,False,False
seq_0060,4,64,4,numeric,1e-05,,0.0,"[0,1e-07)",16,0.0,0.0,0.0,False,0.0,0.0,0,False,False,False,False
seq_0060,4,64,4,numeric,0.0001,,0.0,"[0,1e-07)",16,0.0,0.0,0.0,False,0.0,0.0,0,False,False,False,False
seq_0060,4,64,4,numeric,0.001,,0.0,"[0,1e-07)",16,0.0,0.0,0.0,False,0.0,0.0,0,False,False,False,False
seq_0060,4,64,4,numeric,0.01,,0.03125,"[0.01,0.1)",16,0.007984638214111328,0.011048555374145508,0.011048555374145508,True,0.25550842284338626,0.2762136459262198,0,True,True,True,True
seq_0060,4,64,4,numeric,0.1,,0.28125,"[0.1,1)",16,0.07185888290405273,0.09127998352050781,0.09127998352050781,True,0.25549825032461243,0.2858810424794523,0,True,True,True,True
seq_0060,4,64,4,bitflip,,sign,5.6875,"[1,10)",16,1.4531421661376953,2.0108346939086914,2.0108346939086914,True,0.25549752371647294,0.2762135725754472,0,True,True,True,True
seq_0060,4,64,4,bitflip,,exponent,2.84375,"[1,10)",16,0.7265710830688477,1.0054173469543457,1.0054173469543457,True,0.255497523716428,0.2762136144951488,0,True,True,True,True
seq_0060,4,64,4,bitflip,,mantissa,0.015625,"[0.01,0.1)",16,0.0039920806884765625,0.005136013031005859,0.005136013031005859,True,0.25549316404614847,0.2693023681468272,0,True,True,True,True
seq_0060,4,256,4,numeric,1e-06,,0.0,"[0,1e-07)",16,0.0,0.0,0.0,False,0.0,0.0,0,False,False,False,False
seq_0060,4,256,4,numeric,1e-05,,0.0,"[0,1e-07)",16,0.0,0.0,0.0,False,0.0,0.0,0,False,False,False,False
seq_0060,4,256,4,numeric,0.0001,,0.0,"[0,1e-07)",16,0.0,0.0,0.0,False,0.0,0.0,0,False,False,False,False
seq_0060,4,256,4,numeric,0.001,,0.0,"[0,1e-07)",16,0.0,0.0,0.0,False,0.0,0.0,0,False,False,False,False
seq_0060,4,256,4,numeric,0.01,,0.0078125,"[0.001,0.01)",16,0.0008630752563476562,0.002362966537475586,0.002362966537475586,True,0.11047363279835937,0.12426757810909374,0,True,True,True,True
seq_0060,4,256,4,numeric,0.1,,0.09375,"[0.01,0.1)",16,0.010357856750488281,0.028355121612548828,0.028355121612548828,True,0.11048380533736317,0.12429300943877837,0,True,True,True,True
seq_0060,4,256,4,bitflip,,sign,1.828125,"[1,10)",16,0.2019813060760498,0.552923321723938,0.552923321723938,True,0.11048550075948817,0.12429626986504952,0,True,True,True,True
seq_0060,4,256,4,bitflip,,exponent,3.110393510136703e+38,"[10,inf)",16,,2.878095219288256e+37,2.878095219288256e+37,False,,0.08700727805113181,12,True,True,True,True
seq_0060,4,256,4,bitflip,,mantissa,0.00390625,"[0.001,0.01)",16,0.0004315376281738281,0.0011816024780273438,0.0011816024780273438,True,0.11047363278421873,0.12426757809318749,0,True,True,True,True
seq_0061,18,64,7,numeric,1e-06,,0.0,"[0,1e-07)",16,0.0,0.0,0.0,False,0.0,0.0,0,False,False,False,False
seq_0061,18,64,7,numeric,1e-05,,0.0,"[0,1e-07)",16,0.0,0.0,0.0,False,0.0,0.0,0,False,False,False,False
seq_0061,18,64,7,numeric,0.0001,,0.0,"[0,1e-07)",16,0.0,0.0,0.0,False,0.0,0.0,0,False,False,False,False
seq_0061,18,64,7,numeric,0.001,,0.0,"[0,1e-07)",16,0.0,0.0,0.0,False,0.0,0.0,0,False,False,False,False
seq_0061,18,64,7,numeric,0.01,,0.000244140625,"[0.0001,0.001)",16,1.6689300537109375e-05,2.09808349609375e-05,2.09808349609375e-05,True,0.06835937472,0.050781249792,0,True,True,True,True
seq_0061,18,64,7,numeric,0.1,,0.0023193359375,"[0.001,0.01)",16,0.00016450881958007812,0.00019788742065429688,0.00019788742065429688,True,0.07092927628520776,0.051449424319922436,0,True,True,True,True
seq_0061,18,64,7,bitflip,,sign,0.045654296875,"[0.01,0.1)",16,0.003246784210205078,0.0038933753967285156,0.0038933753967285156,True,0.07111672793961875,0.05144186580769676,0,True,True,True,True
seq_0061,18,64,7,bitflip,,exponent,7.767676100368102e+36,"[10,inf)",16,5.524759223907747e+35,6.624347480543406e+35,6.624347480543406e+35,True,0.07112499481853954,0.051444777830399295,0,True,True,True,True
seq_0061,18,64,7,bitflip,,mantissa,0.0001220703125,"[0.0001,0.001)",16,8.106231689453125e-06,1.049041748046875e-05,1.049041748046875e-05,True,0.066406249456,0.050781249584,0,False,False,False,False
seq_0061,18,256,7,numeric,1e-06,,0.0,"[0,1e-07)",16,0.0,0.0,0.0,False,0.0,0.0,0,False,False,False,False
seq_0061,18,256,7,numeric,1e-05,,0.0,"[0,1e-07)",16,0.0,0.0,0.0,False,0.0,0.0,0,False,False,False,False
seq_0061,18,256,7,numeric,0.0001,,0.0,"[0,1e-07)",16,0.0,0.0,0.0,False,0.0,0.0,0,False,False,False,False
seq_0061,18,256,7,numeric,0.001,,0.0,"[0,1e-07)",16,0.0,0.0,0.0,False,0.0,0.0,0,False,False,False,False
seq_0061,18,256,7,numeric,0.01,,0.0078125,"[0.001,0.01)",16,0.0006284713745117188,0.0015969276428222656,0.0015969276428222656,True,0.08044433592720313,0.11048507689015478,0,True,True,True,True
seq_0061,18,256,7,numeric,0.1,,0.08984375,"[0.01,0.1)",16,0.007227689027786255,0.01836395263671875,0.01836395263671875,True,0.08044732135185594,0.10703178073929781,0,True,True,True,True
seq_0061,18,256,7,bitflip,,sign,1.7734375,"[1,10)",16,0.14266806840896606,0.3624870777130127,0.3624870777130127,True,0.08044719275919542,0.11048542980574372,0,True,True,True,True
seq_0061,18,256,7,bitflip,,exponent,3.017347550431759e+38,"[10,inf)",16,2.427371907172307e+37,2.041909276197068e+37,2.427371907172307e+37,False,0.08044720956407454,0.06767232617617704,13,True,True,True,True
seq_0061,18,256,7,bitflip,,mantissa,0.00390625,"[0.001,0.01)",16,0.0003142356872558594,0.0007984638214111328,0.0007984638214111328,True,0.08044433591690624,0.10705566403509374,0,True,True,True,True
seq_0062,31,64,0,numeric,1e-06,,0.0,"[0,1e-07)",16,0.0,0.0,0.0,False,0.0,0.0,0,False,False,False,False
seq_0062,31,64,0,numeric,1e-05,,0.0,"[0,1e-07)",16,0.0,0.0,0.0,False,0.0,0.0,0,False,False,False,False
seq_0062,31,64,0,numeric,0.0001,,0.0,"[0,1e-07)",16,0.0,0.0,0.0,False,0.0,0.0,0,False,False,False,False
seq_0062,31,64,0,numeric,0.001,,0.0,"[0,1e-07)",16,0.0,0.0,0.0,False,0.0,0.0,0,False,False,False,False
seq_0062,31,64,0,numeric,0.01,,0.0078125,"[0.001,0.01)",16,0.0023088455200195312,0.0023088455200195312,0.0023088455200195312,False,0.29553222652467187,0.21539306637867967,0,True,True,True,True
seq_0062,31,64,0,numeric,0.1,,0.07421875,"[0.01,0.1)",16,0.021934986114501953,0.021935462951660156,0.021935462951660156,True,0.29554507606509683,0.21544125205301826,0,True,True,True,True
seq_0062,31,64,0,bitflip,,sign,1.5078125,"[1,10)",16,0.4456305503845215,0.4456315040588379,0.4456315040588379,True,0.29554772253461614,0.21544682794270037,0,True,True,True,True
seq_0062,31,64,0,bitflip,,exponent,2.5654100318648876e+38,"[10,inf)",16,,0.0,,False,,,16,True,True,True,True
seq_0062,31,64,0,bitflip,,mantissa,0.00390625,"[0.001,0.01)",16,0.0011544227600097656,0.0011544227600097656,0.0011544227600097656,False,0.29553222648684374,0.21545410150734373,0,True,True,True,True
seq_0062,31,256,0,numeric,1e-06,,0.0,"[0,1e-07)",16,0.0,0.0,0.0,False,0.0,0.0,0,False,False,False,False
seq_0062,31,256,0,numeric,1e-05,,0.0,"[0,1e-07)",16,0.0,0.0,0.0,False,0.0,0.0,0,False,False,False,False
seq_0062,31,256,0,numeric,0.0001,,0.0,"[0,1e-07)",16,0.0,0.0,0.0,False,0.0,0.0,0,False,False,False,False
seq_0062,31,256,0,numeric,0.001,,0.0,"[0,1e-07)",16,0.0,0.0,0.0,False,0.0,0.0,0,False,False,False,False
seq_0062,31,256,0,numeric,0.01,,0.00390625,"[0.001,0.01)",16,0.00182342529296875,0.0024385452270507812,0.0024385452270507812,True,0.4667968748804999,0.43090820301468746,0,True,True,True,True
seq_0062,31,256,0,numeric,0.1,,0.0390625,"[0.01,0.1)",16,0.0182342529296875,0.024384498596191406,0.024384498596191406,True,0.46679687498805,0.43089599608271906,0,True,True,True,True
seq_0062,31,256,0,bitflip,,sign,0.78125,"[0.1,1)",16,0.3646883964538574,0.4876894950866699,0.4876894950866699,True,0.46680114746034,0.4308932495111672,0,True,True,True,True
seq_0062,31,256,0,bitflip,,exponent,1.3292279957849159e+38,"[10,inf)",16,,0.0,,False,,,16,True,True,True,True
seq_0062,31,256,0,bitflip,,mantissa,0.001953125,"[0.001,0.01)",16,0.000911712646484375,0.0012192726135253906,0.0012192726135253906,True,0.466796874761,0.430908202904375,0,True,True,True,True
seq_0063,4,64,5,numeric,1e-06,,0.0,"[0,1e-07)",16,0.0,0.0,0.0,False,0.0,0.0,0,False,False,False,False
seq_0063,4,64,5,numeric,1e-05,,0.0,"[0,1e-07)",16,0.0,0.0,0.0,False,0.0,0.0,0,False,False,False,False
seq_0063,4,64,5,numeric,0.0001,,0.0,"[0,1e-07)",16,0.0,0.0,0.0,False,0.0,0.0,0,False,False,False,False
seq_0063,4,64,5,numeric,0.001,,0.0,"[0,1e-07)",16,0.0,0.0,0.0,False,0.0,0.0,0,False,False,False,False
seq_0063,4,64,5,numeric,0.01,,0.0078125,"[0.001,0.01)",16,0.0006494522094726562,0.0011548995971679688,0.0011548995971679688,True,0.08312988280185937,0.07769775389630468,0,True,True,True,True
seq_0063,4,64,5,numeric,0.1,,0.109375,"[0.1,1)",16,0.009100914001464844,0.016162872314453125,0.016162872314453125,True,0.08320835658406066,0.07768467494348616,0,True,True,True,True
seq_0063,4,64,5,bitflip,,sign,2.15625,"[1,10)",16,0.17941951751708984,0.31863832473754883,0.31863832473754883,True,0.08320905160209004,0.07768514881959712,0,True,True,True,True
seq_0063,4,64,5,bitflip,,exponent,,nonfinite,16,,0.0,,False,,,16,True,True,True,True
seq_0063,4,64,5,bitflip,,mantissa,0.0078125,"[0.001,0.01)",16,0.0006504058837890625,0.0011544227600097656,0.0011544227600097656,True,0.08325195311434375,0.07769775389630468,0,True,True,True,True
seq_0063,4,256,5,numeric,1e-06,,0.0,"[0,1e-07)",16,0.0,0.0,0.0,False,0.0,0.0,0,False,False,False,False
seq_0063,4,256,5,numeric,1e-05,,0.0,"[0,1e-07)",16,0.0,0.0,0.0,False,0.0,0.0,0,False,False,False,False
seq_0063,4,256,5,numeric,0.0001,,0.0,"[0,1e-07)",16,0.0,0.0,0.0,False,0.0,0.0,0,False,False,False,False
seq_0063,4,256,5,numeric,0.001,,0.0,"[0,1e-07)",16,0.0,0.0,0.0,False,0.0,0.0,0,False,False,False,False
seq_0063,4,256,5,numeric,0.01,,0.0078125,"[0.001,0.01)",16,0.0007767677307128906,0.0010409355163574219,0.0010409355163574219,True,0.09942626951852343,0.05072021483725781,0,True,True,True,True
seq_0063,4,256,5,numeric,0.1,,0.1171875,"[0.1,1)",16,0.011652708053588867,0.015617847442626953,0.015617847442626953,True,0.09943644205644314,0.050756835937066876,0,True,True,True,True
seq_0063,4,256,5,bitflip,,sign,2.296875,"[1,10)",16,0.2283940315246582,0.30611181259155273,0.30611181259155273,True,0.09943685726239293,0.05075426166558164,0,True,True,True,True
seq_0063,4,256,5,bitflip,,exponent,,nonfinite,16,,0.0,,False,,,16,True,True,True,True
seq_0063,4,256,5,bitflip,,mantissa,0.0078125,"[0.001,0.01)",16,0.0007767677307128906,0.001041412353515625,0.001041412353515625,True,0.09942626951852343,0.0507812499935,0,True,True,True,True
seq_0064,18,64,1,numeric,1e-06,,0.0,"[0,1e-07)",16,0.0,0.0,0.0,False,0.0,0.0,0,False,False,False,False
seq_0064,18,64,1,numeric,1e-05,,0.0,"[0,1e-07)",16,0.0,0.0,0.0,False,0.0,0.0,0,False,False,False,False
seq_0064,18,64,1,numeric,0.0001,,0.0,"[0,1e-07)",16,0.0,0.0,0.0,False,0.0,0.0,0,False,False,False,False
seq_0064,18,64,1,numeric,0.001,,0.0,"[0,1e-07)",16,0.0,0.0,0.0,False,0.0,0.0,0,False,False,False,False
seq_0064,18,64,1,numeric,0.01,,0.00390625,"[0.001,0.01)",16,0.0003452301025390625,0.0007767677307128906,0.0007767677307128906,True,0.08837890622737499,0.12219238278121873,0,True,True,True,True
seq_0064,18,64,1,numeric,0.1,,0.041015625,"[0.01,0.1)",16,0.0036249160766601562,0.008156776428222656,0.008156776428222656,True,0.08837890624784524,0.12222144716963917,0,True,True,True,True
seq_0064,18,64,1,bitflip,,sign,0.8125,"[0.1,1)",16,0.07181549072265625,0.16158437728881836,0.16158437728881836,True,0.08838829627392968,0.12222466101998178,0,True,True,True,True
seq_0064,18,64,1,bitflip,,exponent,1.3823971156163125e+38,"[10,inf)",16,1.2218778920600084e+37,2.749225352208814e+37,2.749225352208814e+37,True,0.08838834212376522,0.12222451430100661,0,True,True,True,True
seq_0064,18,64,1,bitflip,,mantissa,0.001953125,"[0.001,0.01)",16,0.00017261505126953125,0.0003886222839355469,0.0003886222839355469,True,0.08837890620475,0.1220703124375,0,True,True,True,True
seq_0064,18,256,1,numeric,1e-06,,0.0,"[0,1e-07)",16,0.0,0.0,0.0,False,0.0,0.0,0,False,False,False,False
seq_0064,18,256,1,numeric,1e-05,,0.0,"[0,1e-07)",16,0.0,0.0,0.0,False,0.0,0.0,0,False,False,False,False
seq_0064,18,256,1,numeric,0.0001,,0.0,"[0,1e-07)",16,0.0,0.0,0.0,False,0.0,0.0,0,False,False,False,False
seq_0064,18,256,1,numeric,0.001,,0.0,"[0,1e-07)",16,0.0,0.0,0.0,False,0.0,0.0,0,False,False,False,False
seq_0064,18,256,1,numeric,0.01,,0.015625,"[0.01,0.1)",16,0.0027513504028320312,0.005093097686767578,0.005093097686767578,True,0.1760864257699805,0.16778564452051173,0,True,True,True,True
seq_0064,18,256,1,numeric,0.1,,0.2109375,"[0.1,1)",16,0.03714299201965332,0.06875085830688477,0.06875085830688477,True,0.17608529549974392,0.16780146845985264,0,True,True,True,True
seq_0064,18,256,1,bitflip,,sign,4.25,"[1,10)",16,0.7483658790588379,1.3852109909057617,1.3852109909057617,True,0.17608608919027335,0.167799781350489,0,True,True,True,True
seq_0064,18,256,1,bitflip,,exponent,2.125,"[1,10)",16,0.37418293952941895,0.6926054954528809,0.6926054954528809,True,0.17608608919023191,0.1677997813504495,0,True,True,True,True
seq_0064,18,256,1,bitflip,,mantissa,0.015625,"[0.01,0.1)",16,0.0027513504028320312,0.005093097686767578,0.005093097686767578,True,0.1760864257699805,0.16778564452051173,0,True,True,True,True
seq_0065,31,64,1,numeric,1e-06,,0.0,"[0,1e-07)",16,0.0,0.0,0.0,False,0.0,0.0,0,False,False,False,False
seq_0065,31,64,1,numeric,1e-05,,0.0,"[0,1e-07)",16,0.0,0.0,0.0,False,0.0,0.0,0,False,False,False,False
seq_0065,31,64,1,numeric,0.0001,,0.0,"[0,1e-07)",16,0.0,0.0,0.0,False,0.0,0.0,0,False,False,False,False
seq_0065,31,64,1,numeric,0.001,,0.0,"[0,1e-07)",16,0.0,0.0,0.0,False,0.0,0.0,0,False,False,False,False
seq_0065,31,64,1,numeric,0.01,,0.0078125,"[0.001,0.01)",16,0.00023746490478515625,0.0008683204650878906,0.0008683204650878906,True,0.030395507808609373,0.046264648431578126,0,True,True,True,True
seq_0065,31,64,1,numeric,0.1,,0.078125,"[0.01,0.1)",16,0.0023736953735351562,0.008685588836669922,0.008685588836669922,True,0.030383300780861093,0.04626464843690781,0,True,True,True,True
seq_0065,31,64,1,bitflip,,sign,1.5625,"[1,10)",16,0.047473907470703125,0.17371225357055664,0.17371225357055664,True,0.030383300781230554,0.04626586914059539,0,True,True,True,True
seq_0065,31,64,1,bitflip,,exponent,2.6584559915698317e+38,"[10,inf)",16,8.07731814040755e+36,2.9555641362995235e+37,2.9555641362995235e+37,True,0.030383493900299072,0.04626577377319336,0,True,True,True,True
seq_0065,31,64,1,bitflip,,mantissa,0.00390625,"[0.001,0.01)",16,0.000118255615234375,0.0004343986511230469,0.0004343986511230469,True,0.030273437492249998,0.0461425781131875,0,True,True,True,True
seq_0065,31,256,1,numeric,1e-06,,0.0,"[0,1e-07)",16,0.0,0.0,0.0,False,0.0,0.0,0,False,False,False,False
seq_0065,31,256,1,numeric,1e-05,,0.0,"[0,1e-07)",16,0.0,0.0,0.0,False,0.0,0.0,0,False,False,False,False
seq_0065,31,256,1,numeric,0.0001,,0.0,"[0,1e-07)",16,0.0,0.0,0.0,False,0.0,0.0,0,False,False,False,False
seq_0065,31,256,1,numeric,0.001,,0.0,"[0,1e-07)",16,0.0,0.0,0.0,False,0.0,0.0,0,False,False,False,False
seq_0065,31,256,1,numeric,0.01,,0.00390625,"[0.001,0.01)",16,0.0014781951904296875,0.0021576881408691406,0.0021576881408691406,True,0.37841796865312494,0.41430664051893745,0,True,True,True,True
seq_0065,31,256,1,numeric,0.1,,0.0546875,"[0.01,0.1)",16,0.020694732666015625,0.03021097183227539,0.03021097183227539,True,0.37841796874308037,0.41432407923349523,0,True,True,True,True
seq_0065,31,256,1,bitflip,,sign,1.0703125,"[1,10)",16,0.40501976013183594,0.5912699699401855,0.5912699699401855,True,0.3784126226045734,0.41432045149938473,0,True,True,True,True
seq_0065,31,256,1,bitflip,,exponent,1.8210423542253347e+38,"[10,inf)",16,,0.0,,False,,,16,True,True,True,True
seq_0065,31,256,1,bitflip,,mantissa,0.00390625,"[0.001,0.01)",16,0.0014781951904296875,0.0021581649780273438,0.0021581649780273438,True,0.37841796865312494,0.41430664051893745,0,True,True,True,True
seq_0066,4,64,4,numeric,1e-06,,0.0,"[0,1e-07)",16,0.0,0.0,0.0,False,0.0,0.0,0,False,False,False,False
seq_0066,4,64,4,numeric,1e-05,,0.0,"[0,1e-07)",16,0.0,0.0,0.0,False,0.0,0.0,0,False,False,False,False
seq_0066,4,64,4,numeric,0.0001,,0.0,"[0,1e-07)",16,0.0,0.0,0.0,False,0.0,0.0,0,False,False,False,False
seq_0066,4,64,4,numeric,0.001,,0.0,"[0,1e-07)",16,0.0,0.0,0.0,False,0.0,0.0,0,False,False,False,False
seq_0066,4,64,4,numeric,0.01,,0.00390625,"[0.001,0.01)",16,0.00015914440155029297,0.0009603500366210938,0.0009603500366210938,True,0.04074096678644531,0.14018249508130076,0,True,True,True,True
seq_0066,4,64,4,numeric,0.1,,0.052734375,"[0.01,0.1)",16,0.0021485090255737305,0.012963533401489258,0.012963533401489258,True,0.0407420970767737,0.14017853913217976,0,True,True,True,True
seq_0066,4,64,4,bitflip,,sign,1.0625,"[1,10)",16,0.04328787326812744,0.2611943483352661,0.2611943483352661,True,0.040741527781728654,0.14017839992734393,0,True,True,True,True
seq_0066,4,64,4,bitflip,,exponent,1.8077500742674856e+38,"[10,inf)",16,7.365045550548912e+36,0.0,7.365045550548912e+36,False,0.04074150323867798,0.04074150323867798,15,True,True,True,True
seq_0066,4,64,4,bitflip,,mantissa,0.00390625,"[0.001,0.01)",16,0.00015914440155029297,0.0009603500366210938,0.0009603500366210938,True,0.04074096678644531,0.14018249508130076,0,True,True,True,True
seq_0066,4,256,4,numeric,1e-06,,0.0,"[0,1e-07)",16,0.0,0.0,0.0,False,0.0,0.0,0,False,False,False,False
seq_0066,4,256,4,numeric,1e-05,,0.0,"[0,1e-07)",16,0.0,0.0,0.0,False,0.0,0.0,0,False,False,False,False
seq_0066,4,256,4,numeric,0.0001,,0.0,"[0,1e-07)",16,0.0,0.0,0.0,False,0.0,0.0,0,False,False,False,False
seq_0066,4,256,4,numeric,0.001,,0.0,"[0,1e-07)",16,0.0,0.0,0.0,False,0.0,0.0,0,False,False,False,False
seq_0066,4,256,4,numeric,0.01,,0.0078125,"[0.001,0.01)",16,0.0012621879577636719,0.001726388931274414,0.001726388931274414,True,0.1615600585730703,0.1381225585760703,0,True,True,True,True
seq_0066,4,256,4,numeric,0.1,,0.08203125,"[0.01,0.1)",16,0.013255119323730469,0.018126487731933594,0.018126487731933594,True,0.1615862165158873,0.1381138392840306,0,True,True,True,True
seq_0066,4,256,4,bitflip,,sign,1.671875,"[1,10)",16,0.27014970779418945,0.36943578720092773,0.36943578720092773,True,0.16158487195156807,0.13810715719909963,0,True,True,True,True
seq_0066,4,256,4,bitflip,,exponent,2.84454791097972e+38,"[10,inf)",16,,2.907100332672078e+37,2.907100332672078e+37,False,,0.10081795665705315,8,True,True,True,True
seq_0066,4,256,4,bitflip,,mantissa,0.00390625,"[0.001,0.01)",16,0.0006313323974609375,0.0008630752563476562,0.0008630752563476562,True,0.16162109370862499,0.13806152340215624,0,True,True,True,True
seq_0067,18,64,7,numeric,1e-06,,0.0,"[0,1e-07)",16,0.0,0.0,0.0,False,0.0,0.0,0,False,False,False,False
seq_0067,18,64,7,numeric,1e-05,,0.0,"[0,1e-07)",16,0.0,0.0,0.0,False,0.0,0.0,0,False,False,False,False
seq_0067,18,64,7,numeric,0.0001,,0.0,"[0,1e-07)",16,0.0,0.0,0.0,False,0.0,0.0,0,False,False,False,False
seq_0067,18,64,7,numeric,0.001,,0.0,"[0,1e-07)",16,0.0,0.0,0.0,False,0.0,0.0,0,False,False,False,False
seq_0067,18,64,7,numeric,0.01,,0.0009765625,"[0.0001,0.001)",16,9.107589721679688e-05,0.0002722740173339844,0.0002722740173339844,True,0.0932617186545,0.19604492167425,0,True,True,True,True
seq_0067,18,64,7,numeric,0.1,,0.0078125,"[0.001,0.01)",16,0.0007283687591552734,0.002179384231567383,0.002179384231567383,True,0.09323120115994141,0.19610595700614844,0,True,True,True,True
seq_0067,18,64,7,bitflip,,sign,0.16015625,"[0.1,1)",16,0.014930009841918945,0.044679880142211914,0.044679880142211914,True,0.09322152486603379,0.19611191167941575,0,True,True,True,True
seq_0067,18,64,7,bitflip,,exponent,2.7249173913590775e+37,"[10,inf)",16,2.5402247553877452e+36,7.601857894478748e+36,7.601857894478748e+36,True,0.09322208311499619,0.1961116325564501,0,True,True,True,True
seq_0067,18,64,7,bitflip,,mantissa,0.00048828125,"[0.0001,0.001)",16,4.553794860839844e-05,0.0001361370086669922,0.0001361370086669922,True,0.093261718559,0.1960449214735,0,True,True,True,True
seq_0067,18,256,7,numeric,1e-06,,0.0,"[0,1e-07)",16,0.0,0.0,0.0,False,0.0,0.0,0,False,False,False,False
seq_0067,18,256,7,numeric,1e-05,,0.0,"[0,1e-07)",16,0.0,0.0,0.0,False,0.0,0.0,0,False,False,False,False
seq_0067,18,256,7,numeric,0.0001,,0.0,"[0,1e-07)",16,0.0,0.0,0.0,False,0.0,0.0,0,False,False,False,False
seq_0067,18,256,7,numeric,0.001,,0.0,"[0,1e-07)",16,0.0,0.0,0.0,False,0.0,0.0,0,False,False,False,False
seq_0067,18,256,7,numeric,0.01,,0.00390625,"[0.001,0.01)",16,0.0005285739898681641,0.0006256103515625,0.0006256103515625,True,0.13531494137160935,0.11462402340815624,0,True,True,True,True
seq_0067,18,256,7,numeric,0.1,,0.03125,"[0.01,0.1)",16,0.004229307174682617,0.005006313323974609,0.005006313323974609,True,0.13533782958551294,0.11463928222289405,0,True,True,True,True
seq_0067,18,256,7,bitflip,,sign,0.625,"[0.1,1)",16,0.08459019660949707,0.1001274585723877,0.1001274585723877,True,0.13534431457497878,0.11462860107403534,0,True,True,True,True
seq_0067,18,256,7,bitflip,,exponent,1.0633823966279327e+38,"[10,inf)",16,1.439231292216101e+37,1.7035797960142146e+37,1.7035797960142146e+37,True,0.13534466028213502,0.11462863683700561,0,True,True,True,True
seq_0067,18,256,7,bitflip,,mantissa,0.001953125,"[0.001,0.01)",16,0.0002644062042236328,0.00031304359436035156,0.00031304359436035156,True,0.1353759764931875,0.114501953066375,0,True,True,True,True
seq_0068,31,64,0,numeric,1e-06,,0.0,"[0,1e-07)",16,0.0,0.0,0.0,False,0.0,0.0,0,False,False,False,False
seq_0068,31,64,0,numeric,1e-05,,0.0,"[0,1e-07)",16,0.0,0.0,0.0,False,0.0,0.0,0,False,False,False,False
seq_0068,31,64,0,numeric,0.0001,,0.0,"[0,1e-07)",16,0.0,0.0,0.0,False,0.0,0.0,0,False,False,False,False
seq_0068,31,64,0,numeric,0.001,,0.0,"[0,1e-07)",16,0.0,0.0,0.0,False,0.0,0.0,0,False,False,False,False
seq_0068,31,64,0,numeric,0.01,,0.0029296875,"[0.001,0.01)",16,0.0004754066467285156,0.0004897117614746094,0.0004897117614746094,True,0.16227213536127777,0.1375325520363889,0,True,True,True,True
seq_0068,31,64,0,numeric,0.1,,0.0244140625,"[0.01,0.1)",16,0.003962039947509766,0.0040798187255859375,0.0040798187255859375,True,0.1622851562433528,0.1374218749943712,0,True,True,True,True
seq_0068,31,64,0,bitflip,,sign,0.49609375,"[0.1,1)",16,0.08050394058227539,0.0829019546508789,0.0829019546508789,True,0.16227565975607053,0.1374165692664553,0,True,True,True,True
seq_0068,31,64,0,bitflip,,exponent,8.440597773234216e+37,"[10,inf)",16,1.3697020512092429e+37,1.4105016393077085e+37,1.4105016393077085e+37,True,0.16227547953447957,0.13741625387837567,0,True,True,True,True
seq_0068,31,64,0,bitflip,,mantissa,0.0009765625,"[0.0001,0.001)",16,0.0001583099365234375,0.00016307830810546875,0.00016307830810546875,True,0.162109374834,0.1372070311095,0,True,True,True,True
seq_0068,31,256,0,numeric,1e-06,,0.0,"[0,1e-07)",16,0.0,0.0,0.0,False,0.0,0.0,0,False,False,False,False
seq_0068,31,256,0,numeric,1e-05,,0.0,"[0,1e-07)",16,0.0,0.0,0.0,False,0.0,0.0,0,False,False,False,False
seq_0068,31,256,0,numeric,0.0001,,0.0,"[0,1e-07)",16,0.0,0.0,0.0,False,0.0,0.0,0,False,False,False,False
seq_0068,31,256,0,numeric,0.001,,0.0,"[0,1e-07)",16,0.0,0.0,0.0,False,0.0,0.0,0,False,False,False,False
seq_0068,31,256,0,numeric,0.01,,0.03125,"[0.01,0.1)",16,0.005135774612426758,0.012343406677246094,0.012343406677246094,True,0.16434478759239723,0.1864395141541902,0,True,True,True,True
seq_0068,31,256,0,numeric,0.1,,0.34375,"[0.1,1)",16,0.05649423599243164,0.13577604293823242,0.13577604293823242,True,0.16434686834114123,0.18644367564754002,0,True,True,True,True
seq_0068,31,256,0,bitflip,,sign,6.75,"[1,10)",16,1.1093428134918213,2.666151762008667,2.666151762008667,True,0.16434708348024546,0.18644417656789772,0,True,True,True,True
seq_0068,31,256,0,bitflip,,exponent,3.375,"[1,10)",16,0.5546712875366211,1.333076000213623,1.333076000213623,True,0.16434704815895015,0.1864441765678701,0,True,True,True,True
seq_0068,31,256,0,bitflip,,mantissa,0.015625,"[0.01,0.1)",16,0.0025680065155029297,0.006171703338623047,0.006171703338623047,True,0.16435241698166897,0.18643188475369338,0,True,True,True,True
seq_0069,4,64,5,numeric,1e-06,,0.0,"[0,1e-07)",16,0.0,0.0,0.0,False,0.0,0.0,0,False,False,False,False
seq_0069,4,64,5,numeric,1e-05,,0.0,"[0,1e-07)",16,0.0,0.0,0.0,False,0.0,0.0,0,False,False,False,False
seq_0069,4,64,5,numeric,0.0001,,0.0,"[0,1e-07)",16,0.0,0.0,0.0,False,0.0,0.0,0,False,False,False,False
seq_0069,4,64,5,numeric,0.001,,0.0,"[0,1e-07)",16,0.0,0.0,0.0,False,0.0,0.0,0,False,False,False,False
seq_0069,4,64,5,numeric,0.01,,0.00390625,"[0.001,0.01)",16,0.000308990478515625,0.0007283687591552734,0.0007283687591552734,True,0.07910156247974999,0.08593749997799999,0,True,True,True,True
seq_0069,4,64,5,numeric,0.1,,0.041015625,"[0.01,0.1)",16,0.003242015838623047,0.007647037506103516,0.007647037506103516,True,0.07904343377783475,0.08597237723004678,0,True,True,True,True
seq_0069,4,64,5,bitflip,,sign,0.828125,"[0.1,1)",16,0.0654764175415039,0.15439915657043457,0.15439915657043457,True,0.07906586269153189,0.08597147239818628,0,True,True,True,True
seq_0069,4,64,5,bitflip,,exponent,1.4089816755320108e+38,"[10,inf)",16,1.114027446643191e+37,2.626964254768602e+37,2.626964254768602e+37,True,0.07906614159638027,0.08597148139521761,0,True,True,True,True
seq_0069,4,64,5,bitflip,,mantissa,0.001953125,"[0.001,0.01)",16,0.00015497207641601562,0.00036406517028808594,0.00036406517028808594,True,0.079345703084375,0.085937499956,0,True,True,True,True
seq_0069,4,256,5,numeric,1e-06,,0.0,"[0,1e-07)",16,0.0,0.0,0.0,False,0.0,0.0,0,False,False,False,False
seq_0069,4,256,5,numeric,1e-05,,0.0,"[0,1e-07)",16,0.0,0.0,0.0,False,0.0,0.0,0,False,False,False,False
seq_0069,4,256,5,numeric,0.0001,,0.0,"[0,1e-07)",16,0.0,0.0,0.0,False,0.0,0.0,0,False,False,False,False
seq_0069,4,256,5,numeric,0.001,,0.0,"[0,1e-07)",16,0.0,0.0,0.0,False,0.0,0.0,0,False,False,False,False
seq_0069,4,256,5,numeric,0.01,,0.0009765625,"[0.0001,0.001)",16,0.00018739700317382812,0.00026607513427734375,0.00026607513427734375,True,0.1918945310535,0.140624999856,0,True,True,True,True
seq_0069,4,256,5,numeric,0.1,,0.0078125,"[0.001,0.01)",16,0.0014996528625488281,0.0021257400512695312,0.0021257400512695312,True,0.19195556638167968,0.14086914060696873,0,True,True,True,True
seq_0069,4,256,5,bitflip,,sign,0.154296875,"[0.1,1)",16,0.02962017059326172,0.04197978973388672,0.04197978973388672,True,0.1919687005525533,0.140869140624087,0,True,True,True,True
seq_0069,4,256,5,bitflip,,exponent,2.625225291675209e+37,"[10,inf)",16,5.0396039069602366e+36,7.142460683130738e+36,7.142460683130738e+36,True,0.19196843497360808,0.14086892333211778,0,True,True,True,True
seq_0069,4,256,5,bitflip,,mantissa,0.00048828125,"[0.0001,0.001)",16,9.393692016601562e-05,0.000133514404296875,0.000133514404296875,True,0.192382812106,0.14160156221,0,True,True,True,True
seq_0070,18,64,1,numeric,1e-06,,0.0,"[0,1e-07)",16,0.0,0.0,0.0,False,0.0,0.0,0,False,False,False,False
seq_0070,18,64,1,numeric,1e-05,,0.0,"[0,1e-07)",16,0.0,0.0,0.0,False,0.0,0.0,0,False,False,False,False
seq_0070,18,64,1,numeric,0.0001,,0.0,"[0,1e-07)",16,0.0,0.0,0.0,False,0.0,0.0,0,False,False,False,False
seq_0070,18,64,1,numeric,0.001,,0.0,"[0,1e-07)",16,0.0,0.0,0.0,False,0.0,0.0,0,False,False,False,False
seq_0070,18,64,1,numeric,0.01,,0.001953125,"[0.001,0.01)",16,0.00019311904907226562,0.0003857612609863281,0.0003857612609863281,True,0.098876953074375,0.12646484368525,0,True,True,True,True
seq_0070,18,64,1,numeric,0.1,,0.021484375,"[0.01,0.1)",16,0.002121448516845703,0.004421234130859375,0.004421234130859375,True,0.09874378550676757,0.09875488280790341,0,True,True,True,True
seq_0070,18,64,1,bitflip,,sign,0.435546875,"[0.1,1)",16,0.04300880432128906,0.08481431007385254,0.08481431007385254,True,0.09874667180470602,0.11393813060511958,0,True,True,True,True
seq_0070,18,64,1,bitflip,,exponent,7.410446076500906e+37,"[10,inf)",16,7.31754541490776e+36,1.5249150921770876e+37,1.5249150921770876e+37,True,0.09874635533901609,0.09874635533901609,0,True,True,True,True
seq_0070,18,64,1,bitflip,,mantissa,0.0009765625,"[0.0001,0.001)",16,9.679794311523438e-05,0.0001901388168334961,0.0001901388168334961,True,0.0991210936485,0.11181640613550001,0,True,True,True,True
seq_0070,18,256,1,numeric,1e-06,,0.0,"[0,1e-07)",16,0.0,0.0,0.0,False,0.0,0.0,0,False,False,False,False
seq_0070,18,256,1,numeric,1e-05,,0.0,"[0,1e-07)",16,0.0,0.0,0.0,False,0.0,0.0,0,False,False,False,False
seq_0070,18,256,1,numeric,0.0001,,0.0,"[0,1e-07)",16,0.0,0.0,0.0,False,0.0,0.0,0,False,False,False,False
seq_0070,18,256,1,numeric,0.001,,0.0,"[0,1e-07)",16,0.0,0.0,0.0,False,0.0,0.0,0,False,False,False,False
seq_0070,18,256,1,numeric,0.01,,0.0078125,"[0.001,0.01)",16,0.0007181167602539062,0.001758575439453125,0.001758575439453125,True,0.09191894530073437,0.16710853574521167,0,True,True,True,True
seq_0070,18,256,1,numeric,0.1,,0.09375,"[0.01,0.1)",16,0.008610725402832031,0.021104812622070312,0.021104812622070312,True,0.09184773762922861,0.16710917154769667,0,True,True,True,True
seq_0070,18,256,1,bitflip,,sign,1.890625,"[1,10)",16,0.17363739013671875,0.42560577392578125,0.42560577392578125,True,0.09184126420449687,0.16710921358462236,0,True,True,True,True
seq_0070,18,256,1,bitflip,,exponent,3.2167317497994964e+38,"[10,inf)",16,2.954278992121012e+37,0.0,2.954278992121012e+37,False,0.09184101199315599,0.09184101199315599,15,True,True,True,True
seq_0070,18,256,1,bitflip,,mantissa,0.00390625,"[0.001,0.01)",16,0.00035858154296875,0.0008792877197265625,0.0008792877197265625,True,0.09179687497649999,0.1671104430724541,0,True,True,True,True
seq_0071,31,64,1,numeric,1e-06,,0.0,"[0,1e-07)",16,0.0,0.0,0.0,False,0.0,0.0,0,False,False,False,False
seq_0071,31,64,1,numeric,1e-05,,0.0,"[0,1e-07)",16,0.0,0.0,0.0,False,0.0,0.0,0,False,False,False,False
seq_0071,31,64,1,numeric,0.0001,,0.0,"[0,1e-07)",16,0.0,0.0,0.0,False,0.0,0.0,0,False,False,False,False
seq_0071,31,64,1,numeric,0.001,,0.0,"[0,1e-07)",16,0.0,0.0,0.0,False,0.0,0.0,0,False,False,False,False
seq_0071,31,64,1,numeric,0.01,,0.0078125,"[0.001,0.01)",16,0.0014677047729492188,0.0009546279907226562,0.0014677047729492188,False,0.18786621091345312,0.079101562489875,0,True,True,True,True
seq_0071,31,64,1,numeric,0.1,,0.078125,"[0.01,0.1)",16,0.014674186706542969,0.009548187255859375,0.014674186706542969,False,0.18782958984134576,0.07906494140523797,0,True,True,True,True
seq_0071,31,64,1,bitflip,,sign,1.578125,"[1,10)",16,0.29641103744506836,0.1928858757019043,0.29641103744506836,False,0.18782481580665697,0.07906590829976425,0,True,True,True,True
seq_0071,31,64,1,bitflip,,exponent,2.68504055148553e+38,"[10,inf)",16,,2.9851196635739647e+37,2.9851196635739647e+37,False,,0.1111759620137734,15,True,True,True,True
seq_0071,31,64,1,bitflip,,mantissa,0.00390625,"[0.001,0.01)",16,0.0007343292236328125,0.0004773139953613281,0.0007343292236328125,False,0.18798828120187497,0.07910156247974999,0,True,True,True,True
seq_0071,31,256,1,numeric,1e-06,,0.0,"[0,1e-07)",16,0.0,0.0,0.0,False,0.0,0.0,0,False,False,False,False
seq_0071,31,256,1,numeric,1e-05,,0.0,"[0,1e-07)",16,0.0,0.0,0.0,False,0.0,0.0,0,False,False,False,False
seq_0071,31,256,1,numeric,0.0001,,0.0,"[0,1e-07)",16,0.0,0.0,0.0,False,0.0,0.0,0,False,False,False,False
seq_0071,31,256,1,numeric,0.001,,0.0,"[0,1e-07)",16,0.0,0.0,0.0,False,0.0,0.0,0,False,False,False,False
seq_0071,31,256,1,numeric,0.01,,0.000244140625,"[0.0001,0.001)",16,1.4781951904296875e-05,6.4849853515625e-05,6.4849853515625e-05,True,0.060546874752000004,0.208984374144,0,False,False,True,True
seq_0071,31,256,1,numeric,0.1,,0.002685546875,"[0.001,0.01)",16,0.00015974044799804688,0.0007190704345703125,0.0007190704345703125,True,0.05948153406876033,0.20987215901276032,0,True,True,True,True
seq_0071,31,256,1,bitflip,,sign,0.052978515625,"[0.01,0.1)",16,0.0031456947326660156,0.014195442199707031,0.014195442199707031,True,0.0593768001140866,0.20992043490387174,0,True,True,True,True
seq_0071,31,256,1,bitflip,,exponent,9.013827346416461e+36,"[10,inf)",16,5.352944238397688e+35,2.4648440709014986e+36,2.4648440709014986e+36,True,0.059385919351182224,0.2099223158875918,0,True,True,True,True
seq_0071,31,256,1,bitflip,,mantissa,0.0001220703125,"[0.0001,0.001)",16,6.67572021484375e-06,3.337860107421875e-05,3.337860107421875e-05,True,0.05468749955200001,0.21093749827200003,0,False,False,True,True
seq_0072,4,64,4,numeric,1e-06,,0.0,"[0,1e-07)",16,0.0,0.0,0.0,False,0.0,0.0,0,False,False,False,False
seq_0072,4,64,4,numeric,1e-05,,0.0,"[0,1e-07)",16,0.0,0.0,0.0,False,0.0,0.0,0,False,False,False,False
seq_0072,4,64,4,numeric,0.0001,,0.0,"[0,1e-07)",16,0.0,0.0,0.0,False,0.0,0.0,0,False,False,False,False
seq_0072,4,64,4,numeric,0.001,,0.0,"[0,1e-07)",16,0.0,0.0,0.0,False,0.0,0.0,0,False,False,False,False
seq_0072,4,64,4,numeric,0.01,,0.0078125,"[0.001,0.01)",16,0.0005772113800048828,0.001456618309020996,0.001456618309020996,True,0.07388305663116797,0.08457946776261133,0,True,True,True,True
seq_0072,4,64,4,numeric,0.1,,0.08203125,"[0.01,0.1)",16,0.00606083869934082,0.015294313430786133,0.015294313430786133,True,0.07388450985773026,0.08459036690745093,0,True,True,True,True
seq_0072,4,64,4,bitflip,,sign,1.6328125,"[1,10)",16,0.12064385414123535,0.3044283390045166,0.3044283390045166,True,0.07388714511994578,0.08459041905740183,0,True,True,True,True
seq_0072,4,64,4,bitflip,,exponent,2.778086511190474e+38,"[10,inf)",16,2.0526484317870214e+37,2.99264646577788e+37,2.99264646577788e+37,True,0.073887131430886,0.08838834260639392,6,True,True,True,True
seq_0072,4,64,4,bitflip,,mantissa,0.00390625,"[0.001,0.01)",16,0.0002887248992919922,0.0007282495498657227,0.0007282495498657227,True,0.07391357419982812,0.08459472654084374,0,True,True,True,True
seq_0072,4,256,4,numeric,1e-06,,0.0,"[0,1e-07)",16,0.0,0.0,0.0,False,0.0,0.0,0,False,False,False,False
seq_0072,4,256,4,numeric,1e-05,,0.0,"[0,1e-07)",16,0.0,0.0,0.0,False,0.0,0.0,0,False,False,False,False
seq_0072,4,256,4,numeric,0.0001,,0.0,"[0,1e-07)",16,0.0,0.0,0.0,False,0.0,0.0,0,False,False,False,False
seq_0072,4,256,4,numeric,0.001,,0.0,"[0,1e-07)",16,0.0,0.0,0.0,False,0.0,0.0,0,False,False,False,False
seq_0072,4,256,4,numeric,0.01,,0.015625,"[0.01,0.1)",16,0.0013540983200073242,0.003840923309326172,0.003840923309326172,True,0.08666229247492237,0.12841796874178127,0,True,True,True,True
seq_0072,4,256,4,numeric,0.1,,0.21875,"[0.1,1)",16,0.01895737648010254,0.06797432899475098,0.06797432899475098,True,0.08666229248007258,0.1284375871924932,0,True,True,True,True
seq_0072,4,256,4,bitflip,,sign,4.46875,"[1,10)",16,0.38727086782455444,1.09855318069458,1.09855318069458,True,0.08666201238030048,0.12843925636128573,0,True,True,True,True
seq_0072,4,256,4,bitflip,,exponent,2.234375,"[1,10)",16,0.1936354637145996,0.54927659034729,0.54927659034729,True,0.08666202571838341,0.1284393097136663,0,True,True,True,True
seq_0072,4,256,4,bitflip,,mantissa,0.015625,"[0.01,0.1)",16,0.0013540983200073242,0.003840923309326172,0.003840923309326172,True,0.08666229247492237,0.12841796874178127,0,True,True,True,True
seq_0073,18,64,7,numeric,1e-06,,0.0,"[0,1e-07)",16,0.0,0.0,0.0,False,0.0,0.0,0,False,False,False,False
seq_0073,18,64,7,numeric,1e-05,,0.0,"[0,1e-07)",16,0.0,0.0,0.0,False,0.0,0.0,0,False,False,False,False
seq_0073,18,64,7,numeric,0.0001,,0.0,"[0,1e-07)",16,0.0,0.0,0.0,False,0.0,0.0,0,False,False,False,False
seq_0073,18,64,7,numeric,0.001,,0.0,"[0,1e-07)",16,0.0,0.0,0.0,False,0.0,0.0,0,False,False,False,False
seq_0073,18,64,7,numeric,0.01,,0.00390625,"[0.001,0.01)",16,0.0003910064697265625,0.0005772113800048828,0.0005772113800048828,True,0.10009765622437498,0.09112548825792187,0,True,True,True,True
seq_0073,18,64,7,numeric,0.1,,0.03515625,"[0.01,0.1)",16,0.0035200119018554688,0.0038115978240966797,0.0038115978240966797,True,0.10012478298326312,0.06283908419960146,0,True,True,True,True
seq_0073,18,64,7,bitflip,,sign,0.703125,"[0.1,1)",16,0.070404052734375,0.10390377044677734,0.10390377044677734,True,0.10013020833319093,0.09115058051202314,0,True,True,True,True
seq_0073,18,64,7,bitflip,,exponent,1.1963051962064243e+38,"[10,inf)",16,1.1978295460531987e+37,2.0652233989762254e+37,2.0652233989762254e+37,True,0.10012742148505317,0.09391262266370985,0,True,True,True,True
seq_0073,18,64,7,bitflip,,mantissa,0.001953125,"[0.001,0.01)",16,0.00019550323486328125,0.0002886056900024414,0.0002886056900024414,True,0.10009765619875,0.0911865233908125,0,True,True,True,True
seq_0073,18,256,7,numeric,1e-06,,0.0,"[0,1e-07)",16,0.0,0.0,0.0,False,0.0,0.0,0,False,False,False,False
seq_0073,18,256,7,numeric,1e-05,,0.0,"[0,1e-07)",16,0.0,0.0,0.0,False,0.0,0.0,0,False,False,False,False
seq_0073,18,256,7,numeric,0.0001,,0.0,"[0,1e-07)",16,0.0,0.0,0.0,False,0.0,0.0,0,False,False,False,False
seq_0073,18,256,7,numeric,0.001,,0.0,"[0,1e-07)",16,0.0,0.0,0.0,False,0.0,0.0,0,False,False,False,False
seq_0073,18,256,7,numeric,0.01,,0.03125,"[0.01,0.1)",16,0.005114316940307617,0.006430625915527344,0.006430625915527344,True,0.1636581420846067,0.13258361815981984,0,True,True,True,True
seq_0073,18,256,7,numeric,0.1,,0.328125,"[0.1,1)",16,0.05369985103607178,0.06752133369445801,0.06752133369445801,True,0.16365668887133905,0.1325814383366495,0,True,True,True,True
seq_0073,18,256,7,bitflip,,sign,6.625,"[1,10)",16,1.0842245817184448,1.3632866144180298,1.3632866144180298,True,0.1636565406367217,0.13258250254503084,0,True,True,True,True
seq_0073,18,256,7,bitflip,,exponent,3.3125,"[1,10)",16,0.5421122908592224,0.6816433668136597,0.6816433668136597,True,0.163656540636697,0.13258246655730077,0,True,True,True,True
seq_0073,18,256,7,bitflip,,mantissa,0.015625,"[0.01,0.1)",16,0.0025571584701538086,0.003215312957763672,0.003215312957763672,True,0.16365814207936966,0.13259887694463868,0,True,True,True,True
seq_0074,31,64,0,numeric,1e-06,,0.0,"[0,1e-07)",16,0.0,0.0,0.0,False,0.0,0.0,0,False,False,False,False
seq_0074,31,64,0,numeric,1e-05,,0.0,"[0,1e-07)",16,0.0,0.0,0.0,False,0.0,0.0,0,False,False,False,False
seq_0074,31,64,0,numeric,0.0001,,0.0,"[0,1e-07)",16,0.0,0.0,0.0,False,0.0,0.0,0,False,False,False,False
seq_0074,31,64,0,numeric,0.001,,0.0,"[0,1e-07)",16,0.0,0.0,0.0,False,0.0,0.0,0,False,False,False,False
seq_0074,31,64,0,numeric,0.01,,0.015625,"[0.01,0.1)",16,0.0017480850219726562,0.002762317657470703,0.002762317657470703,True,0.11187744139908985,0.10426330565738966,0,True,True,True,True
seq_0074,31,64,0,numeric,0.1,,0.125,"[0.1,1)",16,0.013983488082885742,0.022097110748291016,0.022097110748291016,True,0.11186790466219099,0.10427093505775958,0,True,True,True,True
seq_0074,31,64,0,bitflip,,sign,2.515625,"[1,10)",16,0.2814141511917114,0.4447038173675537,0.4447038173675537,True,0.11186649488361722,0.10427060334574659,0,True,True,True,True
seq_0074,31,64,0,bitflip,,exponent,,nonfinite,16,,0.0,,False,,,16,True,True,True,True
seq_0074,31,64,0,bitflip,,mantissa,0.0078125,"[0.001,0.01)",16,0.0008738040924072266,0.00138092041015625,0.00138092041015625,True,0.11184692381380859,0.10427856443977734,0,True,True,True,True
seq_0074,31,256,0,numeric,1e-06,,0.0,"[0,1e-07)",16,0.0,0.0,0.0,False,0.0,0.0,0,False,False,False,False
seq_0074,31,256,0,numeric,1e-05,,0.0,"[0,1e-07)",16,0.0,0.0,0.0,False,0.0,0.0,0,False,False,False,False
seq_0074,31,256,0,numeric,0.0001,,0.0,"[0,1e-07)",16,0.0,0.0,0.0,False,0.0,0.0,0,False,False,False,False
seq_0074,31,256,0,numeric,0.001,,0.0,"[0,1e-07)",16,0.0,0.0,0.0,False,0.0,0.0,0,False,False,False,False
seq_0074,31,256,0,numeric,0.01,,0.00048828125,"[0.0001,0.001)",16,4.291534423828125e-05,7.724761962890625e-05,7.724761962890625e-05,True,0.08789062482,0.090820312314,0,True,True,True,True
seq_0074,31,256,0,numeric,0.1,,0.004638671875,"[0.001,0.01)",16,0.0004100799560546875,0.0007371902465820312,0.0007371902465820312,True,0.08840460524409971,0.08984374998063158,0,True,True,True,True
seq_0074,31,256,0,bitflip,,sign,0.09375,"[0.01,0.1)",16,0.008286476135253906,0.014889717102050781,0.014889717102050781,True,0.08838907877509884,0.08977254231675075,0,True,True,True,True
seq_0074,31,256,0,bitflip,,exponent,1.595073594941899e+37,"[10,inf)",16,1.4098591306009828e+36,2.5333406203468808e+36,2.5333406203468808e+36,True,0.08838834365208943,0.08976941307385762,0,True,True,True,True
seq_0074,31,256,0,bitflip,,mantissa,0.000244140625,"[0.0001,0.001)",16,2.1457672119140625e-05,3.8623809814453125e-05,3.8623809814453125e-05,True,0.08789062464,0.08789062464,0,True,True,True,True
seq_0075,4,64,5,numeric,1e-06,,0.0,"[0,1e-07)",16,0.0,0.0,0.0,False,0.0,0.0,0,False,False,False,False
seq_0075,4,64,5,numeric,1e-05,,0.0,"[0,1e-07)",16,0.0,0.0,0.0,False,0.0,0.0,0,False,False,False,False
seq_0075,4,64,5,numeric,0.0001,,0.0,"[0,1e-07)",16,0.0,0.0,0.0,False,0.0,0.0,0,False,False,False,False
seq_0075,4,64,5,numeric,0.001,,0.0,"[0,1e-07)",16,0.0,0.0,0.0,False,0.0,0.0,0,False,False,False,False
seq_0075,4,64,5,numeric,0.01,,0.03125,"[0.01,0.1)",16,0.0020499229431152344,0.004423618316650391,0.004423618316650391,True,0.06559753417758839,0.07182312011488916,0,True,True,True,True
seq_0075,4,64,5,numeric,0.1,,0.4375,"[0.1,1)",16,0.02870035171508789,0.06193256378173828,0.06193256378173828,True,0.06560080392005095,0.0718154907224921,0,True,True,True,True
seq_0075,4,64,5,bitflip,,sign,9.0,"[1,10)",16,0.5904068946838379,1.2740354537963867,1.2740354537963867,True,0.0656007660759747,0.07181554370455474,0,True,True,True,True
seq_0075,4,64,5,bitflip,,exponent,4.5,"[1,10)",16,0.29520320892333984,0.6370177268981934,0.6370177268981934,True,0.06560071309406094,0.07181549072264029,0,True,True,True,True
seq_0075,4,64,5,bitflip,,mantissa,0.03125,"[0.01,0.1)",16,0.0020499229431152344,0.004423618316650391,0.004423618316650391,True,0.06559753417758839,0.07182312011488916,0,True,True,True,True
seq_0075,4,256,5,numeric,1e-06,,0.0,"[0,1e-07)",16,0.0,0.0,0.0,False,0.0,0.0,0,False,False,False,False
seq_0075,4,256,5,numeric,1e-05,,0.0,"[0,1e-07)",16,0.0,0.0,0.0,False,0.0,0.0,0,False,False,False,False
seq_0075,4,256,5,numeric,0.0001,,0.0,"[0,1e-07)",16,0.0,0.0,0.0,False,0.0,0.0,0,False,False,False,False
seq_0075,4,256,5,numeric,0.001,,0.0,"[0,1e-07)",16,0.0,0.0,0.0,False,0.0,0.0,0,False,False,False,False
seq_0075,4,256,5,numeric,0.01,,0.0009765625,"[0.0001,0.001)",16,0.00021314620971679688,0.00026297569274902344,0.00026297569274902344,True,0.2182617185265,0.173828124822,0,True,True,True,True
seq_0075,4,256,5,numeric,0.1,,0.01123046875,"[0.01,0.1)",16,0.0024504661560058594,0.0030243396759033203,0.0030243396759033203,True,0.21819802987187523,0.17476222824530813,0,True,True,True,True
seq_0075,4,256,5,bitflip,,sign,0.2294921875,"[0.1,1)",16,0.050077199935913086,0.06180429458618164,0.06180429458618164,True,0.21820873503894278,0.1747091090417919,0,True,True,True,True
seq_0075,4,256,5,bitflip,,exponent,3.9046072376181904e+37,"[10,inf)",16,8.520194061482786e+36,1.0515429203169811e+37,1.0515429203169811e+37,True,0.2182087350398936,0.1747050833194814,0,True,True,True,True
seq_0075,4,256,5,bitflip,,mantissa,0.00048828125,"[0.0001,0.001)",16,0.00010633468627929688,0.00013136863708496094,0.00013136863708496094,True,0.217773437054,0.17578124964,0,True,True,True,True
seq_0076,18,64,1,numeric,1e-06,,0.0,"[0,1e-07)",16,0.0,0.0,0.0,False,0.0,0.0,0,False,False,False,False
seq_0076,18,64,1,numeric,1e-05,,0.0,"[0,1e-07)",16,0.0,0.0,0.0,False,0.0,0.0,0,False,False,False,False
seq_0076,18,64,1,numeric,0.0001,,0.0,"[0,1e-07)",16,0.0,0.0,0.0,False,0.0,0.0,0,False,False,False,False
seq_0076,18,64,1,numeric,0.001,,0.0,"[0,1e-07)",16,0.0,0.0,0.0,False,0.0,0.0,0,False,False,False,False
seq_0076,18,64,1,numeric,0.01,,0.001953125,"[0.001,0.01)",16,0.0003452301025390625,0.00022530555725097656,0.0003452301025390625,False,0.1767578124095,0.0904541015161875,0,True,True,True,True
seq_0076,18,64,1,numeric,0.1,,0.015625,"[0.01,0.1)",16,0.002762138843536377,0.0018017292022705078,0.002762138843536377,False,0.17677688597501443,0.09045410155671095,0,True,True,True,True
seq_0076,18,64,1,bitflip,,sign,0.3203125,"[0.1,1)",16,0.056623756885528564,0.03693819046020508,0.056623756885528564,False,0.17677660686158608,0.09046005621160784,0,True,True,True,True
seq_0076,18,64,1,bitflip,,exponent,5.449834782718155e+37,"[10,inf)",16,9.634037445258824e+36,6.924464710885389e+36,9.634037445258824e+36,False,0.1767766882733601,0.0911504815264446,0,True,True,True,True
seq_0076,18,64,1,bitflip,,mantissa,0.0009765625,"[0.0001,0.001)",16,0.00017267465591430664,0.0001125335693359375,0.00017267465591430664,False,0.1768188474751875,0.0903320311575,0,True,True,True,True
seq_0076,18,256,1,numeric,1e-06,,0.0,"[0,1e-07)",16,0.0,0.0,0.0,False,0.0,0.0,0,False,False,False,False
seq_0076,18,256,1,numeric,1e-05,,0.0,"[0,1e-07)",16,0.0,0.0,0.0,False,0.0,0.0,0,False,False,False,False
seq_0076,18,256,1,numeric,0.0001,,0.0,"[0,1e-07)",16,0.0,0.0,0.0,False,0.0,0.0,0,False,False,False,False
seq_0076,18,256,1,numeric,0.001,,0.0,"[0,1e-07)",16,0.0,0.0,0.0,False,0.0,0.0,0,False,False,False,False
seq_0076,18,256,1,numeric,0.01,,0.015625,"[0.01,0.1)",16,0.002319812774658203,0.0031290054321289062,0.0031290054321289062,True,0.14846801756862307,0.07907104491681446,0,True,True,True,True
seq_0076,18,256,1,numeric,0.1,,0.15625,"[0.1,1)",16,0.023197650909423828,0.031289100646972656,0.031289100646972656,True,0.14846496581936233,0.07906494140574398,0,True,True,True,True
seq_0076,18,256,1,bitflip,,sign,3.0625,"[1,10)",16,0.45467329025268555,0.6132802963256836,0.6132802963256836,True,0.14846474783756314,0.07906606246011448,0,True,True,True,True
seq_0076,18,256,1,bitflip,,exponent,,nonfinite,16,,0.0,,False,,,16,True,True,True,True
seq_0076,18,256,1,bitflip,,mantissa,0.0078125,"[0.001,0.01)",16,0.00115966796875,0.0015649795532226562,0.0015649795532226562,True,0.148437499981,0.079101562489875,0,True,True,True,True
seq_0077,31,64,1,numeric,1e-06,,0.0,"[0,1e-07)",16,0.0,0.0,0.0,False,0.0,0.0,0,False,False,False,False
seq_0077,31,64,1,numeric,1e-05,,0.0,"[0,1e-07)",16,0.0,0.0,0.0,False,0.0,0.0,0,False,False,False,False
seq_0077,31,64,1,numeric,0.0001,,0.0,"[0,1e-07)",16,0.0,0.0,0.0,False,0.0,0.0,0,False,False,False,False
seq_0077,31,64,1,numeric,0.001,,0.0,"[0,1e-07)",16,0.0,0.0,0.0,False,0.0,0.0,0,False,False,False,False
seq_0077,31,64,1,numeric,0.01,,0.015625,"[0.01,0.1)",16,0.0015859603881835938,0.0038194656372070312,0.0038194656372070312,True,0.10150146483725392,0.10150146483725392,0,True,True,True,True
seq_0077,31,64,1,numeric,0.1,,0.1328125,"[0.1,1)",16,0.01348114013671875,0.03246593475341797,0.03246593475341797,True,0.10150505514629454,0.10150505514629454,0,True,True,True,True
seq_0077,31,64,1,bitflip,,sign,2.703125,"[1,10)",16,0.27439022064208984,0.6607761383056641,0.6607761383056641,True,0.10150852093114018,0.10150852093114018,0,True,True,True,True
seq_0077,31,64,1,bitflip,,exponent,,nonfinite,16,,0.0,,False,,,16,True,True,True,True
seq_0077,31,64,1,bitflip,,mantissa,0.0078125,"[0.001,0.01)",16,0.00079345703125,0.0019092559814453125,0.0019092559814453125,True,0.101562499987,0.101562499987,0,True,True,True,True
seq_0077,31,256,1,numeric,1e-06,,0.0,"[0,1e-07)",16,0.0,0.0,0.0,False,0.0,0.0,0,False,False,False,False
seq_0077,31,256,1,numeric,1e-05,,0.0,"[0,1e-07)",16,0.0,0.0,0.0,False,0.0,0.0,0,False,False,False,False
seq_0077,31,256,1,numeric,0.0001,,0.0,"[0,1e-07)",16,0.0,0.0,0.0,False,0.0,0.0,0,False,False,False,False
seq_0077,31,256,1,numeric,0.001,,0.0,"[0,1e-07)",16,0.0,0.0,0.0,False,0.0,0.0,0,False,False,False,False
seq_0077,31,256,1,numeric,0.01,,0.001953125,"[0.001,0.01)",16,5.9604644775390625e-05,0.0001544952392578125,0.0001544952392578125,True,0.030517578109375,0.04833984372525,0,True,True,True,True
seq_0077,31,256,1,numeric,0.1,,0.025390625,"[0.01,0.1)",16,0.0007715225219726562,0.0020074844360351562,0.0020074844360351562,True,0.030386117787264796,0.048339843748096155,0,True,True,True,True
seq_0077,31,256,1,bitflip,,sign,0.51171875,"[0.1,1)",16,0.015547752380371094,0.040459632873535156,0.040459632873535156,True,0.030383393964635283,0.048337048246565845,0,True,True,True,True
seq_0077,31,256,1,bitflip,,exponent,8.706443372391199e+37,"[10,inf)",16,2.645321705244542e+36,6.883848551828777e+36,6.883848551828777e+36,True,0.030383494064098095,0.048337375844707924,0,True,True,True,True
seq_0077,31,256,1,bitflip,,mantissa,0.001953125,"[0.001,0.01)",16,5.91278076171875e-05,0.0001544952392578125,0.0001544952392578125,True,0.0302734374845,0.04833984372525,0,True,True,True,True
seq_0078,4,64,4,numeric,1e-06,,0.0,"[0,1e-07)",16,0.0,0.0,0.0,False,0.0,0.0,0,False,False,False,False
seq_0078,4,64,4,numeric,1e-05,,0.0,"[0,1e-07)",16,0.0,0.0,0.0,False,0.0,0.0,0,False,False,False,False
seq_0078,4,64,4,numeric,0.0001,,0.0,"[0,1e-07)",16,0.0,0.0,0.0,False,0.0,0.0,0,False,False,False,False
seq_0078,4,64,4,numeric,0.001,,0.0,"[0,1e-07)",16,0.0,0.0,0.0,False,0.0,0.0,0,False,False,False,False
seq_0078,4,64,4,numeric,0.01,,0.00048828125,"[0.0001,0.001)",16,8.195638656616211e-05,0.00015307962894439697,0.00015307962894439697,True,0.16784667934375,0.1477050778225,0,True,True,True,True
seq_0078,4,64,4,numeric,0.1,,0.00537109375,"[0.001,0.01)",16,0.0009012520313262939,0.001683846116065979,0.001683846116065979,True,0.16779674180114565,0.14778275920544007,0,True,True,True,True
seq_0078,4,64,4,bitflip,,sign,0.109375,"[0.1,1)",16,0.01835310459136963,0.03564882278442383,0.03564882278442383,True,0.16779981340527386,0.16779981340527386,0,True,True,True,True
seq_0078,4,64,4,bitflip,,exponent,1.8609191940988822e+37,"[10,inf)",16,3.1226176676988e+36,6.06533162986381e+36,6.06533162986381e+36,True,0.167799745287214,0.167799745287214,0,True,True,True,True
seq_0078,4,64,4,bitflip,,mantissa,0.000244140625,"[0.0001,0.001)",16,4.079937934875488e-05,7.653236389160156e-05,7.653236389160156e-05,True,0.16711425712800002,0.147949218144,0,True,True,True,True
seq_0078,4,256,4,numeric,1e-06,,0.0,"[0,1e-07)",16,0.0,0.0,0.0,False,0.0,0.0,0,False,False,False,False
seq_0078,4,256,4,numeric,1e-05,,0.0,"[0,1e-07)",16,0.0,0.0,0.0,False,0.0,0.0,0,False,False,False,False
seq_0078,4,256,4,numeric,0.0001,,0.0,"[0,1e-07)",16,0.0,0.0,0.0,False,0.0,0.0,0,False,False,False,False
seq_0078,4,256,4,numeric,0.001,,0.0,"[0,1e-07)",16,0.0,0.0,0.0,False,0.0,0.0,0,False,False,False,False
seq_0078,4,256,4,numeric,0.01,,0.0078125,"[0.001,0.01)",16,0.0010466575622558594,0.0019097551703453064,0.0019097551703453064,True,0.13397216795160155,0.10359191893205273,0,True,True,True,True
seq_0078,4,256,4,numeric,0.1,,0.09375,"[0.01,0.1)",16,0.012559175491333008,0.02291709929704666,0.02291709929704666,True,0.13396453857278978,0.10358047485241076,0,True,True,True,True
seq_0078,4,256,4,bitflip,,sign,1.84375,"[1,10)",16,0.2469954490661621,0.45070287585258484,0.45070287585258484,True,0.13396363339174408,0.1035800869181443,0,True,True,True,True
seq_0078,4,256,4,bitflip,,exponent,3.1369780700524015e+38,"[10,inf)",16,,0.0,,False,,,16,True,True,True,True
seq_0078,4,256,4,bitflip,,mantissa,0.00390625,"[0.001,0.01)",16,0.0005233287811279297,0.0009548813104629517,0.0009548813104629517,True,0.1339721679344531,0.10357666012973436,0,True,True,True,True
seq_0079,18,64,7,numeric,1e-06,,0.0,"[0,1e-07)",16,0.0,0.0,0.0,False,0.0,0.0,0,False,False,False,False
seq_0079,18,64,7,numeric,1e-05,,0.0,"[0,1e-07)",16,0.0,0.0,0.0,False,0.0,0.0,0,False,False,False,False
seq_0079,18,64,7,numeric,0.0001,,0.0,"[0,1e-07)",16,0.0,0.0,0.0,False,0.0,0.0,0,False,False,False,False
seq_0079,18,64,7,numeric,0.001,,0.0,"[0,1e-07)",16,0.0,0.0,0.0,False,0.0,0.0,0,False,False,False,False
seq_0079,18,64,7,numeric,0.01,,0.0078125,"[0.001,0.01)",16,0.0015213489532470703,0.00289154052734375,0.00289154052734375,True,0.19473266599069922,0.2347717284855742,0,True,True,True,True
seq_0079,18,64,7,numeric,0.1,,0.08203125,"[0.01,0.1)",16,0.015974044799804688,0.030361652374267578,0.030361652374267578,True,0.19473121279524516,0.23478190103880456,0,True,True,True,True
seq_0079,18,64,7,bitflip,,sign,1.625,"[1,10)",16,0.31643712520599365,0.6014556884765625,0.6014556884765625,True,0.19473053858818395,0.23478155869689576,0,True,True,True,True
seq_0079,18,64,7,bitflip,,exponent,2.764794231232625e+38,"[10,inf)",16,,0.0,,False,,,16,True,True,True,True
seq_0079,18,64,7,bitflip,,mantissa,0.00390625,"[0.001,0.01)",16,0.0007606744766235352,0.001445770263671875,0.001445770263671875,True,0.1947326659657734,0.2347717284555234,0,True,True,True,True
seq_0079,18,256,7,numeric,1e-06,,0.0,"[0,1e-07)",16,0.0,0.0,0.0,False,0.0,0.0,0,False,False,False,False
seq_0079,18,256,7,numeric,1e-05,,0.0,"[0,1e-07)",16,0.0,0.0,0.0,False,0.0,0.0,0,False,False,False,False
seq_0079,18,256,7,numeric,0.0001,,0.0,"[0,1e-07)",16,0.0,0.0,0.0,False,0.0,0.0,0,False,False,False,False
seq_0079,18,256,7,numeric,0.001,,0.0,"[0,1e-07)",16,0.0,0.0,0.0,False,0.0,0.0,0,False,False,False,False
seq_0079,18,256,7,numeric,0.01,,0.00390625,"[0.001,0.01)",16,0.0002804994583129883,0.0004668235778808594,0.0004668235778808594,True,0.07180786130974218,0.060760498031320304,0,True,True,True,True
seq_0079,18,256,7,numeric,0.1,,0.0546875,"[0.01,0.1)",16,0.003927469253540039,0.006533145904541016,0.006533145904541016,True,0.0718165806348475,0.06076703752679062,0,True,True,True,True
seq_0079,18,256,7,bitflip,,sign,1.09375,"[1,10)",16,0.07854831218719482,0.1306617259979248,0.1306617259979248,True,0.07181559971394103,0.060766928536495776,0,True,True,True,True
seq_0079,18,256,7,bitflip,,exponent,1.8609191940988822e+38,"[10,inf)",16,1.3364290117845724e+37,1.837589859512522e+37,1.837589859512522e+37,True,0.07181553159441267,0.07077973229544503,0,True,True,True,True
seq_0079,18,256,7,bitflip,,mantissa,0.00390625,"[0.001,0.01)",16,0.0002804994583129883,0.0004665851593017578,0.0004665851593017578,True,0.07180786130974218,0.060760498031320304,0,True,True,True,True
seq_0080,31,64,0,numeric,1e-06,,0.0,"[0,1e-07)",16,0.0,0.0,0.0,False,0.0,0.0,0,False,False,False,False
seq_0080,31,64,0,numeric,1e-05,,0.0,"[0,1e-07)",16,0.0,0.0,0.0,False,0.0,0.0,0,False,False,False,False
seq_0080,31,64,0,numeric,0.0001,,0.0,"[0,1e-07)",16,0.0,0.0,0.0,False,0.0,0.0,0,False,False,False,False
seq_0080,31,64,0,numeric,0.001,,0.0,"[0,1e-07)",16,0.0,0.0,0.0,False,0.0,0.0,0,False,False,False,False
seq_0080,31,64,0,numeric,0.01,,0.00390625,"[0.001,0.01)",16,0.00026297569274902344,0.0008094310760498047,0.0008094310760498047,True,0.06732177732651562,0.13049316402909372,0,True,True,True,True
seq_0080,31,64,0,numeric,0.1,,0.044921875,"[0.01,0.1)",16,0.0030243396759033203,0.009306192398071289,0.009306192398071289,True,0.06732443104469696,0.13050908627426866,0,True,True,True,True
seq_0080,31,64,0,bitflip,,sign,0.9140625,"[0.1,1)",16,0.061541080474853516,0.18935751914978027,0.18935751914978027,True,0.06732699402369771,0.13051090077442987,0,True,True,True,True
seq_0080,31,64,0,bitflip,,exponent,1.5551967550683516e+38,"[10,inf)",16,1.0470682404632355e+37,2.1478323856412984e+37,2.1478323856412984e+37,True,0.06732705923227164,0.12153397258530316,1,True,True,True,True
seq_0080,31,64,0,bitflip,,mantissa,0.001953125,"[0.001,0.01)",16,0.0001316070556640625,0.00040459632873535156,0.00040459632873535156,True,0.0673828124655,0.130615234308125,0,True,True,True,True
seq_0080,31,256,0,numeric,1e-06,,0.0,"[0,1e-07)",16,0.0,0.0,0.0,False,0.0,0.0,0,False,False,False,False
seq_0080,31,256,0,numeric,1e-05,,0.0,"[0,1e-07)",16,0.0,0.0,0.0,False,0.0,0.0,0,False,False,False,False
seq_0080,31,256,0,numeric,0.0001,,0.0,"[0,1e-07)",16,0.0,0.0,0.0,False,0.0,0.0,0,False,False,False,False
seq_0080,31,256,0,numeric,0.001,,0.0,"[0,1e-07)",16,0.0,0.0,0.0,False,0.0,0.0,0,False,False,False,False
seq_0080,31,256,0,numeric,0.01,,0.015625,"[0.01,0.1)",16,0.0020177364349365234,0.0028916001319885254,0.0028916001319885254,True,0.12913513182767286,0.07391357421401953,0,True,True,True,True
seq_0080,31,256,0,numeric,0.1,,0.1328125,"[0.1,1)",16,0.017150163650512695,0.02457869052886963,0.02457869052886963,True,0.12913064395582918,0.0738884420950319,0,True,True,True,True
seq_0080,31,256,0,bitflip,,sign,2.703125,"[1,10)",16,0.34905409812927246,0.5002487897872925,0.5002487897872925,True,0.12912983977031892,0.07388729029305431,0,True,True,True,True
seq_0080,31,256,0,bitflip,,exponent,,nonfinite,16,,0.0,,False,,,16,True,True,True,True
seq_0080,31,256,0,bitflip,,mantissa,0.0078125,"[0.001,0.01)",16,0.001008749008178711,0.001445770263671875,0.001445770263671875,True,0.12911987303034764,0.07391357420928905,0,True,True,True,True
seq_0081,4,64,5,numeric,1e-06,,0.0,"[0,1e-07)",16,0.0,0.0,0.0,False,0.0,0.0,0,False,False,False,False
seq_0081,4,64,5,numeric,1e-05,,0.0,"[0,1e-07)",16,0.0,0.0,0.0,False,0.0,0.0,0,False,False,False,False
seq_0081,4,64,5,numeric,0.0001,,0.0,"[0,1e-07)",16,0.0,0.0,0.0,False,0.0,0.0,0,False,False,False,False
seq_0081,4,64,5,numeric,0.001,,0.0,"[0,1e-07)",16,0.0,0.0,0.0,False,0.0,0.0,0,False,False,False,False
seq_0081,4,64,5,numeric,0.01,,6.103515625e-05,"[1e-05,0.0001)",16,5.7220458984375e-06,1.0013580322265625e-05,1.0013580322265625e-05,True,0.09374999846400003,0.09374999846400003,0,False,False,False,False
seq_0081,4,64,5,numeric,0.1,,0.0006103515625,"[0.0001,0.001)",16,6.008148193359375e-05,0.00010156631469726562,0.00010156631469726562,True,0.09843749983872,0.09218749984896,0,True,True,True,True
seq_0081,4,64,5,bitflip,,sign,0.01220703125,"[0.01,0.1)",16,0.0011968612670898438,0.0020313262939453125,0.0020313262939453125,True,0.098046874991968,0.0918359374924768,0,True,True,True,True
seq_0081,4,64,5,bitflip,,exponent,2.076918743413931e+36,"[10,inf)",16,2.0365397142477237e+35,3.456380880272041e+35,3.456380880272041e+35,True,0.09805582046508789,0.09184102058410644,0,True,True,True,True
seq_0081,4,64,5,bitflip,,mantissa,3.0517578125e-05,"[1e-05,0.0001)",16,2.384185791015625e-06,5.245208740234375e-06,5.245208740234375e-06,True,0.07812499744000008,0.0937499969280001,0,False,False,False,False
seq_0081,4,256,5,numeric,1e-06,,0.0,"[0,1e-07)",16,0.0,0.0,0.0,False,0.0,0.0,0,False,False,False,False
seq_0081,4,256,5,numeric,1e-05,,0.0,"[0,1e-07)",16,0.0,0.0,0.0,False,0.0,0.0,0,False,False,False,False
seq_0081,4,256,5,numeric,0.0001,,0.0,"[0,1e-07)",16,0.0,0.0,0.0,False,0.0,0.0,0,False,False,False,False
seq_0081,4,256,5,numeric,0.001,,0.0,"[0,1e-07)",16,0.0,0.0,0.0,False,0.0,0.0,0,False,False,False,False
seq_0081,4,256,5,numeric,0.01,,0.001953125,"[0.001,0.01)",16,0.00020766258239746094,0.00045037269592285156,0.00045037269592285156,True,0.1063232421330625,0.13604736321159375,0,True,True,True,True
seq_0081,4,256,5,numeric,0.1,,0.021484375,"[0.01,0.1)",16,0.0022847652435302734,0.0049550533294677734,0.0049550533294677734,True,0.10634543678482283,0.13603626597378177,0,True,True,True,True
seq_0081,4,256,5,bitflip,,sign,0.423828125,"[0.1,1)",16,0.04507088661193848,0.09775114059448242,0.09775114059448242,True,0.10634236841132744,0.1360352687568795,0,True,True,True,True
seq_0081,4,256,5,bitflip,,exponent,7.211061877133169e+37,"[10,inf)",16,7.668403846563029e+36,1.6631473195295751e+37,1.6631473195295751e+37,True,0.10634222777757776,0.13603518965057515,0,True,True,True,True
seq_0081,4,256,5,bitflip,,mantissa,0.0009765625,"[0.0001,0.001)",16,0.00010395050048828125,0.00022530555725097656,0.00022530555725097656,True,0.106445312391,0.136108398298125,0,True,True,True,True
seq_0082,18,64,1,numeric,1e-06,,0.0,"[0,1e-07)",16,0.0,0.0,0.0,False,0.0,0.0,0,False,False,False,False
seq_0082,18,64,1,numeric,1e-05,,0.0,"[0,1e-07)",16,0.0,0.0,0.0,False,0.0,0.0,0,False,False,False,False
seq_0082,18,64,1,numeric,0.0001,,0.0,"[0,1e-07)",16,0.0,0.0,0.0,False,0.0,0.0,0,False,False,False,False
seq_0082,18,64,1,numeric,0.001,,0.0,"[0,1e-07)",16,0.0,0.0,0.0,False,0.0,0.0,0,False,False,False,False
seq_0082,18,64,1,numeric,0.01,,0.00390625,"[0.001,0.01)",16,0.001953125,0.0031290054321289062,0.0031290054321289062,True,0.49999999987199995,0.5607910154814374,0,True,True,True,True
seq_0082,18,64,1,numeric,0.1,,0.033203125,"[0.01,0.1)",16,0.016599655151367188,0.0265960693359375,0.0265960693359375,True,0.49994255513200175,0.5607048483287012,0,True,True,True,True
seq_0082,18,64,1,bitflip,,sign,0.65625,"[0.1,1)",16,0.32808971405029297,0.5256690979003906,0.5256690979003906,True,0.49994623093301793,0.5607132684608271,0,True,True,True,True
seq_0082,18,64,1,bitflip,,exponent,1.1165515164593293e+38,"[10,inf)",16,,0.0,,False,,,16,True,True,True,True
seq_0082,18,64,1,bitflip,,mantissa,0.001953125,"[0.001,0.01)",16,0.0009765625,0.0015649795532226562,0.0015649795532226562,True,0.499999999744,0.560791015337875,0,True,True,True,True
seq_0082,18,256,1,numeric,1e-06,,0.0,"[0,1e-07)",16,0.0,0.0,0.0,False,0.0,0.0,0,False,False,False,False
seq_0082,18,256,1,numeric,1e-05,,0.0,"[0,1e-07)",16,0.0,0.0,0.0,False,0.0,0.0,0,False,False,False,False
seq_0082,18,256,1,numeric,0.0001,,0.0,"[0,1e-07)",16,0.0,0.0,0.0,False,0.0,0.0,0,False,False,False,False
seq_0082,18,256,1,numeric,0.001,,0.0,"[0,1e-07)",16,0.0,0.0,0.0,False,0.0,0.0,0,False,False,False,False
seq_0082,18,256,1,numeric,0.01,,0.001953125,"[0.001,0.01)",16,0.00012969970703125,0.00016260147094726562,0.00016260147094726562,True,0.066406249966,0.049011230443656253,0,True,True,True,True
seq_0082,18,256,1,numeric,0.1,,0.015625,"[0.01,0.1)",16,0.001035928726196289,0.0012998580932617188,0.0012998580932617188,True,0.06629943847231934,0.04902648925467481,0,True,True,True,True
seq_0082,18,256,1,bitflip,,sign,0.3046875,"[0.1,1)",16,0.020198345184326172,0.025352954864501953,0.025352954864501953,True,0.06629200470731449,0.049027858636157204,0,True,True,True,True
seq_0082,18,256,1,bitflip,,exponent,5.183989183561172e+37,"[10,inf)",16,3.4365316902610175e+36,4.3135633639325193e+36,4.3135633639325193e+36,True,0.06629125888531025,0.04902791059934176,0,True,True,True,True
seq_0082,18,256,1,bitflip,,mantissa,0.0009765625,"[0.0001,0.001)",16,6.461143493652344e-05,8.153915405273438e-05,8.153915405273438e-05,True,0.06616210930725,0.04907226557475,0,True,True,True,True
seq_0083,31,64,1,numeric,1e-06,,0.0,"[0,1e-07)",16,0.0,0.0,0.0,False,0.0,0.0,0,False,False,False,False
seq_0083,31,64,1,numeric,1e-05,,0.0,"[0,1e-07)",16,0.0,0.0,0.0,False,0.0,0.0,0,False,False,False,False
seq_0083,31,64,1,numeric,0.0001,,0.0,"[0,1e-07)",16,0.0,0.0,0.0,False,0.0,0.0,0,False,False,False,False
seq_0083,31,64,1,numeric,0.001,,0.0,"[0,1e-07)",16,0.0,0.0,0.0,False,0.0,0.0,0,False,False,False,False
seq_0083,31,64,1,numeric,0.01,,0.015625,"[0.01,0.1)",16,0.0019321441650390625,0.0034313201904296875,0.0034313201904296875,True,0.12365722655458594,0.0669860839800879,0,True,True,True,True
seq_0083,31,64,1,numeric,0.1,,0.140625,"[0.1,1)",16,0.017381668090820312,0.030879974365234375,0.030879974365234375,True,0.12360297308939881,0.06698269314188479,0,True,True,True,True
seq_0083,31,64,1,bitflip,,sign,2.8125,"[1,10)",16,0.3476400375366211,0.6175961494445801,0.6175961494445801,True,0.12360534667964354,0.06698184543183382,0,True,True,True,True
seq_0083,31,64,1,bitflip,,exponent,,nonfinite,16,,0.0,,False,,,16,True,True,True,True
seq_0083,31,64,1,bitflip,,mantissa,0.0078125,"[0.001,0.01)",16,0.000965118408203125,0.0017156600952148438,0.0017156600952148438,True,0.1235351562341875,0.06695556639767969,0,True,True,True,True
seq_0083,31,256,1,numeric,1e-06,,0.0,"[0,1e-07)",16,0.0,0.0,0.0,False,0.0,0.0,0,False,False,False,False
seq_0083,31,256,1,numeric,1e-05,,0.0,"[0,1e-07)",16,0.0,0.0,0.0,False,0.0,0.0,0,False,False,False,False
seq_0083,31,256,1,numeric,0.0001,,0.0,"[0,1e-07)",16,0.0,0.0,0.0,False,0.0,0.0,0,False,False,False,False
seq_0083,31,256,1,numeric,0.001,,0.0,"[0,1e-07)",16,0.0,0.0,0.0,False,0.0,0.0,0,False,False,False,False
seq_0083,31,256,1,numeric,0.01,,0.00048828125,"[0.0001,0.001)",16,2.9802322387695312e-05,5.7220458984375e-05,5.7220458984375e-05,True,0.061035156125000004,0.036132812426,0,True,True,True,True
seq_0083,31,256,1,numeric,0.1,,0.00439453125,"[0.001,0.01)",16,0.00026702880859375,0.000518798828125,0.000518798828125,True,0.06076388887506172,0.0370008680471358,0,True,True,True,True
seq_0083,31,256,1,bitflip,,sign,0.087890625,"[0.01,0.1)",16,0.0053408145904541016,0.010378360748291016,0.010378360748291016,True,0.06076660156180861,0.03711480034679994,0,True,True,True,True
seq_0083,31,256,1,bitflip,,exponent,1.4953814952580304e+37,"[10,inf)",16,9.086982987186657e+35,1.7657659807716607e+36,1.7657659807716607e+36,True,0.06076698833041721,0.03711619906955295,0,True,True,True,True
seq_0083,31,256,1,bitflip,,mantissa,0.000244140625,"[0.0001,0.001)",16,1.4781951904296875e-05,2.9087066650390625e-05,2.9087066650390625e-05,True,0.060546874752000004,0.037109374848000004,0,True,True,True,True
seq_0000,4,64,4,numeric,1e-06,,0.0,"[0,1e-07)",16,0.0,0.0,0.0,False,0.0,0.0,0,False,False,False,False
seq_0000,4,64,4,numeric,1e-05,,0.0,"[0,1e-07)",16,0.0,0.0,0.0,False,0.0,0.0,0,False,False,False,False
seq_0000,4,64,4,numeric,0.0001,,0.0,"[0,1e-07)",16,0.0,0.0,0.0,False,0.0,0.0,0,False,False,False,False
seq_0000,4,64,4,numeric,0.001,,0.0,"[0,1e-07)",16,0.0,0.0,0.0,False,0.0,0.0,0,False,False,False,False
seq_0000,4,64,4,numeric,0.01,,0.0078125,"[0.001,0.01)",16,0.001122117042541504,0.0018558502197265625,0.0018558502197265625,True,0.14363098142692773,0.12911987303034764,0,True,True,True,True
seq_0000,4,64,4,numeric,0.1,,0.078125,"[0.01,0.1)",16,0.011221200227737427,0.018558263778686523,0.018558263778686523,True,0.14363136291320058,0.12912902831865963,0,True,True,True,True
seq_0000,4,64,4,bitflip,,sign,1.5703125,"[1,10)",16,0.22554561495780945,0.3730177879333496,0.3730177879333496,True,0.1436310383810011,0.12912989374408754,0,True,True,True,True
seq_0000,4,64,4,bitflip,,exponent,2.671748271527681e+38,"[10,inf)",16,,2.4353114564116565e+37,2.4353114564116565e+37,False,,0.09115048308870685,15,True,True,True,True
seq_0000,4,64,4,bitflip,,mantissa,0.00390625,"[0.001,0.01)",16,0.000561058521270752,0.0009279251098632812,0.0009279251098632812,True,0.14363098140854294,0.12915039059193748,0,True,True,True,True
seq_0000,4,256,4,numeric,1e-06,,0.0,"[0,1e-07)",16,0.0,0.0,0.0,False,0.0,0.0,0,False,False,False,False
seq_0000,4,256,4,numeric,1e-05,,0.0,"[0,1e-07)",16,0.0,0.0,0.0,False,0.0,0.0,0,False,False,False,False
seq_0000,4,256,4,numeric,0.0001,,0.0,"[0,1e-07)",16,0.0,0.0,0.0,False,0.0,0.0,0,False,False,False,False
seq_0000,4,256,4,numeric,0.001,,0.0,"[0,1e-07)",16,0.0,0.0,0.0,False,0.0,0.0,0,False,False,False,False
seq_0000,4,256,4,numeric,0.01,,0.03125,"[0.01,0.1)",16,0.00992642529308796,0.014414787292480469,0.014414787292480469,True,0.31764560936865005,0.25825500487454833,0,True,True,True,True
seq_0000,4,256,4,numeric,0.1,,0.375,"[0.1,1)",16,0.11911710351705551,0.17297863960266113,0.17297863960266113,True,0.31764560937796765,0.25826009114514464,0,True,True,True,True
seq_0000,4,256,4,bitflip,,sign,7.46875,"[1,10)",16,2.37241530418396,3.445159912109375,3.445159912109375,True,0.31764556374006925,0.2582597293613998,0,True,True,True,True
seq_0000,4,256,4,bitflip,,exponent,3.734375,"[1,10)",16,1.1862077713012695,1.7225799560546875,1.7225799560546875,True,0.3176455956621796,0.2582596655170595,0,True,True,True,True
seq_0000,4,256,4,bitflip,,mantissa,0.015625,"[0.01,0.1)",16,0.004963211715221405,0.007207393646240234,0.007207393646240234,True,0.31764554975384063,0.2582702636553457,0,True,True,True,True
seq_0001,18,64,7,numeric,1e-06,,0.0,"[0,1e-07)",16,0.0,0.0,0.0,False,0.0,0.0,0,False,False,False,False
seq_0001,18,64,7,numeric,1e-05,,0.0,"[0,1e-07)",16,0.0,0.0,0.0,False,0.0,0.0,0,False,False,False,False
seq_0001,18,64,7,numeric,0.0001,,0.0,"[0,1e-07)",16,0.0,0.0,0.0,False,0.0,0.0,0,False,False,False,False
seq_0001,18,64,7,numeric,0.001,,0.0,"[0,1e-07)",16,0.0,0.0,0.0,False,0.0,0.0,0,False,False,False,False
seq_0001,18,64,7,numeric,0.01,,0.00048828125,"[0.0001,0.001)",16,6.374716758728027e-05,8.344650268554688e-05,8.344650268554688e-05,True,0.130554198951375,0.134765624724,0,True,True,True,True
seq_0001,18,64,7,numeric,0.1,,0.005859375,"[0.001,0.01)",16,0.0007647275924682617,0.001003265380859375,0.001003265380859375,True,0.13051350909230902,0.13464355466452083,0,True,True,True,True
seq_0001,18,64,7,bitflip,,sign,0.1171875,"[0.1,1)",16,0.01529422402381897,0.025409579277038574,0.025409579277038574,True,0.13051071166880818,0.1470845540352032,0,True,True,True,True
seq_0001,18,64,7,bitflip,,exponent,1.9938419936773738e+37,"[10,inf)",16,2.60218149538655e+36,4.3232009945334045e+36,4.3232009945334045e+36,True,0.1305109182993571,0.14708372751871746,0,True,True,True,True
seq_0001,18,64,7,bitflip,,mantissa,0.000244140625,"[0.0001,0.001)",16,3.1888484954833984e-05,5.2928924560546875e-05,5.2928924560546875e-05,True,0.13061523384,0.1464843744,0,True,True,True,True
seq_0001,18,256,7,numeric,1e-06,,0.0,"[0,1e-07)",16,0.0,0.0,0.0,False,0.0,0.0,0,False,False,False,False
seq_0001,18,256,7,numeric,1e-05,,0.0,"[0,1e-07)",16,0.0,0.0,0.0,False,0.0,0.0,0,False,False,False,False
seq_0001,18,256,7,numeric,0.0001,,0.0,"[0,1e-07)",16,0.0,0.0,0.0,False,0.0,0.0,0,False,False,False,False
seq_0001,18,256,7,numeric,0.001,,0.0,"[0,1e-07)",16,0.0,0.0,0.0,False,0.0,0.0,0,False,False,False,False
seq_0001,18,256,7,numeric,0.01,,0.0078125,"[0.001,0.01)",16,0.00045871734619140625,0.0014562606811523438,0.0014562606811523438,True,0.05871582030498437,0.09533691405029687,0,True,True,True,True
seq_0001,18,256,7,numeric,0.1,,0.1015625,"[0.1,1)",16,0.005961418151855469,0.0189361572265625,0.0189361572265625,True,0.05869704026384513,0.09528996394136945,0,True,True,True,True
seq_0001,18,256,7,bitflip,,sign,2.0625,"[1,10)",16,0.12105941772460938,0.38454151153564453,0.38454151153564453,True,0.05869547526038821,0.09529344963300304,0,True,True,True,True
seq_0001,18,256,7,bitflip,,exponent,,nonfinite,16,,0.0,,False,,,16,True,True,True,True
seq_0001,18,256,7,bitflip,,mantissa,0.0078125,"[0.001,0.01)",16,0.00045871734619140625,0.0014562606811523438,0.0014562606811523438,True,0.05871582030498437,0.09533691405029687,0,True,True,True,True
seq_0002,31,64,0,numeric,1e-06,,0.0,"[0,1e-07)",16,0.0,0.0,0.0,False,0.0,0.0,0,False,False,False,False
seq_0002,31,64,0,numeric,1e-05,,0.0,"[0,1e-07)",16,0.0,0.0,0.0,False,0.0,0.0,0,False,False,False,False
seq_0002,31,64,0,numeric,0.0001,,0.0,"[0,1e-07)",16,0.0,0.0,0.0,False,0.0,0.0,0,False,False,False,False
seq_0002,31,64,0,numeric,0.001,,0.0,"[0,1e-07)",16,0.0,0.0,0.0,False,0.0,0.0,0,False,False,False,False
seq_0002,31,64,0,numeric,0.01,,0.03125,"[0.01,0.1)",16,0.0039060115814208984,0.006042003631591797,0.006042003631591797,True,0.124992370601469,0.06974792480245556,0,True,True,True,True
seq_0002,31,64,0,numeric,0.1,,0.296875,"[0.1,1)",16,0.03710532188415527,0.05904054641723633,0.05904054641723633,True,0.12498634739883888,0.10634251644701022,0,True,True,True,True
seq_0002,31,64,0,bitflip,,sign,5.9375,"[1,10)",16,0.7421083450317383,1.1808128356933594,1.1808128356933594,True,0.12498666863690329,0.10634227551910215,0,True,True,True,True
seq_0002,31,64,0,bitflip,,exponent,2.96875,"[1,10)",16,0.37105417251586914,0.5904064178466797,0.5904064178466797,True,0.12498666863688224,0.10634219520966813,0,True,True,True,True
seq_0002,31,64,0,bitflip,,mantissa,0.015625,"[0.01,0.1)",16,0.001953125,0.0031075477600097656,0.0031075477600097656,True,0.12499999999200001,0.10632324218069532,0,True,True,True,True
seq_0002,31,256,0,numeric,1e-06,,0.0,"[0,1e-07)",16,0.0,0.0,0.0,False,0.0,0.0,0,False,False,False,False
seq_0002,31,256,0,numeric,1e-05,,0.0,"[0,1e-07)",16,0.0,0.0,0.0,False,0.0,0.0,0,False,False,False,False
seq_0002,31,256,0,numeric,0.0001,,0.0,"[0,1e-07)",16,0.0,0.0,0.0,False,0.0,0.0,0,False,False,False,False
seq_0002,31,256,0,numeric,0.001,,0.0,"[0,1e-07)",16,0.0,0.0,0.0,False,0.0,0.0,0,False,False,False,False
seq_0002,31,256,0,numeric,0.01,,0.03125,"[0.01,0.1)",16,0.0030642449855804443,0.004315853118896484,0.004315853118896484,True,0.09805583953543644,0.06352996825968579,0,True,True,True,True
seq_0002,31,256,0,numeric,0.1,,0.296875,"[0.1,1)",16,0.02911032736301422,0.06273078918457031,0.06273078918457031,True,0.09805583953824393,0.07526919716257542,0,True,True,True,True
seq_0002,31,256,0,bitflip,,sign,5.875,"[1,10)",16,0.5760780572891235,1.241407871246338,1.241407871246338,True,0.09805583953855752,0.07526823814877791,0,True,True,True,True
seq_0002,31,256,0,bitflip,,exponent,2.9375,"[1,10)",16,0.28803905844688416,0.620704174041748,0.620704174041748,True,0.09805584968401229,0.07526827873065091,0,True,True,True,True
seq_0002,31,256,0,bitflip,,mantissa,0.015625,"[0.01,0.1)",16,0.0015321224927902222,0.0021581649780273438,0.0021581649780273438,True,0.09805583953229866,0.0635375976521836,0,True,True,True,True
seq_0003,4,64,5,numeric,1e-06,,0.0,"[0,1e-07)",16,0.0,0.0,0.0,False,0.0,0.0,0,False,False,False,False
seq_0003,4,64,5,numeric,1e-05,,0.0,"[0,1e-07)",16,0.0,0.0,0.0,False,0.0,0.0,0,False,False,False,False
seq_0003,4,64,5,numeric,0.0001,,0.0,"[0,1e-07)",16,0.0,0.0,0.0,False,0.0,0.0,0,False,False,False,False
seq_0003,4,64,5,numeric,0.001,,0.0,"[0,1e-07)",16,0.0,0.0,0.0,False,0.0,0.0,0,False,False,False,False
seq_0003,4,64,5,numeric,0.01,,0.00390625,"[0.001,0.01)",16,0.0005235671997070312,0.0006551742553710938,0.0006551742553710938,True,0.13403320309068747,0.10498046872312498,0,True,True,True,True
seq_0003,4,64,5,numeric,0.1,,0.03515625,"[0.01,0.1)",16,0.0047092437744140625,0.0058994293212890625,0.0058994293212890625,True,0.13395182291285648,0.10287814669846258,0,True,True,True,True
seq_0003,4,64,5,bitflip,,sign,0.6953125,"[0.1,1)",16,0.09314727783203125,0.11667346954345703,0.11667346954345703,True,0.13396462429756015,0.10288950030708517,0,True,True,True,True
seq_0003,4,64,5,bitflip,,exponent,1.1830129162485751e+38,"[10,inf)",16,1.5848065124354705e+37,1.9850926692345986e+37,1.9850926692345986e+37,True,0.13396358489990234,0.10288955388444193,0,True,True,True,True
seq_0003,4,64,5,bitflip,,mantissa,0.001953125,"[0.001,0.01)",16,0.0002613067626953125,0.00032806396484375,0.00032806396484375,True,0.1337890624315,0.102783203072375,0,True,True,True,True
seq_0003,4,256,5,numeric,1e-06,,0.0,"[0,1e-07)",16,0.0,0.0,0.0,False,0.0,0.0,0,False,False,False,False
seq_0003,4,256,5,numeric,1e-05,,0.0,"[0,1e-07)",16,0.0,0.0,0.0,False,0.0,0.0,0,False,False,False,False
seq_0003,4,256,5,numeric,0.0001,,0.0,"[0,1e-07)",16,0.0,0.0,0.0,False,0.0,0.0,0,False,False,False,False
seq_0003,4,256,5,numeric,0.001,,0.0,"[0,1e-07)",16,0.0,0.0,0.0,False,0.0,0.0,0,False,False,False,False
seq_0003,4,256,5,numeric,0.01,,0.0625,"[0.01,0.1)",16,0.0006422996520996094,0.0010089874267578125,0.0010089874267578125,True,0.01027679443342932,0.011222839355289184,0,True,True,True,True
seq_0003,4,256,5,numeric,0.1,,0.46875,"[0.1,1)",16,0.004815101623535156,0.0075664520263671875,0.0075664520263671875,True,0.010272216796853086,0.011221313476538562,0,True,True,True,True
seq_0003,4,256,5,bitflip,,sign,9.625,"[1,10)",16,0.09886503219604492,0.15535926818847656,0.15535926818847656,True,0.010271691656730872,0.011221204485210887,0,True,True,True,True
seq_0003,4,256,5,bitflip,,exponent,4.8125,"[1,10)",16,0.04943227767944336,0.07767963409423828,0.07767963409423828,True,0.010271642115206875,0.011221254026732653,0,True,True,True,True
seq_0003,4,256,5,bitflip,,mantissa,0.03125,"[0.01,0.1)",16,0.00032138824462890625,0.0005044937133789062,0.0005044937133789062,True,0.010284423827795899,0.011215209960578613,0,True,True,True,True
seq_0004,18,64,1,numeric,1e-06,,0.0,"[0,1e-07)",16,0.0,0.0,0.0,False,0.0,0.0,0,False,False,False,False
seq_0004,18,64,1,numeric,1e-05,,0.0,"[0,1e-07)",16,0.0,0.0,0.0,False,0.0,0.0,0,False,False,False,False
seq_0004,18,64,1,numeric,0.0001,,0.0,"[0,1e-07)",16,0.0,0.0,0.0,False,0.0,0.0,0,False,False,False,False
seq_0004,18,64,1,numeric,0.001,,0.0,"[0,1e-07)",16,0.0,0.0,0.0,False,0.0,0.0,0,False,False,False,False
seq_0004,18,64,1,numeric,0.01,,0.001953125,"[0.001,0.01)",16,0.0009927749633789062,0.0014567375183105469,0.0014567375183105469,True,0.50830078098975,0.50830078098975,0,True,True,True,True
seq_0004,18,64,1,numeric,0.1,,0.01953125,"[0.01,0.1)",16,0.009926557540893555,0.01456594467163086,0.01456594467163086,True,0.5082397460677281,0.5082397460677281,0,True,True,True,True
seq_0004,18,64,1,bitflip,,sign,0.3828125,"[0.1,1)",16,0.19455790519714355,0.2854924201965332,0.2854924201965332,True,0.5082328952075372,0.5082328952075372,0,True,True,True,True
seq_0004,18,64,1,bitflip,,exponent,6.513217179346088e+37,"[10,inf)",16,,3.004395305070915e+37,3.004395305070915e+37,False,,0.4419417478600327,5,True,True,True,True
seq_0004,18,64,1,bitflip,,mantissa,0.0009765625,"[0.0001,0.001)",16,0.0004963874816894531,0.000728607177734375,0.000728607177734375,True,0.5083007807295,0.50805664010475,0,True,True,True,True
seq_0004,18,256,1,numeric,1e-06,,0.0,"[0,1e-07)",16,0.0,0.0,0.0,False,0.0,0.0,0,False,False,False,False
seq_0004,18,256,1,numeric,1e-05,,0.0,"[0,1e-07)",16,0.0,0.0,0.0,False,0.0,0.0,0,False,False,False,False
seq_0004,18,256,1,numeric,0.0001,,0.0,"[0,1e-07)",16,0.0,0.0,0.0,False,0.0,0.0,0,False,False,False,False
seq_0004,18,256,1,numeric,0.001,,0.0,"[0,1e-07)",16,0.0,0.0,0.0,False,0.0,0.0,0,False,False,False,False
seq_0004,18,256,1,numeric,0.01,,0.0078125,"[0.001,0.01)",16,0.0010249614715576172,0.0024275779724121094,0.0024275779724121094,True,0.13119506834258202,0.12567138670266406,0,True,True,True,True
seq_0004,18,256,1,numeric,0.1,,0.08203125,"[0.01,0.1)",16,0.010762572288513184,0.025490522384643555,0.025490522384643555,True,0.1312008812297994,0.12567429315322987,0,True,True,True,True
seq_0004,18,256,1,bitflip,,sign,1.671875,"[1,10)",16,0.21935248374938965,0.5195189714431763,0.5195189714431763,True,0.13120148560703307,0.1256770909388851,0,True,True,True,True
seq_0004,18,256,1,bitflip,,exponent,2.84454791097972e+38,"[10,inf)",16,,2.7106745762751532e+37,2.7106745762751532e+37,False,,0.07147026507653922,2,True,True,True,True
seq_0004,18,256,1,bitflip,,mantissa,0.00390625,"[0.001,0.01)",16,0.0005124807357788086,0.0012137889862060547,0.0012137889862060547,True,0.13119506832578906,0.1257324218428125,0,True,True,True,True
seq_0005,31,64,1,numeric,1e-06,,0.0,"[0,1e-07)",16,0.0,0.0,0.0,False,0.0,0.0,0,False,False,False,False
seq_0005,31,64,1,numeric,1e-05,,0.0,"[0,1e-07)",16,0.0,0.0,0.0,False,0.0,0.0,0,False,False,False,False
seq_0005,31,64,1,numeric,0.0001,,0.0,"[0,1e-07)",16,0.0,0.0,0.0,False,0.0,0.0,0,False,False,False,False
seq_0005,31,64,1,numeric,0.001,,0.0,"[0,1e-07)",16,0.0,0.0,0.0,False,0.0,0.0,0,False,False,False,False
seq_0005,31,64,1,numeric,0.01,,0.0625,"[0.01,0.1)",16,0.00377655029296875,0.013810157775878906,0.013810157775878906,True,0.0604248046865332,0.07388305663944286,0,True,True,True,True
seq_0005,31,64,1,numeric,0.1,,0.71875,"[0.1,1)",16,0.04342794418334961,0.15584564208984375,0.15584564208984375,True,0.060421487559358875,0.11670054560106047,0,True,True,True,True
seq_0005,31,64,1,bitflip,,sign,14.3125,"[10,inf)",16,0.8647861480712891,3.162644863128662,3.162644863128662,True,0.06042173960322995,0.0738871212088854,0,True,True,True,True
seq_0005,31,64,1,bitflip,,exponent,7.15625,"[1,10)",16,0.43239307403564453,1.5813226699829102,1.5813226699829102,True,0.06042173960322573,0.07388712120888023,0,True,True,True,True
seq_0005,31,64,1,bitflip,,mantissa,0.03125,"[0.01,0.1)",16,0.001888275146484375,0.00690460205078125,0.00690460205078125,True,0.06042480468556641,0.07388305663826074,0,True,True,True,True
seq_0005,31,256,1,numeric,1e-06,,0.0,"[0,1e-07)",16,0.0,0.0,0.0,False,0.0,0.0,0,False,False,False,False
seq_0005,31,256,1,numeric,1e-05,,0.0,"[0,1e-07)",16,0.0,0.0,0.0,False,0.0,0.0,0,False,False,False,False
seq_0005,31,256,1,numeric,0.0001,,0.0,"[0,1e-07)",16,0.0,0.0,0.0,False,0.0,0.0,0,False,False,False,False
seq_0005,31,256,1,numeric,0.001,,0.0,"[0,1e-07)",16,0.0,0.0,0.0,False,0.0,0.0,0,False,False,False,False
seq_0005,31,256,1,numeric,0.01,,0.0625,"[0.01,0.1)",16,0.01122140884399414,0.018731117248535156,0.018731117248535156,True,0.17954254150103355,0.20715332030918554,0,True,True,True,True
seq_0005,31,256,1,numeric,0.1,,0.71875,"[0.1,1)",16,0.1290435791015625,0.21540260314941406,0.21540260314941406,True,0.1795388926627937,0.20715995456832592,0,True,True,True,True
seq_0005,31,256,1,bitflip,,sign,14.5,"[10,inf)",16,2.6033127307891846,4.3455305099487305,4.3455305099487305,True,0.17953880901993138,0.20716016045930682,0,True,True,True,True
seq_0005,31,256,1,bitflip,,exponent,7.25,"[1,10)",16,1.3016564846038818,2.1727657318115234,2.1727657318115234,True,0.17953882546257963,0.20716016045929253,0,True,True,True,True
seq_0005,31,256,1,bitflip,,mantissa,0.03125,"[0.01,0.1)",16,0.005610466003417969,0.009365081787109375,0.009365081787109375,True,0.1795349121036299,0.2071533203058711,0,True,True,True,True
seq_0006,4,64,4,numeric,1e-06,,0.0,"[0,1e-07)",16,0.0,0.0,0.0,False,0.0,0.0,0,False,False,False,False
seq_0006,4,64,4,numeric,1e-05,,0.0,"[0,1e-07)",16,0.0,0.0,0.0,False,0.0,0.0,0,False,False,False,False
seq_0006,4,64,4,numeric,0.0001,,0.0,"[0,1e-07)",16,0.0,0.0,0.0,False,0.0,0.0,0,False,False,False,False
seq_0006,4,64,4,numeric,0.001,,0.0,"[0,1e-07)",16,0.0,0.0,0.0,False,0.0,0.0,0,False,False,False,False
seq_0006,4,64,4,numeric,0.01,,0.0001220703125,"[0.0001,0.001)",16,2.288818359375e-05,3.0040740966796875e-05,3.0040740966796875e-05,True,0.187499998464,0.12890624894400002,0,True,True,True,True
seq_0006,4,64,4,numeric,0.1,,0.00146484375,"[0.001,0.01)",16,0.000270843505859375,0.0003685951232910156,0.0003685951232910156,True,0.18489583320711112,0.1285807290788889,0,True,True,True,True
seq_0006,4,64,4,bitflip,,sign,0.029541015625,"[0.01,0.1)",16,0.005466938018798828,0.0074253082275390625,0.0074253082275390625,True,0.18506262912596683,0.12843814565680925,0,True,True,True,True
seq_0006,4,64,4,bitflip,,exponent,5.026143359061713e+36,"[10,inf)",16,9.30153681268341e+35,1.2633430442604914e+36,1.2633430442604914e+36,True,0.18506310202858664,0.12843931213883328,0,True,True,True,True
seq_0006,4,64,4,bitflip,,mantissa,6.103515625e-05,"[1e-05,0.0001)",16,1.1444091796875e-05,1.4781951904296875e-05,1.4781951904296875e-05,True,0.18749999692800007,0.12499999795200004,0,False,False,False,False
seq_0006,4,256,4,numeric,1e-06,,0.0,"[0,1e-07)",16,0.0,0.0,0.0,False,0.0,0.0,0,False,False,False,False
seq_0006,4,256,4,numeric,1e-05,,0.0,"[0,1e-07)",16,0.0,0.0,0.0,False,0.0,0.0,0,False,False,False,False
seq_0006,4,256,4,numeric,0.0001,,0.0,"[0,1e-07)",16,0.0,0.0,0.0,False,0.0,0.0,0,False,False,False,False
seq_0006,4,256,4,numeric,0.001,,0.0,"[0,1e-07)",16,0.0,0.0,0.0,False,0.0,0.0,0,False,False,False,False
seq_0006,4,256,4,numeric,0.01,,0.015625,"[0.01,0.1)",16,0.002071601804345846,0.003301680088043213,0.003301680088043213,True,0.1325825154696489,0.1339721679601758,0,True,True,True,True
seq_0006,4,256,4,numeric,0.1,,0.1484375,"[0.1,1)",16,0.019680218771100044,0.03136533498764038,0.03136533498764038,True,0.13258252645704394,0.1339625308379133,0,True,True,True,True
seq_0006,4,256,4,bitflip,,sign,3.03125,"[1,10)",16,0.40189075469970703,0.6405134797096252,0.6405134797096252,True,0.1325825170142926,0.133963673385104,0,True,True,True,True
seq_0006,4,256,4,bitflip,,exponent,,nonfinite,16,,0.0,,False,,,16,True,True,True,True
seq_0006,4,256,4,bitflip,,mantissa,0.0078125,"[0.001,0.01)",16,0.0010358006693422794,0.0016508102416992188,0.0016508102416992188,True,0.1325824856588412,0.13397216795160155,0,True,True,True,True
seq_0007,18,64,7,numeric,1e-06,,0.0,"[0,1e-07)",16,0.0,0.0,0.0,False,0.0,0.0,0,False,False,False,False
seq_0007,18,64,7,numeric,1e-05,,0.0,"[0,1e-07)",16,0.0,0.0,0.0,False,0.0,0.0,0,False,False,False,False
seq_0007,18,64,7,numeric,0.0001,,0.0,"[0,1e-07)",16,0.0,0.0,0.0,False,0.0,0.0,0,False,False,False,False
seq_0007,18,64,7,numeric,0.001,,0.0,"[0,1e-07)",16,0.0,0.0,0.0,False,0.0,0.0,0,False,False,False,False
seq_0007,18,64,7,numeric,0.01,,0.03125,"[0.01,0.1)",16,0.005351603031158447,0.008502006530761719,0.008502006530761719,True,0.17125129699159028,0.10496044158599674,0,True,True,True,True
seq_0007,18,64,7,numeric,0.1,,0.4375,"[0.1,1)",16,0.07492297887802124,0.11903095245361328,0.11903095245361328,True,0.17125252314937142,0.10496112278505586,0,True,True,True,True
seq_0007,18,64,7,bitflip,,sign,8.9375,"[1,10)",16,1.5305685997009277,2.431629180908203,2.431629180908203,True,0.17125243073574897,0.10496115517781823,0,True,True,True,True
seq_0007,18,64,7,bitflip,,exponent,4.46875,"[1,10)",16,0.7652842998504639,1.2158145904541016,1.2158145904541016,True,0.17125243073572982,0.10496115517780649,0,True,True,True,True
seq_0007,18,64,7,bitflip,,mantissa,0.03125,"[0.01,0.1)",16,0.005351662635803223,0.008502006530761719,0.008502006530761719,True,0.17125320434022304,0.10496139526031312,0,True,True,True,True
seq_0007,18,256,7,numeric,1e-06,,0.0,"[0,1e-07)",16,0.0,0.0,0.0,False,0.0,0.0,0,False,False,False,False
seq_0007,18,256,7,numeric,1e-05,,0.0,"[0,1e-07)",16,0.0,0.0,0.0,False,0.0,0.0,0,False,False,False,False
seq_0007,18,256,7,numeric,0.0001,,0.0,"[0,1e-07)",16,0.0,0.0,0.0,False,0.0,0.0,0,False,False,False,False
seq_0007,18,256,7,numeric,0.001,,0.0,"[0,1e-07)",16,0.0,0.0,0.0,False,0.0,0.0,0,False,False,False,False
seq_0007,18,256,7,numeric,0.01,,0.015625,"[0.01,0.1)",16,0.005243778228759766,0.0034742355346679688,0.005243778228759766,False,0.3356018066191465,0.13330078124146877,0,True,True,True,True
seq_0007,18,256,7,numeric,0.1,,0.125,"[0.1,1)",16,0.041950225830078125,0.02779388427734375,0.041950225830078125,False,0.33560180663794015,0.13327026367080883,0,True,True,True,True
seq_0007,18,256,7,bitflip,,sign,2.53125,"[1,10)",16,0.8494863510131836,0.5628290176391602,0.8494863510131836,False,0.3355995460791498,0.13327308937350058,0,True,True,True,True
seq_0007,18,256,7,bitflip,,exponent,,nonfinite,16,,0.0,,False,,,16,True,True,True,True
seq_0007,18,256,7,bitflip,,mantissa,0.0078125,"[0.001,0.01)",16,0.0026221275329589844,0.0017366409301757812,0.0026221275329589844,False,0.33563232417578903,0.13330078123293748,0,True,True,True,True
seq_0008,31,64,0,numeric,1e-06,,0.0,"[0,1e-07)",16,0.0,0.0,0.0,False,0.0,0.0,0,False,False,False,False
seq_0008,31,64,0,numeric,1e-05,,0.0,"[0,1e-07)",16,0.0,0.0,0.0,False,0.0,0.0,0,False,False,False,False
seq_0008,31,64,0,numeric,0.0001,,0.0,"[0,1e-07)",16,0.0,0.0,0.0,False,0.0,0.0,0,False,False,False,False
seq_0008,31,64,0,numeric,0.001,,0.0,"[0,1e-07)",16,0.0,0.0,0.0,False,0.0,0.0,0,False,False,False,False
seq_0008,31,64,0,numeric,0.01,,0.0078125,"[0.001,0.01)",16,0.0012516975402832031,0.0014133453369140625,0.0014133453369140625,True,0.16021728513574218,0.10980224607969531,0,True,True,True,True
seq_0008,31,64,0,numeric,0.1,,0.0859375,"[0.01,0.1)",16,0.013767719268798828,0.015547752380371094,0.015547752380371094,True,0.16020618785324942,0.10979114879133606,0,True,True,True,True
seq_0008,31,64,0,bitflip,,sign,1.71875,"[1,10)",16,0.27535057067871094,0.3109560012817383,0.3109560012817383,True,0.16020396839479314,0.10979475541541907,0,True,True,True,True
seq_0008,31,64,0,bitflip,,exponent,2.924301590726815e+38,"[10,inf)",16,,2.7260947852365695e+37,2.7260947852365695e+37,False,,0.07112499583851208,1,True,True,True,True
seq_0008,31,64,0,bitflip,,mantissa,0.00390625,"[0.001,0.01)",16,0.0006256103515625,0.0007066726684570312,0.0007066726684570312,True,0.160156249959,0.10986328122187498,0,True,True,True,True
seq_0008,31,256,0,numeric,1e-06,,0.0,"[0,1e-07)",16,0.0,0.0,0.0,False,0.0,0.0,0,False,False,False,False
seq_0008,31,256,0,numeric,1e-05,,0.0,"[0,1e-07)",16,0.0,0.0,0.0,False,0.0,0.0,0,False,False,False,False
seq_0008,31,256,0,numeric,0.0001,,0.0,"[0,1e-07)",16,0.0,0.0,0.0,False,0.0,0.0,0,False,False,False,False
seq_0008,31,256,0,numeric,0.001,,0.0,"[0,1e-07)",16,0.0,0.0,0.0,False,0.0,0.0,0,False,False,False,False
seq_0008,31,256,0,numeric,0.01,,0.0078125,"[0.001,0.01)",16,0.0015106201171875,0.0021903514862060547,0.0021903514862060547,True,0.19335937497525,0.15606689451127342,0,True,True,True,True
seq_0008,31,256,0,numeric,0.1,,0.08984375,"[0.01,0.1)",16,0.017371296882629395,0.025188446044921875,0.025188446044921875,True,0.19335008703928813,0.15606158712462165,0,True,True,True,True
seq_0008,31,256,0,bitflip,,sign,1.8203125,"[1,10)",16,0.35195648670196533,0.5103368759155273,0.5103368759155273,True,0.19334948625676743,0.15606067313648211,0,True,True,True,True
seq_0008,31,256,0,bitflip,,exponent,3.097101230178854e+38,"[10,inf)",16,,2.8657957125744814e+37,2.8657957125744814e+37,False,,0.08010193820675043,14,True,True,True,True
seq_0008,31,256,0,bitflip,,mantissa,0.00390625,"[0.001,0.01)",16,0.0007551908493041992,0.0010950565338134766,0.0010950565338134766,True,0.19332885737238278,0.15603637691317968,0,True,True,True,True
seq_0009,4,64,5,numeric,1e-06,,0.0,"[0,1e-07)",16,0.0,0.0,0.0,False,0.0,0.0,0,False,False,False,False
seq_0009,4,64,5,numeric,1e-05,,0.0,"[0,1e-07)",16,0.0,0.0,0.0,False,0.0,0.0,0,False,False,False,False
seq_0009,4,64,5,numeric,0.0001,,0.0,"[0,1e-07)",16,0.0,0.0,0.0,False,0.0,0.0,0,False,False,False,False
seq_0009,4,64,5,numeric,0.001,,0.0,"[0,1e-07)",16,0.0,0.0,0.0,False,0.0,0.0,0,False,False,False,False
seq_0009,4,64,5,numeric,0.01,,0.01171875,"[0.01,0.1)",16,0.002216815948486328,0.0034796446561813354,0.0034796446561813354,True,0.18916829425469098,0.12361653644778471,0,True,True,True,True
seq_0009,4,64,5,numeric,0.1,,0.09765625,"[0.01,0.1)",16,0.01847696304321289,0.0289970301091671,0.0289970301091671,True,0.18920410156056253,0.12360839843623424,0,True,True,True,True
seq_0009,4,64,5,bitflip,,sign,1.9765625,"[1,10)",16,0.3739781379699707,0.5868999361991882,0.5868999361991882,True,0.18920633067245862,0.12360559998758568,0,True,True,True,True
seq_0009,4,64,5,bitflip,,exponent,3.362946829335837e+38,"[10,inf)",16,,0.0,,False,,,16,True,True,True,True
seq_0009,4,64,5,bitflip,,mantissa,0.00390625,"[0.001,0.01)",16,0.0007390975952148438,0.0011598803102970123,0.0011598803102970123,True,0.18920898432656247,0.12353515621837499,0,True,True,True,True
seq_0009,4,256,5,numeric,1e-06,,0.0,"[0,1e-07)",16,0.0,0.0,0.0,False,0.0,0.0,0,False,False,False,False
seq_0009,4,256,5,numeric,1e-05,,0.0,"[0,1e-07)",16,0.0,0.0,0.0,False,0.0,0.0,0,False,False,False,False
seq_0009,4,256,5,numeric,0.0001,,0.0,"[0,1e-07)",16,0.0,0.0,0.0,False,0.0,0.0,0,False,False,False,False
seq_0009,4,256,5,numeric,0.001,,0.0,"[0,1e-07)",16,0.0,0.0,0.0,False,0.0,0.0,0,False,False,False,False
seq_0009,4,256,5,numeric,0.01,,0.0234375,"[0.01,0.1)",16,0.006376743316650391,0.00964587926864624,0.00964587926864624,True,0.2720743814988082,0.32454935708250676,0,True,True,True,True
seq_0009,4,256,5,numeric,0.1,,0.1953125,"[0.1,1)",16,0.05313873291015625,0.08038246631622314,0.08038246631622314,True,0.27207031249860697,0.3245507812483383,0,True,True,True,True
seq_0009,4,256,5,bitflip,,sign,3.921875,"[1,10)",16,1.067026138305664,1.6140799522399902,1.6140799522399902,True,0.2720704097671119,0.3245509478199652,0,True,True,True,True
seq_0009,4,256,5,bitflip,,exponent,,nonfinite,16,,0.0,,False,,,16,True,True,True,True
seq_0009,4,256,5,bitflip,,mantissa,0.0078125,"[0.001,0.01)",16,0.0021257400512695312,0.003215312957763672,0.003215312957763672,True,0.27209472652767186,0.324554443317832,0,True,True,True,True
seq_0010,18,64,1,numeric,1e-06,,0.0,"[0,1e-07)",16,0.0,0.0,0.0,False,0.0,0.0,0,False,False,False,False
seq_0010,18,64,1,numeric,1e-05,,0.0,"[0,1e-07)",16,0.0,0.0,0.0,False,0.0,0.0,0,False,False,False,False
seq_0010,18,64,1,numeric,0.0001,,0.0,"[0,1e-07)",16,0.0,0.0,0.0,False,0.0,0.0,0,False,False,False,False
seq_0010,18,64,1,numeric,0.001,,0.0,"[0,1e-07)",16,0.0,0.0,0.0,False,0.0,0.0,0,False,False,False,False
seq_0010,18,64,1,numeric,0.01,,0.03125,"[0.01,0.1)",16,0.004014015197753906,0.01104879379272461,0.01104879379272461,True,0.12844848632401465,0.18091583251374196,0,True,True,True,True
seq_0010,18,64,1,numeric,0.1,,0.265625,"[0.1,1)",16,0.03411674499511719,0.09391260147094727,0.09391260147094727,True,0.12843951056936942,0.18091987161007259,0,True,True,True,True
seq_0010,18,64,1,bitflip,,sign,5.15625,"[1,10)",16,0.6622653007507324,1.8230090141296387,1.8230090141296387,True,0.1284393310546626,0.18091990152991283,0,True,True,True,True
seq_0010,18,64,1,bitflip,,exponent,2.578125,"[1,10)",16,0.3311324119567871,0.9115042686462402,0.9115042686462402,True,0.12843923857712822,0.18091994776863246,0,True,True,True,True
seq_0010,18,64,1,bitflip,,mantissa,0.015625,"[0.01,0.1)",16,0.00200653076171875,0.005524158477783203,0.005524158477783203,True,0.12841796874178127,0.1809234619024834,0,True,True,True,True
seq_0010,18,256,1,numeric,1e-06,,0.0,"[0,1e-07)",16,0.0,0.0,0.0,False,0.0,0.0,0,False,False,False,False
seq_0010,18,256,1,numeric,1e-05,,0.0,"[0,1e-07)",16,0.0,0.0,0.0,False,0.0,0.0,0,False,False,False,False
seq_0010,18,256,1,numeric,0.0001,,0.0,"[0,1e-07)",16,0.0,0.0,0.0,False,0.0,0.0,0,False,False,False,False
seq_0010,18,256,1,numeric,0.001,,0.0,"[0,1e-07)",16,0.0,0.0,0.0,False,0.0,0.0,0,False,False,False,False
seq_0010,18,256,1,numeric,0.01,,0.015625,"[0.01,0.1)",16,0.0015644431114196777,0.004078507423400879,0.004078507423400879,True,0.10012435912445142,0.09736633300158107,0,True,True,True,True
seq_0010,18,256,1,numeric,0.1,,0.125,"[0.1,1)",16,0.012515902519226074,0.03262770175933838,0.03262770175933838,True,0.10012722015300757,0.09736514091413807,0,True,True,True,True
seq_0010,18,256,1,bitflip,,sign,2.5,"[1,10)",16,0.2503185272216797,0.6525545716285706,0.6525545716285706,True,0.10012741088863182,0.0973652839660255,0,True,True,True,True
seq_0010,18,256,1,bitflip,,exponent,,nonfinite,16,,0.0,,False,,,16,True,True,True,True
seq_0010,18,256,1,bitflip,,mantissa,0.0078125,"[0.001,0.01)",16,0.0007822513580322266,0.002039194107055664,0.002039194107055664,True,0.10012817381530859,0.09738159178441015,0,True,True,True,True
seq_0011,31,64,1,numeric,1e-06,,0.0,"[0,1e-07)",16,0.0,0.0,0.0,False,0.0,0.0,0,False,False,False,False
seq_0011,31,64,1,numeric,1e-05,,0.0,"[0,1e-07)",16,0.0,0.0,0.0,False,0.0,0.0,0,False,False,False,False
seq_0011,31,64,1,numeric,0.0001,,0.0,"[0,1e-07)",16,0.0,0.0,0.0,False,0.0,0.0,0,False,False,False,False
seq_0011,31,64,1,numeric,0.001,,0.0,"[0,1e-07)",16,0.0,0.0,0.0,False,0.0,0.0,0,False,False,False,False
seq_0011,31,64,1,numeric,0.01,,0.0625,"[0.01,0.1)",16,0.03003835678100586,0.03366374969482422,0.03366374969482422,True,0.4806137084884039,0.4308929443290432,0,True,True,True,True
seq_0011,31,64,1,numeric,0.1,,0.5625,"[0.1,1)",16,0.2703437805175781,0.30297088623046875,0.30297088623046875,True,0.48061116536372894,0.4308929443351715,0,True,True,True,True
seq_0011,31,64,1,bitflip,,sign,11.125,"[10,inf)",16,5.346803665161133,5.99210786819458,5.99210786819458,True,0.48061156540769906,0.43089320150650096,0,True,True,True,True
seq_0011,31,64,1,bitflip,,exponent,5.5625,"[1,10)",16,2.6734018325805664,2.98068904876709,2.98068904876709,True,0.48061156540765587,0.43365534235914344,0,True,True,True,True
seq_0011,31,64,1,bitflip,,mantissa,0.03125,"[0.01,0.1)",16,0.015019416809082031,0.01683187484741211,0.01683187484741211,True,0.48062133787524514,0.4308929443221489,0,True,True,True,True
seq_0011,31,256,1,numeric,1e-06,,0.0,"[0,1e-07)",16,0.0,0.0,0.0,False,0.0,0.0,0,False,False,False,False
seq_0011,31,256,1,numeric,1e-05,,0.0,"[0,1e-07)",16,0.0,0.0,0.0,False,0.0,0.0,0,False,False,False,False
seq_0011,31,256,1,numeric,0.0001,,0.0,"[0,1e-07)",16,0.0,0.0,0.0,False,0.0,0.0,0,False,False,False,False
seq_0011,31,256,1,numeric,0.001,,0.0,"[0,1e-07)",16,0.0,0.0,0.0,False,0.0,0.0,0,False,False,False,False
seq_0011,31,256,1,numeric,0.01,,0.015625,"[0.01,0.1)",16,0.00030231475830078125,0.000782012939453125,0.000782012939453125,True,0.01934814453001172,0.028472900388802735,0,True,True,True,True
seq_0011,31,256,1,numeric,0.1,,0.203125,"[0.1,1)",16,0.0039272308349609375,0.010169029235839844,0.010169029235839844,True,0.019334059495097124,0.028484637920532845,0,True,True,True,True
seq_0011,31,256,1,bitflip,,sign,4.21875,"[1,10)",16,0.08156919479370117,0.21120643615722656,0.21120643615722656,True,0.01933492024739125,0.0284845422815326,0,True,True,True,True
seq_0011,31,256,1,bitflip,,exponent,2.109375,"[1,10)",16,0.04078483581542969,0.10560321807861328,0.10560321807861328,True,0.019335033275453797,0.028484655309592977,0,True,True,True,True
seq_0011,31,256,1,bitflip,,mantissa,0.015625,"[0.01,0.1)",16,0.0003018379211425781,0.000782012939453125,0.000782012939453125,True,0.019317626951888673,0.028503417966925782,0,True,True,True,True
seq_0012,4,64,4,numeric,1e-06,,0.0,"[0,1e-07)",16,0.0,0.0,0.0,False,0.0,0.0,0,False,False,False,False
seq_0012,4,64,4,numeric,1e-05,,0.0,"[0,1e-07)",16,0.0,0.0,0.0,False,0.0,0.0,0,False,False,False,False
seq_0012,4,64,4,numeric,0.0001,,0.0,"[0,1e-07)",16,0.0,0.0,0.0,False,0.0,0.0,0,False,False,False,False
seq_0012,4,64,4,numeric,0.001,,0.0,"[0,1e-07)",16,0.0,0.0,0.0,False,0.0,0.0,0,False,False,False,False
seq_0012,4,64,4,numeric,0.01,,0.00048828125,"[0.0001,0.001)",16,7.519125938415527e-05,0.0001004934310913086,0.0001004934310913086,True,0.153991698903375,0.1057128904085,0,True,True,True,True
seq_0012,4,64,4,numeric,0.1,,0.0048828125,"[0.001,0.01)",16,0.0007518976926803589,0.0010047852993011475,0.0010047852993011475,True,0.1539886474294006,0.10563964841586498,0,True,True,True,True
seq_0012,4,64,4,bitflip,,sign,0.09912109375,"[0.01,0.1)",16,0.015263572335243225,0.020397037267684937,0.020397037267684937,True,0.1539891435579446,0.10565155480188977,0,True,True,True,True
seq_0012,4,64,4,bitflip,,exponent,1.686458019652112e+37,"[10,inf)",16,2.59696099330216e+36,3.307340663902008e+36,3.307340663902008e+36,True,0.15398906839304957,0.12705824527834436,0,True,True,True,True
seq_0012,4,64,4,bitflip,,mantissa,0.000244140625,"[0.0001,0.001)",16,3.759562969207764e-05,5.02169132232666e-05,5.02169132232666e-05,True,0.153991698588,0.10546874956800001,0,True,True,True,True
seq_0012,4,256,4,numeric,1e-06,,0.0,"[0,1e-07)",16,0.0,0.0,0.0,False,0.0,0.0,0,False,False,False,False
seq_0012,4,256,4,numeric,1e-05,,0.0,"[0,1e-07)",16,0.0,0.0,0.0,False,0.0,0.0,0,False,False,False,False
seq_0012,4,256,4,numeric,0.0001,,0.0,"[0,1e-07)",16,0.0,0.0,0.0,False,0.0,0.0,0,False,False,False,False
seq_0012,4,256,4,numeric,0.001,,0.0,"[0,1e-07)",16,0.0,0.0,0.0,False,0.0,0.0,0,False,False,False,False
seq_0012,4,256,4,numeric,0.01,,0.00390625,"[0.001,0.01)",16,0.00020360946655273438,0.0008740425109863281,0.0008740425109863281,True,0.05212402342415624,0.10772705075367187,0,True,True,True,True
seq_0012,4,256,4,numeric,0.1,,0.052734375,"[0.01,0.1)",16,0.0027494430541992188,0.011798381805419922,0.011798381805419922,True,0.05213758680456687,0.10772026909517952,0,True,True,True,True
seq_0012,4,256,4,bitflip,,sign,1.046875,"[1,10)",16,0.05457925796508789,0.2342205047607422,0.2342205047607422,True,0.052135410593466984,0.10772317914810138,0,True,True,True,True
seq_0012,4,256,4,bitflip,,exponent,1.7811655143517873e+38,"[10,inf)",16,9.286162429291192e+36,2.9764917800586913e+37,2.9764917800586913e+37,True,0.0521353145143879,0.1615849395296467,10,True,True,True,True
seq_0012,4,256,4,bitflip,,mantissa,0.00390625,"[0.001,0.01)",16,0.00020360946655273438,0.0008740425109863281,0.0008740425109863281,True,0.05212402342415624,0.10772705075367187,0,True,True,True,True
seq_0013,18,64,7,numeric,1e-06,,0.0,"[0,1e-07)",16,0.0,0.0,0.0,False,0.0,0.0,0,False,False,False,False
seq_0013,18,64,7,numeric,1e-05,,0.0,"[0,1e-07)",16,0.0,0.0,0.0,False,0.0,0.0,0,False,False,False,False
seq_0013,18,64,7,numeric,0.0001,,0.0,"[0,1e-07)",16,0.0,0.0,0.0,False,0.0,0.0,0,False,False,False,False
seq_0013,18,64,7,numeric,0.001,,0.0,"[0,1e-07)",16,0.0,0.0,0.0,False,0.0,0.0,0,False,False,False,False
seq_0013,18,64,7,numeric,0.01,,0.015625,"[0.01,0.1)",16,0.004380702972412109,0.004488468170166016,0.004488468170166016,True,0.2803649902164317,0.13256835936651565,0,True,True,True,True
seq_0013,18,64,7,numeric,0.1,,0.15625,"[0.1,1)",16,0.043805837631225586,0.044884681701660156,0.044884681701660156,True,0.28035736083804946,0.13258361816321396,0,True,True,True,True
seq_0013,18,64,7,bitflip,,sign,3.125,"[1,10)",16,0.876115083694458,0.8976941108703613,0.8976941108703613,True,0.28035682678213686,0.1325825500487857,0,True,True,True,True
seq_0013,18,64,7,bitflip,,exponent,,nonfinite,16,,0.0,,False,,,16,True,True,True,True
seq_0013,18,64,7,bitflip,,mantissa,0.0078125,"[0.001,0.01)",16,0.0021903514862060547,0.0022444725036621094,0.0022444725036621094,True,0.28036499019848826,0.13256835935803124,0,True,True,True,True
seq_0013,18,256,7,numeric,1e-06,,0.0,"[0,1e-07)",16,0.0,0.0,0.0,False,0.0,0.0,0,False,False,False,False
seq_0013,18,256,7,numeric,1e-05,,0.0,"[0,1e-07)",16,0.0,0.0,0.0,False,0.0,0.0,0,False,False,False,False
seq_0013,18,256,7,numeric,0.0001,,0.0,"[0,1e-07)",16,0.0,0.0,0.0,False,0.0,0.0,0,False,False,False,False
seq_0013,18,256,7,numeric,0.001,,0.0,"[0,1e-07)",16,0.0,0.0,0.0,False,0.0,0.0,0,False,False,False,False
seq_0013,18,256,7,numeric,0.01,,0.001953125,"[0.001,0.01)",16,0.00012946128845214844,0.00028586387634277344,0.00028586387634277344,True,0.0662841796535625,0.086669921830625,0,True,True,True,True
seq_0013,18,256,7,numeric,0.1,,0.017578125,"[0.01,0.1)",16,0.001165151596069336,0.0025734901428222656,0.0025734901428222656,True,0.06628417968372917,0.08666992187006944,0,True,True,True,True
seq_0013,18,256,7,bitflip,,sign,0.3515625,"[0.1,1)",16,0.023305654525756836,0.05146622657775879,0.05146622657775879,True,0.066291639539742,0.08666178385392016,0,True,True,True,True
seq_0013,18,256,7,bitflip,,exponent,5.981525981032121e+37,"[10,inf)",16,3.965228824622305e+36,8.75654688207004e+36,8.75654688207004e+36,True,0.06629125807020399,0.08666201167636448,0,True,True,True,True
seq_0013,18,256,7,bitflip,,mantissa,0.0009765625,"[0.0001,0.001)",16,6.461143493652344e-05,0.0001430511474609375,0.0001430511474609375,True,0.06616210930725,0.086914062411,0,True,True,True,True
seq_0014,31,64,0,numeric,1e-06,,0.0,"[0,1e-07)",16,0.0,0.0,0.0,False,0.0,0.0,0,False,False,False,False
seq_0014,31,64,0,numeric,1e-05,,0.0,"[0,1e-07)",16,0.0,0.0,0.0,False,0.0,0.0,0,False,False,False,False
seq_0014,31,64,0,numeric,0.0001,,0.0,"[0,1e-07)",16,0.0,0.0,0.0,False,0.0,0.0,0,False,False,False,False
seq_0014,31,64,0,numeric,0.001,,0.0,"[0,1e-07)",16,0.0,0.0,0.0,False,0.0,0.0,0,False,False,False,False
seq_0014,31,64,0,numeric,0.01,,0.03125,"[0.01,0.1)",16,0.005524277687072754,0.0062580108642578125,0.0062580108642578125,True,0.17677688598067126,0.16641235351029982,0,True,True,True,True
seq_0014,31,64,0,numeric,0.1,,0.28125,"[0.1,1)",16,0.049718379974365234,0.05632162094116211,0.05632162094116211,True,0.17677646213044787,0.16641913519906107,0,True,True,True,True
seq_0014,31,64,0,bitflip,,sign,5.59375,"[1,10)",16,0.988844633102417,1.1201756000518799,1.1201756000518799,True,0.17677669418587535,0.16641866161833616,0,True,True,True,True
seq_0014,31,64,0,bitflip,,exponent,2.796875,"[1,10)",16,0.49442237615585327,0.5600878596305847,0.5600878596305847,True,0.17677671549700164,0.1664186616183064,0,True,True,True,True
seq_0014,31,64,0,bitflip,,mantissa,0.015625,"[0.01,0.1)",16,0.0027621984481811523,0.0031290054321289062,0.0031290054321289062,True,0.1767807006722798,0.16641235350497463,0,True,True,True,True
seq_0014,31,256,0,numeric,1e-06,,0.0,"[0,1e-07)",16,0.0,0.0,0.0,False,0.0,0.0,0,False,False,False,False
seq_0014,31,256,0,numeric,1e-05,,0.0,"[0,1e-07)",16,0.0,0.0,0.0,False,0.0,0.0,0,False,False,False,False
seq_0014,31,256,0,numeric,0.0001,,0.0,"[0,1e-07)",16,0.0,0.0,0.0,False,0.0,0.0,0,False,False,False,False
seq_0014,31,256,0,numeric,0.001,,0.0,"[0,1e-07)",16,0.0,0.0,0.0,False,0.0,0.0,0,False,False,False,False
seq_0014,31,256,0,numeric,0.01,,0.0078125,"[0.001,0.01)",16,0.00128936767578125,0.002460002899169922,0.002460002899169922,True,0.16503906247887498,0.12017822264086718,0,True,True,True,True
seq_0014,31,256,0,numeric,0.1,,0.06640625,"[0.01,0.1)",16,0.010959625244140625,0.020910263061523438,0.020910263061523438,True,0.16503906249751468,0.12015309053127886,0,True,True,True,True
seq_0014,31,256,0,bitflip,,sign,1.34375,"[1,10)",16,0.22176909446716309,0.4231245517730713,0.4231245517730713,True,0.165037465649859,0.12015302791142947,0,True,True,True,True
seq_0014,31,256,0,bitflip,,exponent,2.2862721527500553e+38,"[10,inf)",16,,2.9996223470309358e+37,2.9996223470309358e+37,False,,0.04333100485247235,1,True,True,True,True
seq_0014,31,256,0,bitflip,,mantissa,0.00390625,"[0.001,0.01)",16,0.000644683837890625,0.001230001449584961,0.001230001449584961,True,0.16503906245775,0.12011718746924999,0,True,True,True,True
seq_0015,4,64,5,numeric,1e-06,,0.0,"[0,1e-07)",16,0.0,0.0,0.0,False,0.0,0.0,0,False,False,False,False
seq_0015,4,64,5,numeric,1e-05,,0.0,"[0,1e-07)",16,0.0,0.0,0.0,False,0.0,0.0,0,False,False,False,False
seq_0015,4,64,5,numeric,0.0001,,0.0,"[0,1e-07)",16,0.0,0.0,0.0,False,0.0,0.0,0,False,False,False,False
seq_0015,4,64,5,numeric,0.001,,0.0,"[0,1e-07)",16,0.0,0.0,0.0,False,0.0,0.0,0,False,False,False,False
seq_0015,4,64,5,numeric,0.01,,0.0078125,"[0.001,0.01)",16,0.0009922981262207031,0.0020933151245117188,0.0020933151245117188,True,0.12701416013999217,0.16711425779110936,0,True,True,True,True
seq_0015,4,64,5,numeric,0.1,,0.09375,"[0.01,0.1)",16,0.011911392211914062,0.025117874145507812,0.025117874145507812,True,0.1270548502590614,0.16710917154769667,0,True,True,True,True
seq_0015,4,64,5,bitflip,,sign,1.8671875,"[1,10)",16,0.23724126815795898,0.5002703666687012,0.5002703666687012,True,0.12705808503850413,0.16710915026795442,0,True,True,True,True
seq_0015,4,64,5,bitflip,,exponent,3.176854909925949e+38,"[10,inf)",16,,2.895718604992869e+37,2.895718604992869e+37,False,,0.08666201316163132,2,True,True,True,True
seq_0015,4,64,5,bitflip,,mantissa,0.00390625,"[0.001,0.01)",16,0.00049591064453125,0.0010466575622558594,0.0010466575622558594,True,0.1269531249675,0.16711425776971872,0,True,True,True,True
seq_0015,4,256,5,numeric,1e-06,,0.0,"[0,1e-07)",16,0.0,0.0,0.0,False,0.0,0.0,0,False,False,False,False
seq_0015,4,256,5,numeric,1e-05,,0.0,"[0,1e-07)",16,0.0,0.0,0.0,False,0.0,0.0,0,False,False,False,False
seq_0015,4,256,5,numeric,0.0001,,0.0,"[0,1e-07)",16,0.0,0.0,0.0,False,0.0,0.0,0,False,False,False,False
seq_0015,4,256,5,numeric,0.001,,0.0,"[0,1e-07)",16,0.0,0.0,0.0,False,0.0,0.0,0,False,False,False,False
seq_0015,4,256,5,numeric,0.01,,0.0009765625,"[0.0001,0.001)",16,7.724761962890625e-05,0.00013828277587890625,0.00013828277587890625,True,0.079101562419,0.080078124918,0,True,True,True,True
seq_0015,4,256,5,numeric,0.1,,0.009765625,"[0.001,0.01)",16,0.0007721185684204102,0.0013823509216308594,0.0013823509216308594,True,0.07906494139815375,0.0801025390542975,0,True,True,True,True
seq_0015,4,256,5,bitflip,,sign,0.19140625,"[0.1,1)",16,0.01513373851776123,0.027095317840576172,0.027095317840576172,True,0.07906606245972722,0.0801017916928213,0,True,True,True,True
seq_0015,4,256,5,bitflip,,exponent,3.256608589673044e+37,"[10,inf)",16,2.5748745584380586e+36,4.610037683362097e+36,4.610037683362097e+36,True,0.07906613544541963,0.08010193766379843,0,True,True,True,True
seq_0015,4,256,5,bitflip,,mantissa,0.00048828125,"[0.0001,0.001)",16,3.8623809814453125e-05,6.914138793945312e-05,6.914138793945312e-05,True,0.079101562338,0.080078124836,0,True,True,True,True
seq_0016,18,64,1,numeric,1e-06,,0.0,"[0,1e-07)",16,0.0,0.0,0.0,False,0.0,0.0,0,False,False,False,False
seq_0016,18,64,1,numeric,1e-05,,0.0,"[0,1e-07)",16,0.0,0.0,0.0,False,0.0,0.0,0,False,False,False,False
seq_0016,18,64,1,numeric,0.0001,,0.0,"[0,1e-07)",16,0.0,0.0,0.0,False,0.0,0.0,0,False,False,False,False
seq_0016,18,64,1,numeric,0.001,,0.0,"[0,1e-07)",16,0.0,0.0,0.0,False,0.0,0.0,0,False,False,False,False
seq_0016,18,64,1,numeric,0.01,,0.00390625,"[0.001,0.01)",16,0.00029540061950683594,0.0009870529174804688,0.0009870529174804688,True,0.07562255857439061,0.12499999996799999,0,True,True,True,True
seq_0016,18,64,1,numeric,0.1,,0.041015625,"[0.01,0.1)",16,0.003101348876953125,0.010366439819335938,0.010366439819335938,True,0.07561383928387075,0.12498837425290504,0,True,True,True,True
seq_0016,18,64,1,bitflip,,sign,0.80859375,"[0.1,1)",16,0.06114053726196289,0.2043600082397461,0.2043600082397461,True,0.07561341806301035,0.12498643663178988,0,True,True,True,True
seq_0016,18,64,1,bitflip,,exponent,1.375750975637388e+38,"[10,inf)",16,1.0402530339237585e+37,1.4915043858972323e+37,1.4915043858972323e+37,True,0.07561346874144918,0.09184102044589278,0,True,True,True,True
seq_0016,18,64,1,bitflip,,mantissa,0.001953125,"[0.001,0.01)",16,0.00014770030975341797,0.0004935264587402344,0.0004935264587402344,True,0.07562255855503125,0.124999999936,0,True,True,True,True
seq_0016,18,256,1,numeric,1e-06,,0.0,"[0,1e-07)",16,0.0,0.0,0.0,False,0.0,0.0,0,False,False,False,False
seq_0016,18,256,1,numeric,1e-05,,0.0,"[0,1e-07)",16,0.0,0.0,0.0,False,0.0,0.0,0,False,False,False,False
seq_0016,18,256,1,numeric,0.0001,,0.0,"[0,1e-07)",16,0.0,0.0,0.0,False,0.0,0.0,0,False,False,False,False
seq_0016,18,256,1,numeric,0.001,,0.0,"[0,1e-07)",16,0.0,0.0,0.0,False,0.0,0.0,0,False,False,False,False
seq_0016,18,256,1,numeric,0.01,,0.015625,"[0.01,0.1)",16,0.0011975765228271484,0.0020933151245117188,0.0020933151245117188,True,0.07664489745603223,0.08493041991643946,0,True,True,True,True
seq_0016,18,256,1,numeric,0.1,,0.15625,"[0.1,1)",16,0.011976480484008789,0.020931720733642578,0.020931720733642578,True,0.07664947509716569,0.0849365234369564,0,True,True,True,True
seq_0016,18,256,1,bitflip,,sign,3.0625,"[1,10)",16,0.23473834991455078,0.4102635383605957,0.4102635383605957,True,0.07664925711493033,0.08493571378744037,0,True,True,True,True
seq_0016,18,256,1,bitflip,,exponent,,nonfinite,16,,0.0,,False,,,16,True,True,True,True
seq_0016,18,256,1,bitflip,,mantissa,0.0078125,"[0.001,0.01)",16,0.000598907470703125,0.0010466575622558594,0.0010466575622558594,True,0.0766601562401875,0.08496093748912499,0,True,True,True,True
seq_0017,31,64,1,numeric,1e-06,,0.0,"[0,1e-07)",16,0.0,0.0,0.0,False,0.0,0.0,0,False,False,False,False
seq_0017,31,64,1,numeric,1e-05,,0.0,"[0,1e-07)",16,0.0,0.0,0.0,False,0.0,0.0,0,False,False,False,False
seq_0017,31,64,1,numeric,0.0001,,0.0,"[0,1e-07)",16,0.0,0.0,0.0,False,0.0,0.0,0,False,False,False,False
seq_0017,31,64,1,numeric,0.001,,0.0,"[0,1e-07)",16,0.0,0.0,0.0,False,0.0,0.0,0,False,False,False,False
seq_0017,31,64,1,numeric,0.01,,0.0078125,"[0.001,0.01)",16,0.0003237724304199219,0.0008196830749511719,0.0008196830749511719,True,0.04144287108844531,0.045227050775460936,0,True,True,True,True
seq_0017,31,64,1,numeric,0.1,,0.0703125,"[0.01,0.1)",16,0.0029129981994628906,0.007380008697509766,0.007380008697509766,True,0.041429307725105224,0.045227050780606765,0,True,True,True,True
seq_0017,31,64,1,bitflip,,sign,1.421875,"[1,10)",16,0.05891084671020508,0.14924144744873047,0.14924144744873047,True,0.04143180427967553,0.04523006900323055,0,True,True,True,True
seq_0017,31,64,1,bitflip,,exponent,2.419194952328547e+38,"[10,inf)",16,1.0023217588384293e+37,1.8459425360824858e+37,1.8459425360824858e+37,True,0.041432037458315,0.04315837136991731,0,True,True,True,True
seq_0017,31,64,1,bitflip,,mantissa,0.00390625,"[0.001,0.01)",16,0.0001621246337890625,0.00029850006103515625,0.00029850006103515625,True,0.04150390623937499,0.043212890613937495,0,True,True,True,True
seq_0017,31,256,1,numeric,1e-06,,0.0,"[0,1e-07)",16,0.0,0.0,0.0,False,0.0,0.0,0,False,False,False,False
seq_0017,31,256,1,numeric,1e-05,,0.0,"[0,1e-07)",16,0.0,0.0,0.0,False,0.0,0.0,0,False,False,False,False
seq_0017,31,256,1,numeric,0.0001,,0.0,"[0,1e-07)",16,0.0,0.0,0.0,False,0.0,0.0,0,False,False,False,False
seq_0017,31,256,1,numeric,0.001,,0.0,"[0,1e-07)",16,0.0,0.0,0.0,False,0.0,0.0,0,False,False,False,False
seq_0017,31,256,1,numeric,0.01,,0.00390625,"[0.001,0.01)",16,0.0003452301025390625,0.0004420280456542969,0.0004420280456542969,True,0.08837890622737499,0.06396484373362499,0,True,True,True,True
seq_0017,31,256,1,numeric,0.1,,0.04296875,"[0.01,0.1)",16,0.0037980079650878906,0.004866123199462891,0.004866123199462891,True,0.08839000354907929,0.0638538707371503,0,True,True,True,True
seq_0017,31,256,1,bitflip,,sign,0.8671875,"[0.1,1)",16,0.07664966583251953,0.09820699691772461,0.09820699691772461,True,0.08838880384280348,0.06387356594868761,0,True,True,True,True
seq_0017,31,256,1,bitflip,,exponent,1.4754430753212566e+38,"[10,inf)",16,1.3041197671112554e+37,1.6709034397270715e+37,1.6709034397270715e+37,True,0.08838834848489847,0.06387439074817004,0,True,True,True,True
seq_0017,31,256,1,bitflip,,mantissa,0.001953125,"[0.001,0.01)",16,0.00017261505126953125,0.00022125244140625,0.00022125244140625,True,0.08837890620475,0.06396484371725,0,True,True,True,True
seq_0018,4,64,4,numeric,1e-06,,0.0,"[0,1e-07)",16,0.0,0.0,0.0,False,0.0,0.0,0,False,False,False,False
seq_0018,4,64,4,numeric,1e-05,,0.0,"[0,1e-07)",16,0.0,0.0,0.0,False,0.0,0.0,0,False,False,False,False
seq_0018,4,64,4,numeric,0.0001,,0.0,"[0,1e-07)",16,0.0,0.0,0.0,False,0.0,0.0,0,False,False,False,False
seq_0018,4,64,4,numeric,0.001,,0.0,"[0,1e-07)",16,0.0,0.0,0.0,False,0.0,0.0,0,False,False,False,False
seq_0018,4,64,4,numeric,0.01,,0.000244140625,"[0.0001,0.001)",16,4.13060188293457e-05,5.0574541091918945e-05,5.0574541091918945e-05,True,0.169189452432,0.124999999488,0,True,True,True,True
seq_0018,4,64,4,numeric,0.1,,0.0020751953125,"[0.001,0.01)",16,0.0003510713577270508,0.0004298985004425049,0.0004298985004425049,True,0.1691750918302422,0.12499999993976471,0,True,True,True,True
seq_0018,4,64,4,bitflip,,sign,0.04150390625,"[0.01,0.1)",16,0.007021665573120117,0.00859794020652771,0.00859794020652771,True,0.16918083639298256,0.1249856387837533,0,True,True,True,True
seq_0018,4,64,4,bitflip,,exponent,7.061523727607366e+36,"[10,inf)",16,1.1946743320179657e+36,1.4628665742748263e+36,1.4628665742748263e+36,True,0.16918081395766316,0.12498664855957031,0,True,True,True,True
seq_0018,4,64,4,bitflip,,mantissa,0.0001220703125,"[0.0001,0.001)",16,2.0623207092285156e-05,2.530217170715332e-05,2.530217170715332e-05,True,0.16894531111600003,0.12499999897600002,0,True,True,True,True
seq_0018,4,256,4,numeric,1e-06,,0.0,"[0,1e-07)",16,0.0,0.0,0.0,False,0.0,0.0,0,False,False,False,False
seq_0018,4,256,4,numeric,1e-05,,0.0,"[0,1e-07)",16,0.0,0.0,0.0,False,0.0,0.0,0,False,False,False,False
seq_0018,4,256,4,numeric,0.0001,,0.0,"[0,1e-07)",16,0.0,0.0,0.0,False,0.0,0.0,0,False,False,False,False
seq_0018,4,256,4,numeric,0.001,,0.0,"[0,1e-07)",16,0.0,0.0,0.0,False,0.0,0.0,0,False,False,False,False
seq_0018,4,256,4,numeric,0.01,,0.015625,"[0.01,0.1)",16,0.007337093353271484,0.010660171508789062,0.010660171508789062,True,0.4695739745793223,0.6187133788666523,0,True,True,True,True
seq_0018,4,256,4,numeric,0.1,,0.1484375,"[0.1,1)",16,0.06970071792602539,0.10127115249633789,0.10127115249633789,True,0.46956273128795506,0.6187181974670489,0,True,True,True,True
seq_0018,4,256,4,bitflip,,sign,2.9375,"[1,10)",16,1.3793416023254395,2.0041022300720215,2.0041022300720215,True,0.4695630986638195,0.6187184922236507,0,True,True,True,True
seq_0018,4,256,4,bitflip,,exponent,,nonfinite,16,,0.0,,False,,,16,True,True,True,True
seq_0018,4,256,4,bitflip,,mantissa,0.0078125,"[0.001,0.01)",16,0.0036687850952148438,0.005330085754394531,0.005330085754394531,True,0.4696044921273906,0.6187133788270547,0,True,True,True,True
seq_0019,18,64,7,numeric,1e-06,,0.0,"[0,1e-07)",16,0.0,0.0,0.0,False,0.0,0.0,0,False,False,False,False
seq_0019,18,64,7,numeric,1e-05,,0.0,"[0,1e-07)",16,0.0,0.0,0.0,False,0.0,0.0,0,False,False,False,False
seq_0019,18,64,7,numeric,0.0001,,0.0,"[0,1e-07)",16,0.0,0.0,0.0,False,0.0,0.0,0,False,False,False,False
seq_0019,18,64,7,numeric,0.001,,0.0,"[0,1e-07)",16,0.0,0.0,0.0,False,0.0,0.0,0,False,False,False,False
seq_0019,18,64,7,numeric,0.01,,0.015625,"[0.01,0.1)",16,0.0030426979064941406,0.004294395446777344,0.004294395446777344,True,0.19473266600316214,0.198867797838835,0,True,True,True,True
seq_0019,18,64,7,numeric,0.1,,0.203125,"[0.1,1)",16,0.039554595947265625,0.055825233459472656,0.055825233459472656,True,0.1947303185086567,0.19887366661560746,0,True,True,True,True
seq_0019,18,64,7,bitflip,,sign,4.09375,"[1,10)",16,0.7971782684326172,1.1250958442687988,1.1250958442687988,True,0.19473056938807265,0.19887379653576367,0,True,True,True,True
seq_0019,18,64,7,bitflip,,exponent,2.046875,"[1,10)",16,0.3985891342163086,0.5625476837158203,0.5625476837158203,True,0.19473056938802508,0.198873854775368,0,True,True,True,True
seq_0019,18,64,7,bitflip,,mantissa,0.015625,"[0.01,0.1)",16,0.0030426979064941406,0.004294395446777344,0.004294395446777344,True,0.19473266600316214,0.1988830566278965,0,True,True,True,True
seq_0019,18,256,7,numeric,1e-06,,0.0,"[0,1e-07)",16,0.0,0.0,0.0,False,0.0,0.0,0,False,False,False,False
seq_0019,18,256,7,numeric,1e-05,,0.0,"[0,1e-07)",16,0.0,0.0,0.0,False,0.0,0.0,0,False,False,False,False
seq_0019,18,256,7,numeric,0.0001,,0.0,"[0,1e-07)",16,0.0,0.0,0.0,False,0.0,0.0,0,False,False,False,False
seq_0019,18,256,7,numeric,0.001,,0.0,"[0,1e-07)",16,0.0,0.0,0.0,False,0.0,0.0,0,False,False,False,False
seq_0019,18,256,7,numeric,0.01,,0.0009765625,"[0.0001,0.001)",16,0.00010716915130615234,0.00016260147094726562,0.00016260147094726562,True,0.109741210825125,0.091796874906,0,True,True,True,True
seq_0019,18,256,7,numeric,0.1,,0.00927734375,"[0.001,0.01)",16,0.0010186433792114258,0.0015435218811035156,0.0015435218811035156,True,0.10979903370527008,0.09189967104272576,0,True,True,True,True
seq_0019,18,256,7,bitflip,,sign,0.189453125,"[0.1,1)",16,0.02080094814300537,0.03152894973754883,0.03152894973754883,True,0.10979469535219108,0.09184092098856161,0,True,True,True,True
seq_0019,18,256,7,bitflip,,exponent,3.223377889778421e+37,"[10,inf)",16,3.539104589316435e+36,5.163976276475129e+36,5.163976276475129e+36,True,0.10979490181834427,0.09184101930598623,0,True,True,True,True
seq_0019,18,256,7,bitflip,,mantissa,0.00048828125,"[0.0001,0.001)",16,5.364418029785156e-05,8.058547973632812e-05,8.058547973632812e-05,True,0.109863281025,0.0925292966855,0,True,True,True,True
seq_0020,31,64,0,numeric,1e-06,,0.0,"[0,1e-07)",16,0.0,0.0,0.0,False,0.0,0.0,0,False,False,False,False
seq_0020,31,64,0,numeric,1e-05,,0.0,"[0,1e-07)",16,0.0,0.0,0.0,False,0.0,0.0,0,False,False,False,False
seq_0020,31,64,0,numeric,0.0001,,0.0,"[0,1e-07)",16,0.0,0.0,0.0,False,0.0,0.0,0,False,False,False,False
seq_0020,31,64,0,numeric,0.001,,0.0,"[0,1e-07)",16,0.0,0.0,0.0,False,0.0,0.0,0,False,False,False,False
seq_0020,31,64,0,numeric,0.01,,0.001953125,"[0.001,0.01)",16,3.7670135498046875e-05,0.00024008750915527344,0.00024008750915527344,True,0.019287109365125,0.0621337890306875,0,True,True,True,True
seq_0020,31,64,0,numeric,0.1,,0.0166015625,"[0.01,0.1)",16,0.0003180503845214844,0.0020406246185302734,0.0020406246185302734,True,0.019157858454728376,0.06214096966537457,0,True,True,True,True
seq_0020,31,64,0,bitflip,,sign,0.32421875,"[0.1,1)",16,0.006212711334228516,0.03985142707824707,0.03985142707824707,True,0.019162097609127647,0.062148496328874585,0,True,True,True,True
seq_0020,31,64,0,bitflip,,exponent,5.516296182507401e+37,"[10,inf)",16,1.0570501808127751e+36,6.780357556826144e+36,6.780357556826144e+36,True,0.01916231735643134,0.062148053962064076,0,True,True,True,True
seq_0020,31,64,0,bitflip,,mantissa,0.0009765625,"[0.0001,0.001)",16,1.8596649169921875e-05,0.00011992454528808594,0.00011992454528808594,True,0.0190429687305,0.0620117186865,0,True,True,True,True
seq_0020,31,256,0,numeric,1e-06,,0.0,"[0,1e-07)",16,0.0,0.0,0.0,False,0.0,0.0,0,False,False,False,False
seq_0020,31,256,0,numeric,1e-05,,0.0,"[0,1e-07)",16,0.0,0.0,0.0,False,0.0,0.0,0,False,False,False,False
seq_0020,31,256,0,numeric,0.0001,,0.0,"[0,1e-07)",16,0.0,0.0,0.0,False,0.0,0.0,0,False,False,False,False
seq_0020,31,256,0,numeric,0.001,,0.0,"[0,1e-07)",16,0.0,0.0,0.0,False,0.0,0.0,0,False,False,False,False
seq_0020,31,256,0,numeric,0.01,,0.015625,"[0.01,0.1)",16,0.0026865005493164062,0.0029129981994628906,0.0029129981994628906,True,0.1719360351452461,0.15261840819335742,0,True,True,True,True
seq_0020,31,256,0,numeric,0.1,,0.2109375,"[0.1,1)",16,0.036269187927246094,0.03932809829711914,0.03932809829711914,True,0.17194281683946264,0.15260823567635987,0,True,True,True,True
seq_0020,31,256,0,bitflip,,sign,4.28125,"[1,10)",16,0.7361307144165039,0.7982139587402344,0.7982139587402344,True,0.17194294059359577,0.15260816142503278,0,True,True,True,True
seq_0020,31,256,0,bitflip,,exponent,2.140625,"[1,10)",16,0.36806535720825195,0.3991069793701172,0.3991069793701172,True,0.1719429405935556,0.15260793866895242,0,True,True,True,True
seq_0020,31,256,0,bitflip,,mantissa,0.015625,"[0.01,0.1)",16,0.0026865005493164062,0.0029129981994628906,0.0029129981994628906,True,0.1719360351452461,0.15261840819335742,0,True,True,True,True
seq_0021,4,64,5,numeric,1e-06,,0.0,"[0,1e-07)",16,0.0,0.0,0.0,False,0.0,0.0,0,False,False,False,False
seq_0021,4,64,5,numeric,1e-05,,0.0,"[0,1e-07)",16,0.0,0.0,0.0,False,0.0,0.0,0,False,False,False,False
seq_0021,4,64,5,numeric,0.0001,,0.0,"[0,1e-07)",16,0.0,0.0,0.0,False,0.0,0.0,0,False,False,False,False
seq_0021,4,64,5,numeric,0.001,,0.0,"[0,1e-07)",16,0.0,0.0,0.0,False,0.0,0.0,0,False,False,False,False
seq_0021,4,64,5,numeric,0.01,,0.001953125,"[0.001,0.01)",16,0.000202178955078125,0.000179290771484375,0.000202178955078125,False,0.103515624947,0.05242919919190625,0,True,True,True,True
seq_0021,4,64,5,numeric,0.1,,0.015625,"[0.01,0.1)",16,0.0016183853149414062,0.0014352798461914062,0.0016183853149414062,False,0.10357666014962111,0.0524749755825791,0,True,True,True,True
seq_0021,4,64,5,bitflip,,sign,0.3046875,"[0.1,1)",16,0.03155946731567383,0.027982711791992188,0.03155946731567383,False,0.10357979016392288,0.0524808443507893,0,True,True,True,True
seq_0021,4,64,5,bitflip,,exponent,5.183989183561172e+37,"[10,inf)",16,5.369580964103246e+36,5.441175334702936e+36,5.441175334702936e+36,True,0.10358009582910782,0.05869538356096317,0,True,True,True,True
seq_0021,4,64,5,bitflip,,mantissa,0.0009765625,"[0.0001,0.001)",16,0.0001010894775390625,8.96453857421875e-05,0.0001010894775390625,False,0.103515624894,0.05249023432125,0,True,True,True,True
seq_0021,4,256,5,numeric,1e-06,,0.0,"[0,1e-07)",16,0.0,0.0,0.0,False,0.0,0.0,0,False,False,False,False
seq_0021,4,256,5,numeric,1e-05,,0.0,"[0,1e-07)",16,0.0,0.0,0.0,False,0.0,0.0,0,False,False,False,False
seq_0021,4,256,5,numeric,0.0001,,0.0,"[0,1e-07)",16,0.0,0.0,0.0,False,0.0,0.0,0,False,False,False,False
seq_0021,4,256,5,numeric,0.001,,0.0,"[0,1e-07)",16,0.0,0.0,0.0,False,0.0,0.0,0,False,False,False,False
seq_0021,4,256,5,numeric,0.01,,0.001953125,"[0.001,0.01)",16,0.00013148784637451172,0.0003345012664794922,0.0003345012664794922,True,0.06732177730928125,0.0987548827619375,0,True,True,True,True
seq_0021,4,256,5,numeric,0.1,,0.0146484375,"[0.01,0.1)",16,0.0009862184524536133,0.0025086402893066406,0.0025086402893066406,True,0.06732584634957055,0.09874674478492555,0,True,True,True,True
seq_0021,4,256,5,bitflip,,sign,0.29296875,"[0.1,1)",16,0.019724726676940918,0.050171613693237305,0.050171613693237305,True,0.06732706705706186,0.09874633789028796,0,True,True,True,True
seq_0021,4,256,5,bitflip,,exponent,4.9846049841934345e+37,"[10,inf)",16,3.355988023336366e+36,8.536256462238278e+36,8.536256462238278e+36,True,0.06732706069946288,0.09874635696411133,0,True,True,True,True
seq_0021,4,256,5,bitflip,,mantissa,0.0009765625,"[0.0001,0.001)",16,6.580352783203125e-05,0.0001671314239501953,0.0001671314239501953,True,0.067382812431,0.098754882711375,0,True,True,True,True
seq_0022,18,64,1,numeric,1e-06,,0.0,"[0,1e-07)",16,0.0,0.0,0.0,False,0.0,0.0,0,False,False,False,False
seq_0022,18,64,1,numeric,1e-05,,0.0,"[0,1e-07)",16,0.0,0.0,0.0,False,0.0,0.0,0,False,False,False,False
seq_0022,18,64,1,numeric,0.0001,,0.0,"[0,1e-07)",16,0.0,0.0,0.0,False,0.0,0.0,0,False,False,False,False
seq_0022,18,64,1,numeric,0.001,,0.0,"[0,1e-07)",16,0.0,0.0,0.0,False,0.0,0.0,0,False,False,False,False
seq_0022,18,64,1,numeric,0.01,,0.001953125,"[0.001,0.01)",16,0.00011539459228515625,0.0003261566162109375,0.0003261566162109375,True,0.05908203121975,0.070068359339125,0,True,True,True,True
seq_0022,18,64,1,numeric,0.1,,0.0185546875,"[0.01,0.1)",16,0.0010955333709716797,0.0031003952026367188,0.0031003952026367188,True,0.05904348272708103,0.07008120887780195,0,True,True,True,True
seq_0022,18,64,1,bitflip,,sign,0.37109375,"[0.1,1)",16,0.021909713745117188,0.06201362609863281,0.06201362609863281,True,0.059040912828788275,0.07009020353599534,0,True,True,True,True
seq_0022,18,64,1,bitflip,,exponent,6.31383297997835e+37,"[10,inf)",16,3.727728146416545e+36,8.153043150488084e+36,8.153043150488084e+36,True,0.05904065182334498,0.05800485109028063,0,True,True,True,True
seq_0022,18,64,1,bitflip,,mantissa,0.0009765625,"[0.0001,0.001)",16,5.7697296142578125e-05,0.00016307830810546875,0.00016307830810546875,True,0.0590820311895,0.070312499928,0,True,True,True,True
seq_0022,18,256,1,numeric,1e-06,,0.0,"[0,1e-07)",16,0.0,0.0,0.0,False,0.0,0.0,0,False,False,False,False
seq_0022,18,256,1,numeric,1e-05,,0.0,"[0,1e-07)",16,0.0,0.0,0.0,False,0.0,0.0,0,False,False,False,False
seq_0022,18,256,1,numeric,0.0001,,0.0,"[0,1e-07)",16,0.0,0.0,0.0,False,0.0,0.0,0,False,False,False,False
seq_0022,18,256,1,numeric,0.001,,0.0,"[0,1e-07)",16,0.0,0.0,0.0,False,0.0,0.0,0,False,False,False,False
seq_0022,18,256,1,numeric,0.01,,0.0009765625,"[0.0001,0.001)",16,8.630752563476562e-05,0.00020933151245117188,0.00020933151245117188,True,0.0883789061595,0.124999999872,0,True,True,True,True
seq_0022,18,256,1,numeric,0.1,,0.00927734375,"[0.001,0.01)",16,0.0008172988891601562,0.002075672149658203,0.002075672149658203,True,0.08809621709576732,0.11461759867185595,0,True,True,True,True
seq_0022,18,256,1,bitflip,,sign,0.181640625,"[0.1,1)",16,0.01599264144897461,0.038883209228515625,0.038883209228515625,True,0.08804550991214968,0.12498687415925813,0,True,True,True,True
seq_0022,18,256,1,bitflip,,exponent,3.0904550901999294e+37,"[10,inf)",16,2.72093183448943e+36,6.914367873854571e+36,6.914367873854571e+36,True,0.08804307958131195,0.1201529041413338,0,True,True,True,True
seq_0022,18,256,1,bitflip,,mantissa,0.00048828125,"[0.0001,0.001)",16,4.3392181396484375e-05,0.00010919570922851562,0.00010919570922851562,True,0.088867187318,0.114257812266,0,True,True,True,True
seq_0023,31,64,1,numeric,1e-06,,0.0,"[0,1e-07)",16,0.0,0.0,0.0,False,0.0,0.0,0,False,False,False,False
seq_0023,31,64,1,numeric,1e-05,,0.0,"[0,1e-07)",16,0.0,0.0,0.0,False,0.0,0.0,0,False,False,False,False
seq_0023,31,64,1,numeric,0.0001,,0.0,"[0,1e-07)",16,0.0,0.0,0.0,False,0.0,0.0,0,False,False,False,False
seq_0023,31,64,1,numeric,0.001,,0.0,"[0,1e-07)",16,0.0,0.0,0.0,False,0.0,0.0,0,False,False,False,False
seq_0023,31,64,1,numeric,0.01,,0.015625,"[0.01,0.1)",16,0.005114078521728516,0.005654335021972656,0.005654335021972656,True,0.32730102536967776,0.1974487304561133,0,True,True,True,True
seq_0023,31,64,1,numeric,0.1,,0.1796875,"[0.1,1)",16,0.058814048767089844,0.0650186538696289,0.0650186538696289,True,0.32731296704980883,0.19748853600433572,0,True,True,True,True
seq_0023,31,64,1,bitflip,,sign,3.515625,"[1,10)",16,1.150710105895996,1.2720928192138672,1.2720928192138672,True,0.32731309678810133,0.19749294704855494,0,True,True,True,True
seq_0023,31,64,1,bitflip,,exponent,,nonfinite,16,,0.0,,False,,,16,True,True,True,True
seq_0023,31,64,1,bitflip,,mantissa,0.0078125,"[0.001,0.01)",16,0.0025572776794433594,0.002826690673828125,0.002826690673828125,True,0.32733154292685157,0.19750976559971875,0,True,True,True,True
seq_0023,31,256,1,numeric,1e-06,,0.0,"[0,1e-07)",16,0.0,0.0,0.0,False,0.0,0.0,0,False,False,False,False
seq_0023,31,256,1,numeric,1e-05,,0.0,"[0,1e-07)",16,0.0,0.0,0.0,False,0.0,0.0,0,False,False,False,False
seq_0023,31,256,1,numeric,0.0001,,0.0,"[0,1e-07)",16,0.0,0.0,0.0,False,0.0,0.0,0,False,False,False,False
seq_0023,31,256,1,numeric,0.001,,0.0,"[0,1e-07)",16,0.0,0.0,0.0,False,0.0,0.0,0,False,False,False,False
seq_0023,31,256,1,numeric,0.01,,0.0078125,"[0.001,0.01)",16,0.000247955322265625,0.0012083053588867188,0.0012083053588867188,True,0.0317382812459375,0.04907226561871875,0,True,True,True,True
seq_0023,31,256,1,numeric,0.1,,0.08984375,"[0.01,0.1)",16,0.0028533935546875,0.013896942138671875,0.013896942138671875,True,0.03175951086921172,0.04902980638532384,0,True,True,True,True
seq_0023,31,256,1,bitflip,,sign,1.78125,"[1,10)",16,0.056580543518066406,0.27552318572998047,0.27552318572998047,True,0.03176451565924752,0.049027827748053615,0,True,True,True,True
seq_0023,31,256,1,bitflip,,exponent,3.0306398303896082e+38,"[10,inf)",16,9.626694579157002e+36,2.2915717942614175e+37,2.2915717942614175e+37,True,0.03176456166986834,0.0631838555921588,0,True,True,True,True
seq_0023,31,256,1,bitflip,,mantissa,0.00390625,"[0.001,0.01)",16,0.0001239776611328125,0.0006041526794433594,0.0006041526794433594,True,0.031738281241875,0.04907226561243749,0,True,True,True,True
seq_0024,4,64,4,numeric,1e-06,,0.0,"[0,1e-07)",16,0.0,0.0,0.0,False,0.0,0.0,0,False,False,False,False
seq_0024,4,64,4,numeric,1e-05,,0.0,"[0,1e-07)",16,0.0,0.0,0.0,False,0.0,0.0,0,False,False,False,False
seq_0024,4,64,4,numeric,0.0001,,0.0,"[0,1e-07)",16,0.0,0.0,0.0,False,0.0,0.0,0,False,False,False,False
seq_0024,4,64,4,numeric,0.001,,0.0,"[0,1e-07)",16,0.0,0.0,0.0,False,0.0,0.0,0,False,False,False,False
seq_0024,4,64,4,numeric,0.01,,0.015625,"[0.01,0.1)",16,0.004315614700317383,0.0038411617279052734,0.004315614700317383,False,0.27619934080263575,0.10772705077435547,0,True,True,True,True
seq_0024,4,64,4,numeric,0.1,,0.15625,"[0.1,1)",16,0.043158531188964844,0.03841090202331543,0.043158531188964844,False,0.2762145996076072,0.10772399902274807,0,True,True,True,True
seq_0024,4,64,4,bitflip,,sign,3.09375,"[1,10)",16,0.8545360565185547,0.7605369091033936,0.8545360565185547,False,0.276213674834191,0.10772342874542762,0,True,True,True,True
seq_0024,4,64,4,bitflip,,exponent,,nonfinite,16,,0.0,,False,,,16,True,True,True,True
seq_0024,4,64,4,bitflip,,mantissa,0.0078125,"[0.001,0.01)",16,0.0021576881408691406,0.001920461654663086,0.0021576881408691406,False,0.27618408199589844,0.10772705076746093,0,True,True,True,True
seq_0024,4,256,4,numeric,1e-06,,0.0,"[0,1e-07)",16,0.0,0.0,0.0,False,0.0,0.0,0,False,False,False,False
seq_0024,4,256,4,numeric,1e-05,,0.0,"[0,1e-07)",16,0.0,0.0,0.0,False,0.0,0.0,0,False,False,False,False
seq_0024,4,256,4,numeric,0.0001,,0.0,"[0,1e-07)",16,0.0,0.0,0.0,False,0.0,0.0,0,False,False,False,False
seq_0024,4,256,4,numeric,0.001,,0.0,"[0,1e-07)",16,0.0,0.0,0.0,False,0.0,0.0,0,False,False,False,False
seq_0024,4,256,4,numeric,0.01,,0.00390625,"[0.001,0.01)",16,0.0003911256790161133,0.000911712646484375,0.000911712646484375,True,0.10012817380249217,0.12637329098327343,0,True,True,True,True
seq_0024,4,256,4,numeric,0.1,,0.033203125,"[0.01,0.1)",16,0.003324568271636963,0.0077495574951171875,0.0077495574951171875,True,0.10012817382510938,0.12636790555685587,0,True,True,True,True
seq_0024,4,256,4,bitflip,,sign,0.64453125,"[0.1,1)",16,0.06453526020050049,0.15043389797210693,0.15043389797210693,True,0.1001274340078939,0.12636774236486076,0,True,True,True,True
seq_0024,4,256,4,bitflip,,exponent,1.0966130965225556e+38,"[10,inf)",16,1.0980104277791872e+37,2.650369901921096e+37,2.650369901921096e+37,True,0.10012742244836056,0.20301698626893938,0,True,True,True,True
seq_0024,4,256,4,bitflip,,mantissa,0.001953125,"[0.001,0.01)",16,0.00019556283950805664,0.0004558563232421875,0.0004558563232421875,True,0.10012817377685937,0.12640380852903124,0,True,True,True,True
seq_0025,18,64,7,numeric,1e-06,,0.0,"[0,1e-07)",16,0.0,0.0,0.0,False,0.0,0.0,0,False,False,False,False
seq_0025,18,64,7,numeric,1e-05,,0.0,"[0,1e-07)",16,0.0,0.0,0.0,False,0.0,0.0,0,False,False,False,False
seq_0025,18,64,7,numeric,0.0001,,0.0,"[0,1e-07)",16,0.0,0.0,0.0,False,0.0,0.0,0,False,False,False,False
seq_0025,18,64,7,numeric,0.001,,0.0,"[0,1e-07)",16,0.0,0.0,0.0,False,0.0,0.0,0,False,False,False,False
seq_0025,18,64,7,numeric,0.01,,0.00390625,"[0.001,0.01)",16,0.0005207061767578125,0.0007338523864746094,0.0007338523864746094,True,0.133300781215875,0.12774658199854685,0,True,True,True,True
seq_0025,18,64,7,numeric,0.1,,0.046875,"[0.01,0.1)",16,0.006247282028198242,0.0088043212890625,0.0088043212890625,True,0.13327534993205262,0.12774658202852474,0,True,True,True,True
seq_0025,18,64,7,bitflip,,sign,0.9375,"[0.1,1)",16,0.12494349479675293,0.17608642578125,0.17608642578125,True,0.1332730611163943,0.12774861653632208,0,True,True,True,True
seq_0025,18,64,7,bitflip,,exponent,1.595073594941899e+38,"[10,inf)",16,2.1258032802755923e+37,2.9959507238324347e+37,2.9959507238324347e+37,True,0.13327305316925048,0.1277487834294637,0,True,True,True,True
seq_0025,18,64,7,bitflip,,mantissa,0.001953125,"[0.001,0.01)",16,0.0002601146697998047,0.0003666877746582031,0.0003666877746582031,True,0.1331787108693125,0.127685546809625,0,True,True,True,True
seq_0025,18,256,7,numeric,1e-06,,0.0,"[0,1e-07)",16,0.0,0.0,0.0,False,0.0,0.0,0,False,False,False,False
seq_0025,18,256,7,numeric,1e-05,,0.0,"[0,1e-07)",16,0.0,0.0,0.0,False,0.0,0.0,0,False,False,False,False
seq_0025,18,256,7,numeric,0.0001,,0.0,"[0,1e-07)",16,0.0,0.0,0.0,False,0.0,0.0,0,False,False,False,False
seq_0025,18,256,7,numeric,0.001,,0.0,"[0,1e-07)",16,0.0,0.0,0.0,False,0.0,0.0,0,False,False,False,False
seq_0025,18,256,7,numeric,0.01,,0.00390625,"[0.001,0.01)",16,0.0004343986511230469,0.0009171366691589355,0.0009171366691589355,True,0.11120605465903123,0.08493041990013281,0,True,True,True,True
seq_0025,18,256,7,numeric,0.1,,0.044921875,"[0.01,0.1)",16,0.00499415397644043,0.01054680347442627,0.01054680347442627,True,0.11117421025567734,0.08493440047365276,0,True,True,True,True
seq_0025,18,256,7,bitflip,,sign,0.91796875,"[0.1,1)",16,0.10205626487731934,0.21552211046218872,0.21552211046218872,True,0.11117618641942677,0.08493561440316545,0,True,True,True,True
seq_0025,18,256,7,bitflip,,exponent,1.5618428950472762e+38,"[10,inf)",16,1.7363939459216025e+37,2.0060203129937664e+37,2.0060203129937664e+37,True,0.11117596727736453,0.08562621258674784,0,True,True,True,True
seq_0025,18,256,7,bitflip,,mantissa,0.001953125,"[0.001,0.01)",16,0.00021719932556152344,0.0004585385322570801,0.0004585385322570801,True,0.1112060546305625,0.0849609374565,0,True,True,True,True
seq_0026,31,64,0,numeric,1e-06,,0.0,"[0,1e-07)",16,0.0,0.0,0.0,False,0.0,0.0,0,False,False,False,False
seq_0026,31,64,0,numeric,1e-05,,0.0,"[0,1e-07)",16,0.0,0.0,0.0,False,0.0,0.0,0,False,False,False,False
seq_0026,31,64,0,numeric,0.0001,,0.0,"[0,1e-07)",16,0.0,0.0,0.0,False,0.0,0.0,0,False,False,False,False
seq_0026,31,64,0,numeric,0.001,,0.0,"[0,1e-07)",16,0.0,0.0,0.0,False,0.0,0.0,0,False,False,False,False
seq_0026,31,64,0,numeric,0.01,,0.03125,"[0.01,0.1)",16,0.003150463104248047,0.005955696105957031,0.005955696105957031,True,0.10081481933271143,0.09529876708679419,0,True,True,True,True
seq_0026,31,64,0,numeric,0.1,,0.296875,"[0.1,1)",16,0.02993011474609375,0.056580543518066406,0.056580543518066406,True,0.10081722861808147,0.09529354697747507,0,True,True,True,True
seq_0026,31,64,0,bitflip,,sign,6.09375,"[1,10)",16,0.6143593788146973,1.1613917350769043,1.1613917350769043,True,0.10081794934393377,0.09529368082680728,0,True,True,True,True
seq_0026,31,64,0,bitflip,,exponent,3.046875,"[1,10)",16,0.30717945098876953,0.5806958675384521,0.5806958675384521,True,0.10081787109371691,0.09529364170169148,0,True,True,True,True
seq_0026,31,64,0,bitflip,,mantissa,0.015625,"[0.01,0.1)",16,0.0015749931335449219,0.0029778480529785156,0.0029778480529785156,True,0.10079956054042384,0.09529113768921388,0,True,True,True,True
seq_0026,31,256,0,numeric,1e-06,,0.0,"[0,1e-07)",16,0.0,0.0,0.0,False,0.0,0.0,0,False,False,False,False
seq_0026,31,256,0,numeric,1e-05,,0.0,"[0,1e-07)",16,0.0,0.0,0.0,False,0.0,0.0,0,False,False,False,False
seq_0026,31,256,0,numeric,0.0001,,0.0,"[0,1e-07)",16,0.0,0.0,0.0,False,0.0,0.0,0,False,False,False,False
seq_0026,31,256,0,numeric,0.001,,0.0,"[0,1e-07)",16,0.0,0.0,0.0,False,0.0,0.0,0,False,False,False,False
seq_0026,31,256,0,numeric,0.01,,0.0078125,"[0.001,0.01)",16,0.0005341768264770508,0.0019960403442382812,0.0019960403442382812,True,0.06837463378031054,0.10220336912754296,0,True,True,True,True
seq_0026,31,256,0,numeric,0.1,,0.1015625,"[0.1,1)",16,0.006943106651306152,0.02594900131225586,0.02594900131225586,True,0.06836289625834131,0.1021998478806043,0,True,True,True,True
seq_0026,31,256,0,bitflip,,sign,2.03125,"[1,10)",16,0.13886213302612305,0.518979549407959,0.518979549407959,True,0.06836289625898076,0.10219896756680666,0,True,True,True,True
seq_0026,31,256,0,bitflip,,exponent,,nonfinite,16,,0.0,,False,,,16,True,True,True,True
seq_0026,31,256,0,bitflip,,mantissa,0.0078125,"[0.001,0.01)",16,0.0005340576171875,0.0019960403442382812,0.0019960403442382812,True,0.06835937499125,0.10220336912754296,0,True,True,True,True
seq_0027,4,64,5,numeric,1e-06,,0.0,"[0,1e-07)",16,0.0,0.0,0.0,False,0.0,0.0,0,False,False,False,False
seq_0027,4,64,5,numeric,1e-05,,0.0,"[0,1e-07)",16,0.0,0.0,0.0,False,0.0,0.0,0,False,False,False,False
seq_0027,4,64,5,numeric,0.0001,,0.0,"[0,1e-07)",16,0.0,0.0,0.0,False,0.0,0.0,0,False,False,False,False
seq_0027,4,64,5,numeric,0.001,,0.0,"[0,1e-07)",16,0.0,0.0,0.0,False,0.0,0.0,0,False,False,False,False
seq_0027,4,64,5,numeric,0.01,,0.00390625,"[0.001,0.01)",16,0.0005960464477539062,0.0008847415447235107,0.0008847415447235107,True,0.1525878905859375,0.16296386714578123,0,True,True,True,True
seq_0027,4,64,5,numeric,0.1,,0.046875,"[0.01,0.1)",16,0.007153511047363281,0.009840130805969238,0.009840130805969238,True,0.1526082356738277,0.16987101236616775,0,True,True,True,True
seq_0027,4,64,5,bitflip,,sign,0.96875,"[0.1,1)",16,0.14783859252929688,0.20336198806762695,0.20336198806762695,True,0.15260757938492311,0.16227574502251393,0,True,True,True,True
seq_0027,4,64,5,bitflip,,exponent,1.6482427147732957e+38,"[10,inf)",16,2.515350408249827e+37,3.004762416684741e+37,3.004762416684741e+37,True,0.1526080100767074,0.0818282711890436,0,True,True,True,True
seq_0027,4,64,5,bitflip,,mantissa,0.001953125,"[0.001,0.01)",16,0.00029850006103515625,0.0005283355712890625,0.0005283355712890625,True,0.15283203117175,0.15283203117175,0,True,True,True,True
seq_0027,4,256,5,numeric,1e-06,,0.0,"[0,1e-07)",16,0.0,0.0,0.0,False,0.0,0.0,0,False,False,False,False
seq_0027,4,256,5,numeric,1e-05,,0.0,"[0,1e-07)",16,0.0,0.0,0.0,False,0.0,0.0,0,False,False,False,False
seq_0027,4,256,5,numeric,0.0001,,0.0,"[0,1e-07)",16,0.0,0.0,0.0,False,0.0,0.0,0,False,False,False,False
seq_0027,4,256,5,numeric,0.001,,0.0,"[0,1e-07)",16,0.0,0.0,0.0,False,0.0,0.0,0,False,False,False,False
seq_0027,4,256,5,numeric,0.01,,0.005859375,"[0.001,0.01)",16,0.0007448196411132812,0.0012950897216796875,0.0012950897216796875,True,0.1271158853949722,0.08770751951628124,0,True,True,True,True
seq_0027,4,256,5,numeric,0.1,,0.05078125,"[0.01,0.1)",16,0.0064525604248046875,0.011221885681152344,0.011221885681152344,True,0.12706580528595932,0.08769930325848935,0,True,True,True,True
seq_0027,4,256,5,bitflip,,sign,0.984375,"[0.1,1)",16,0.12507247924804688,0.21751785278320312,0.21751785278320312,True,0.1270577566962995,0.08769771030962073,0,True,True,True,True
seq_0027,4,256,5,bitflip,,exponent,1.674827274688994e+38,"[10,inf)",16,2.128006076723609e+37,2.7872254607217356e+37,2.7872254607217356e+37,True,0.12705824110243055,0.14155946459089006,0,True,True,True,True
seq_0027,4,256,5,bitflip,,mantissa,0.001953125,"[0.001,0.01)",16,0.00024890899658203125,0.00043201446533203125,0.00043201446533203125,True,0.12744140618475,0.08770751948634375,0,True,True,True,True
seq_0028,18,64,1,numeric,1e-06,,0.0,"[0,1e-07)",16,0.0,0.0,0.0,False,0.0,0.0,0,False,False,False,False
seq_0028,18,64,1,numeric,1e-05,,0.0,"[0,1e-07)",16,0.0,0.0,0.0,False,0.0,0.0,0,False,False,False,False
seq_0028,18,64,1,numeric,0.0001,,0.0,"[0,1e-07)",16,0.0,0.0,0.0,False,0.0,0.0,0,False,False,False,False
seq_0028,18,64,1,numeric,0.001,,0.0,"[0,1e-07)",16,0.0,0.0,0.0,False,0.0,0.0,0,False,False,False,False
seq_0028,18,64,1,numeric,0.01,,0.00390625,"[0.001,0.01)",16,0.0004100799560546875,0.0008523464202880859,0.0008523464202880859,True,0.10498046872312498,0.15606689449129685,0,True,True,True,True
seq_0028,18,64,1,numeric,0.1,,0.029296875,"[0.01,0.1)",16,0.0030750036239624023,0.006392836570739746,0.006392836570739746,True,0.10496012369433404,0.15605875650508988,0,True,True,True,True
seq_0028,18,64,1,bitflip,,sign,0.59765625,"[0.1,1)",16,0.06273066997528076,0.13041377067565918,0.13041377067565918,True,0.10496112100421573,0.15606061150019845,0,True,True,True,True
seq_0028,18,64,1,bitflip,,exponent,1.0168594167754606e+38,"[10,inf)",16,1.0673074231814194e+37,2.148658386772407e+37,2.148658386772407e+37,True,0.10496115840338414,0.14777426626168044,0,True,True,True,True
seq_0028,18,64,1,bitflip,,mantissa,0.001953125,"[0.001,0.01)",16,0.00020492076873779297,0.00042617321014404297,0.00042617321014404297,True,0.10491943354003125,0.15603637687323438,0,True,True,True,True
seq_0028,18,256,1,numeric,1e-06,,0.0,"[0,1e-07)",16,0.0,0.0,0.0,False,0.0,0.0,0,False,False,False,False
seq_0028,18,256,1,numeric,1e-05,,0.0,"[0,1e-07)",16,0.0,0.0,0.0,False,0.0,0.0,0,False,False,False,False
seq_0028,18,256,1,numeric,0.0001,,0.0,"[0,1e-07)",16,0.0,0.0,0.0,False,0.0,0.0,0,False,False,False,False
seq_0028,18,256,1,numeric,0.001,,0.0,"[0,1e-07)",16,0.0,0.0,0.0,False,0.0,0.0,0,False,False,False,False
seq_0028,18,256,1,numeric,0.01,,0.015625,"[0.01,0.1)",16,0.002093195915222168,0.0026979446411132812,0.0026979446411132812,True,0.13396453856564502,0.12292480467963282,0,True,True,True,True
seq_0028,18,256,1,numeric,0.1,,0.1484375,"[0.1,1)",16,0.019885241985321045,0.025626182556152344,0.025626182556152344,True,0.13396373547915508,0.12291516755673773,0,True,True,True,True
seq_0028,18,256,1,bitflip,,sign,2.96875,"[1,10)",16,0.3977043628692627,0.5125055313110352,0.5125055313110352,True,0.1339635748611802,0.12291500693869215,0,True,True,True,True
seq_0028,18,256,1,bitflip,,exponent,,nonfinite,16,,0.0,,False,,,16,True,True,True,True
seq_0028,18,256,1,bitflip,,mantissa,0.0078125,"[0.001,0.01)",16,0.001046597957611084,0.0013494491577148438,0.0013494491577148438,True,0.13396453855707127,0.12292480467176561,0,True,True,True,True
seq_0029,31,64,1,numeric,1e-06,,0.0,"[0,1e-07)",16,0.0,0.0,0.0,False,0.0,0.0,0,False,False,False,False
seq_0029,31,64,1,numeric,1e-05,,0.0,"[0,1e-07)",16,0.0,0.0,0.0,False,0.0,0.0,0,False,False,False,False
seq_0029,31,64,1,numeric,0.0001,,0.0,"[0,1e-07)",16,0.0,0.0,0.0,False,0.0,0.0,0,False,False,False,False
seq_0029,31,64,1,numeric,0.001,,0.0,"[0,1e-07)",16,0.0,0.0,0.0,False,0.0,0.0,0,False,False,False,False
seq_0029,31,64,1,numeric,0.01,,0.0078125,"[0.001,0.01)",16,0.0005397796630859375,0.0016298294067382812,0.0016298294067382812,True,0.06909179686615624,0.06909179686615624,0,True,True,True,True
seq_0029,31,64,1,numeric,0.1,,0.0703125,"[0.01,0.1)",16,0.004855155944824219,0.014662742614746094,0.014662742614746094,True,0.06905110676985127,0.0687120225684672,0,True,True,True,True
seq_0029,31,64,1,bitflip,,sign,1.375,"[1,10)",16,0.09494876861572266,0.2867441177368164,0.2867441177368164,True,0.06905364990229353,0.06905364990229353,0,True,True,True,True
seq_0029,31,64,1,bitflip,,exponent,2.339441272581452e+38,"[10,inf)",16,1.61546362808151e+37,1.906247083671483e+37,1.906247083671483e+37,True,0.06905339522795244,0.04695631157268177,2,True,True,True,True
seq_0029,31,64,1,bitflip,,mantissa,0.00390625,"[0.001,0.01)",16,0.00026988983154296875,0.0008144378662109375,0.0008144378662109375,True,0.0690917968573125,0.06860351560743749,0,True,True,True,True
seq_0029,31,256,1,numeric,1e-06,,0.0,"[0,1e-07)",16,0.0,0.0,0.0,False,0.0,0.0,0,False,False,False,False
seq_0029,31,256,1,numeric,1e-05,,0.0,"[0,1e-07)",16,0.0,0.0,0.0,False,0.0,0.0,0,False,False,False,False
seq_0029,31,256,1,numeric,0.0001,,0.0,"[0,1e-07)",16,0.0,0.0,0.0,False,0.0,0.0,0,False,False,False,False
seq_0029,31,256,1,numeric,0.001,,0.0,"[0,1e-07)",16,0.0,0.0,0.0,False,0.0,0.0,0,False,False,False,False
seq_0029,31,256,1,numeric,0.01,,0.0078125,"[0.001,0.01)",16,0.001186370849609375,0.0014133453369140625,0.0014133453369140625,True,0.1518554687305625,0.13256835935803124,0,True,True,True,True
seq_0029,31,256,1,numeric,0.1,,0.1171875,"[0.1,1)",16,0.017803192138671875,0.02120208740234375,0.02120208740234375,True,0.15192057291537028,0.13258463541553528,0,True,True,True,True
seq_0029,31,256,1,bitflip,,sign,2.265625,"[1,10)",16,0.3441886901855469,0.4098968505859375,0.4098968505859375,True,0.15191776670251914,0.1325826710667518,0,True,True,True,True
seq_0029,31,256,1,bitflip,,exponent,,nonfinite,16,,0.0,,False,,,16,True,True,True,True
seq_0029,31,256,1,bitflip,,mantissa,0.0078125,"[0.001,0.01)",16,0.0011873245239257812,0.0014142990112304688,0.0014142990112304688,True,0.15197753904304687,0.13269042967051561,0,True,True,True,True
seq_0030,4,64,4,numeric,1e-06,,0.0,"[0,1e-07)",16,0.0,0.0,0.0,False,0.0,0.0,0,False,False,False,False
seq_0030,4,64,4,numeric,1e-05,,0.0,"[0,1e-07)",16,0.0,0.0,0.0,False,0.0,0.0,0,False,False,False,False
seq_0030,4,64,4,numeric,0.0001,,0.0,"[0,1e-07)",16,0.0,0.0,0.0,False,0.0,0.0,0,False,False,False,False
seq_0030,4,64,4,numeric,0.001,,0.0,"[0,1e-07)",16,0.0,0.0,0.0,False,0.0,0.0,0,False,False,False,False
seq_0030,4,64,4,numeric,0.01,,0.03125,"[0.01,0.1)",16,0.0017802715301513672,0.005157470703125,0.005157470703125,True,0.05696868896302076,0.11048507690076136,0,True,True,True,True
seq_0030,4,64,4,numeric,0.1,,0.296875,"[0.1,1)",16,0.01691269874572754,0.0489954948425293,0.0489954948425293,True,0.05696909051173245,0.11048547845100531,0,True,True,True,True
seq_0030,4,64,4,bitflip,,sign,6.03125,"[1,10)",16,0.3435945510864258,0.9953827857971191,0.9953827857971191,True,0.05696904473970882,0.11048544256178847,0,True,True,True,True
seq_0030,4,64,4,bitflip,,exponent,3.015625,"[1,10)",16,0.1717972755432129,0.49769163131713867,0.49769163131713867,True,0.056969044739699375,0.11048545244440555,0,True,True,True,True
seq_0030,4,64,4,bitflip,,mantissa,0.015625,"[0.01,0.1)",16,0.0008900165557861328,0.0025787353515625,0.0025787353515625,True,0.056961059566667,0.11048507689722584,0,True,True,True,True
seq_0030,4,256,4,numeric,1e-06,,0.0,"[0,1e-07)",16,0.0,0.0,0.0,False,0.0,0.0,0,False,False,False,False
seq_0030,4,256,4,numeric,1e-05,,0.0,"[0,1e-07)",16,0.0,0.0,0.0,False,0.0,0.0,0,False,False,False,False
seq_0030,4,256,4,numeric,0.0001,,0.0,"[0,1e-07)",16,0.0,0.0,0.0,False,0.0,0.0,0,False,False,False,False
seq_0030,4,256,4,numeric,0.001,,0.0,"[0,1e-07)",16,0.0,0.0,0.0,False,0.0,0.0,0,False,False,False,False
seq_0030,4,256,4,numeric,0.01,,0.001953125,"[0.001,0.01)",16,0.00017523765563964844,0.0005688667297363281,0.0005688667297363281,True,0.0897216796415625,0.105712890570875,0,True,True,True,True
seq_0030,4,256,4,numeric,0.1,,0.0205078125,"[0.01,0.1)",16,0.0018410682678222656,0.005976200103759766,0.005976200103759766,True,0.08977399553133673,0.10565476189960998,0,True,True,True,True
seq_0030,4,256,4,bitflip,,sign,0.404296875,"[0.1,1)",16,0.03629350662231445,0.11781454086303711,0.11781454086303711,True,0.0897694463312997,0.10565156061266139,0,True,True,True,True
seq_0030,4,256,4,bitflip,,exponent,6.87875487818694e+37,"[10,inf)",16,6.175017633349758e+36,2.0045058508216737e+37,2.0045058508216737e+37,True,0.08976940947454333,0.10565169882659176,0,True,True,True,True
seq_0030,4,256,4,bitflip,,mantissa,0.0009765625,"[0.0001,0.001)",16,8.7738037109375e-05,0.0002846717834472656,0.0002846717834472656,True,0.089843749908,0.10571289051675,0,True,True,True,True
seq_0031,18,64,7,numeric,1e-06,,0.0,"[0,1e-07)",16,0.0,0.0,0.0,False,0.0,0.0,0,False,False,False,False
seq_0031,18,64,7,numeric,1e-05,,0.0,"[0,1e-07)",16,0.0,0.0,0.0,False,0.0,0.0,0,False,False,False,False
seq_0031,18,64,7,numeric,0.0001,,0.0,"[0,1e-07)",16,0.0,0.0,0.0,False,0.0,0.0,0,False,False,False,False
seq_0031,18,64,7,numeric,0.001,,0.0,"[0,1e-07)",16,0.0,0.0,0.0,False,0.0,0.0,0,False,False,False,False
seq_0031,18,64,7,numeric,0.01,,0.0078125,"[0.001,0.01)",16,0.0003962516784667969,0.0011868476867675781,0.0011868476867675781,True,0.05072021483725781,0.0849304199110039,0,True,True,True,True
seq_0031,18,64,7,numeric,0.1,,0.109375,"[0.1,1)",16,0.005551338195800781,0.016615867614746094,0.016615867614746094,True,0.05075509207542881,0.08493695940212521,0,True,True,True,True
seq_0031,18,64,7,bitflip,,sign,2.234375,"[1,10)",16,0.1134037971496582,0.33944082260131836,0.33944082260131836,True,0.05075414697604809,0.0849356484579493,0,True,True,True,True
seq_0031,18,64,7,bitflip,,exponent,,nonfinite,16,,0.0,,False,,,16,True,True,True,True
seq_0031,18,64,7,bitflip,,mantissa,0.0078125,"[0.001,0.01)",16,0.0003962516784667969,0.0011868476867675781,0.0011868476867675781,True,0.05072021483725781,0.0849304199110039,0,True,True,True,True
seq_0031,18,256,7,numeric,1e-06,,0.0,"[0,1e-07)",16,0.0,0.0,0.0,False,0.0,0.0,0,False,False,False,False
seq_0031,18,256,7,numeric,1e-05,,0.0,"[0,1e-07)",16,0.0,0.0,0.0,False,0.0,0.0,0,False,False,False,False
seq_0031,18,256,7,numeric,0.0001,,0.0,"[0,1e-07)",16,0.0,0.0,0.0,False,0.0,0.0,0,False,False,False,False
seq_0031,18,256,7,numeric,0.001,,0.0,"[0,1e-07)",16,0.0,0.0,0.0,False,0.0,0.0,0,False,False,False,False
seq_0031,18,256,7,numeric,0.01,,0.001953125,"[0.001,0.01)",16,0.00022268295288085938,0.0003509521484375,0.0003509521484375,True,0.114013671816625,0.1083984374445,0,True,True,True,True
seq_0031,18,256,7,numeric,0.1,,0.0224609375,"[0.01,0.1)",16,0.002559185028076172,0.004032611846923828,0.004032611846923828,True,0.11393936820144897,0.10835597825604537,0,True,True,True,True
seq_0031,18,256,7,bitflip,,sign,0.458984375,"[0.1,1)",16,0.052295684814453125,0.08240509033203125,0.08240509033203125,True,0.11393783244656028,0.10841505984018933,0,True,True,True,True
seq_0031,18,256,7,bitflip,,exponent,7.809214475236381e+37,"[10,inf)",16,8.897670620441648e+36,1.4020571848342881e+37,1.4020571848342881e+37,True,0.11393810028725482,0.10841383426747424,0,True,True,True,True
seq_0031,18,256,7,bitflip,,mantissa,0.0009765625,"[0.0001,0.001)",16,0.00011110305786132812,0.00017499923706054688,0.00017499923706054688,True,0.1137695311335,0.10937499988800001,0,True,True,True,True
seq_0032,31,64,0,numeric,1e-06,,0.0,"[0,1e-07)",16,0.0,0.0,0.0,False,0.0,0.0,0,False,False,False,False
seq_0032,31,64,0,numeric,1e-05,,0.0,"[0,1e-07)",16,0.0,0.0,0.0,False,0.0,0.0,0,False,False,False,False
seq_0032,31,64,0,numeric,0.0001,,0.0,"[0,1e-07)",16,0.0,0.0,0.0,False,0.0,0.0,0,False,False,False,False
seq_0032,31,64,0,numeric,0.001,,0.0,"[0,1e-07)",16,0.0,0.0,0.0,False,0.0,0.0,0,False,False,False,False
seq_0032,31,64,0,numeric,0.01,,0.01171875,"[0.01,0.1)",16,0.0014646053314208984,0.001772165298461914,0.001772165298461914,True,0.12497965493725173,0.09252929686710416,0,True,True,True,True
seq_0032,31,64,0,numeric,0.1,,0.1015625,"[0.1,1)",16,0.012694120407104492,0.015359163284301758,0.015359163284301758,True,0.12498826246872126,0.09252929687408894,0,True,True,True,True
seq_0032,31,64,0,bitflip,,sign,2.015625,"[1,10)",16,0.2519261837005615,0.30481648445129395,0.30481648445129395,True,0.12498663377385998,0.09253166257868471,0,True,True,True,True
seq_0032,31,64,0,bitflip,,exponent,,nonfinite,16,,0.0,,False,,,16,True,True,True,True
seq_0032,31,64,0,bitflip,,mantissa,0.0078125,"[0.001,0.01)",16,0.0009763240814208984,0.0011813640594482422,0.0011813640594482422,True,0.12496948240587889,0.09252929686315625,0,True,True,True,True
seq_0032,31,256,0,numeric,1e-06,,0.0,"[0,1e-07)",16,0.0,0.0,0.0,False,0.0,0.0,0,False,False,False,False
seq_0032,31,256,0,numeric,1e-05,,0.0,"[0,1e-07)",16,0.0,0.0,0.0,False,0.0,0.0,0,False,False,False,False
seq_0032,31,256,0,numeric,0.0001,,0.0,"[0,1e-07)",16,0.0,0.0,0.0,False,0.0,0.0,0,False,False,False,False
seq_0032,31,256,0,numeric,0.001,,0.0,"[0,1e-07)",16,0.0,0.0,0.0,False,0.0,0.0,0,False,False,False,False
seq_0032,31,256,0,numeric,0.01,,0.0078125,"[0.001,0.01)",16,0.0008039474487304688,0.0011601448059082031,0.0011601448059082031,True,0.10290527342432812,0.10150146483075781,0,True,True,True,True
seq_0032,31,256,0,numeric,0.1,,0.1015625,"[0.1,1)",16,0.010449886322021484,0.01641082763671875,0.01641082763671875,True,0.10289118840042923,0.07906400240306767,0,True,True,True,True
seq_0032,31,256,0,bitflip,,sign,2.03125,"[1,10)",16,0.20899438858032227,0.30156898498535156,0.30156898498535156,True,0.10288954514718492,0.10150850736172887,0,True,True,True,True
seq_0032,31,256,0,bitflip,,exponent,,nonfinite,16,,0.0,,False,,,16,True,True,True,True
seq_0032,31,256,0,bitflip,,mantissa,0.0078125,"[0.001,0.01)",16,0.0008039474487304688,0.0011601448059082031,0.0011601448059082031,True,0.10290527342432812,0.10150146483075781,0,True,True,True,True
seq_0033,4,64,5,numeric,1e-06,,0.0,"[0,1e-07)",16,0.0,0.0,0.0,False,0.0,0.0,0,False,False,False,False
seq_0033,4,64,5,numeric,1e-05,,0.0,"[0,1e-07)",16,0.0,0.0,0.0,False,0.0,0.0,0,False,False,False,False
seq_0033,4,64,5,numeric,0.0001,,0.0,"[0,1e-07)",16,0.0,0.0,0.0,False,0.0,0.0,0,False,False,False,False
seq_0033,4,64,5,numeric,0.001,,0.0,"[0,1e-07)",16,0.0,0.0,0.0,False,0.0,0.0,0,False,False,False,False
seq_0033,4,64,5,numeric,0.01,,0.015625,"[0.01,0.1)",16,0.004445075988769531,0.0062580108642578125,0.0062580108642578125,True,0.284484863263043,0.24169921873453126,0,True,True,True,True
seq_0033,4,64,5,numeric,0.1,,0.15625,"[0.1,1)",16,0.04445314407348633,0.06257915496826172,0.06257915496826172,True,0.2845001220684917,0.2416870117172032,0,True,True,True,True
seq_0033,4,64,5,bitflip,,sign,3.125,"[1,10)",16,0.8890624046325684,1.234330177307129,1.234330177307129,True,0.2844999694823308,0.24168693542472733,0,True,True,True,True
seq_0033,4,64,5,bitflip,,exponent,,nonfinite,16,,0.0,,False,,,16,True,True,True,True
seq_0033,4,64,5,bitflip,,mantissa,0.0078125,"[0.001,0.01)",16,0.0022225379943847656,0.002826690673828125,0.002826690673828125,True,0.2844848632448359,0.25687885281135775,0,True,True,True,True
seq_0033,4,256,5,numeric,1e-06,,0.0,"[0,1e-07)",16,0.0,0.0,0.0,False,0.0,0.0,0,False,False,False,False
seq_0033,4,256,5,numeric,1e-05,,0.0,"[0,1e-07)",16,0.0,0.0,0.0,False,0.0,0.0,0,False,False,False,False
seq_0033,4,256,5,numeric,0.0001,,0.0,"[0,1e-07)",16,0.0,0.0,0.0,False,0.0,0.0,0,False,False,False,False
seq_0033,4,256,5,numeric,0.001,,0.0,"[0,1e-07)",16,0.0,0.0,0.0,False,0.0,0.0,0,False,False,False,False
seq_0033,4,256,5,numeric,0.01,,0.0078125,"[0.001,0.01)",16,0.0010247230529785156,0.002913236618041992,0.002913236618041992,True,0.13116455076446093,0.1795654296645156,0,True,True,True,True
seq_0033,4,256,5,numeric,0.1,,0.0625,"[0.01,0.1)",16,0.00820016860961914,0.023305416107177734,0.023305416107177734,True,0.13120269775180698,0.17953491210650244,0,True,True,True,True
seq_0033,4,256,5,bitflip,,sign,1.2265625,"[1,10)",16,0.16092634201049805,0.4573702812194824,0.4573702812194824,True,0.13120109412310163,0.17953899407827717,0,True,True,True,True
seq_0033,4,256,5,bitflip,,exponent,2.086887953382318e+38,"[10,inf)",16,2.738027180336518e+37,2.882133954100583e+37,2.882133954100583e+37,True,0.1312014464360134,0.12429611546218775,11,True,True,True,True
seq_0033,4,256,5,bitflip,,mantissa,0.00390625,"[0.001,0.01)",16,0.0005125999450683594,0.0014564990997314453,0.0014564990997314453,True,0.13122558590390623,0.17944335932906247,0,True,True,True,True
seq_0034,18,64,1,numeric,1e-06,,0.0,"[0,1e-07)",16,0.0,0.0,0.0,False,0.0,0.0,0,False,False,False,False
seq_0034,18,64,1,numeric,1e-05,,0.0,"[0,1e-07)",16,0.0,0.0,0.0,False,0.0,0.0,0,False,False,False,False
seq_0034,18,64,1,numeric,0.0001,,0.0,"[0,1e-07)",16,0.0,0.0,0.0,False,0.0,0.0,0,False,False,False,False
seq_0034,18,64,1,numeric,0.001,,0.0,"[0,1e-07)",16,0.0,0.0,0.0,False,0.0,0.0,0,False,False,False,False
seq_0034,18,64,1,numeric,0.01,,0.0078125,"[0.001,0.01)",16,0.0010627508163452148,0.0010896921157836914,0.0010896921157836914,True,0.13603210447477537,0.09597778319083984,0,True,True,True,True
seq_0034,18,64,1,numeric,0.1,,0.0625,"[0.01,0.1)",16,0.00850224494934082,0.008243083953857422,0.00850224494934082,False,0.13603591918727653,0.07803344726437646,0,True,True,True,True
seq_0034,18,64,1,bitflip,,sign,1.2421875,"[1,10)",16,0.1689814329147339,0.1732701063156128,0.1732701063156128,True,0.13603536737778946,0.09598430897447068,0,True,True,True,True
seq_0034,18,64,1,bitflip,,exponent,2.1134725132980162e+38,"[10,inf)",16,2.8750662949440705e+37,2.2037309600390825e+37,2.8750662949440705e+37,False,0.13603518743934873,0.07872087250715532,0,True,True,True,True
seq_0034,18,64,1,bitflip,,mantissa,0.00390625,"[0.001,0.01)",16,0.000531315803527832,0.0005449056625366211,0.0005449056625366211,True,0.13601684566830466,0.0959472656004375,0,True,True,True,True
seq_0034,18,256,1,numeric,1e-06,,0.0,"[0,1e-07)",16,0.0,0.0,0.0,False,0.0,0.0,0,False,False,False,False
seq_0034,18,256,1,numeric,1e-05,,0.0,"[0,1e-07)",16,0.0,0.0,0.0,False,0.0,0.0,0,False,False,False,False
seq_0034,18,256,1,numeric,0.0001,,0.0,"[0,1e-07)",16,0.0,0.0,0.0,False,0.0,0.0,0,False,False,False,False
seq_0034,18,256,1,numeric,0.001,,0.0,"[0,1e-07)",16,0.0,0.0,0.0,False,0.0,0.0,0,False,False,False,False
seq_0034,18,256,1,numeric,0.01,,0.0078125,"[0.001,0.01)",16,0.001224517822265625,0.0018129348754882812,0.0018129348754882812,True,0.1567382812299375,0.12145996092195312,0,True,True,True,True
seq_0034,18,256,1,numeric,0.1,,0.109375,"[0.1,1)",16,0.017145156860351562,0.025377273559570312,0.025377273559570312,True,0.15675571986463824,0.12152971540067457,0,True,True,True,True
seq_0034,18,256,1,bitflip,,sign,2.15625,"[1,10)",16,0.3379955291748047,0.5002918243408203,0.5002918243408203,True,0.15675154976215555,0.12153382232218095,0,True,True,True,True
seq_0034,18,256,1,bitflip,,exponent,,nonfinite,16,,0.0,,False,,,16,True,True,True,True
seq_0034,18,256,1,bitflip,,mantissa,0.0078125,"[0.001,0.01)",16,0.001224517822265625,0.001811981201171875,0.001811981201171875,True,0.1567382812299375,0.12158203123443749,0,True,True,True,True
seq_0035,31,64,1,numeric,1e-06,,0.0,"[0,1e-07)",16,0.0,0.0,0.0,False,0.0,0.0,0,False,False,False,False
seq_0035,31,64,1,numeric,1e-05,,0.0,"[0,1e-07)",16,0.0,0.0,0.0,False,0.0,0.0,0,False,False,False,False
seq_0035,31,64,1,numeric,0.0001,,0.0,"[0,1e-07)",16,0.0,0.0,0.0,False,0.0,0.0,0,False,False,False,False
seq_0035,31,64,1,numeric,0.001,,0.0,"[0,1e-07)",16,0.0,0.0,0.0,False,0.0,0.0,0,False,False,False,False
seq_0035,31,64,1,numeric,0.01,,0.00390625,"[0.001,0.01)",16,0.0001220703125,0.00038242340087890625,0.00038242340087890625,True,0.031249999991999997,0.04907226561243749,0,True,True,True,True
seq_0035,31,64,1,numeric,0.1,,0.05859375,"[0.01,0.1)",16,0.0018215179443359375,0.00574493408203125,0.00574493408203125,True,0.031087239582802777,0.04903971354082972,0,True,True,True,True
seq_0035,31,64,1,bitflip,,sign,1.1484375,"[1,10)",16,0.03568744659423828,0.1126108169555664,0.1126108169555664,True,0.03107478342896954,0.04902825387963418,0,True,True,True,True
seq_0035,31,64,1,bitflip,,exponent,1.9539651538038263e+38,"[10,inf)",16,6.071756716931067e+36,1.9159765555583548e+37,1.9159765555583548e+37,True,0.031074027625881896,0.04902791003791653,0,True,True,True,True
seq_0035,31,64,1,bitflip,,mantissa,0.00390625,"[0.001,0.01)",16,0.0001220703125,0.00038242340087890625,0.00038242340087890625,True,0.031249999991999997,0.04907226561243749,0,True,True,True,True
seq_0035,31,256,1,numeric,1e-06,,0.0,"[0,1e-07)",16,0.0,0.0,0.0,False,0.0,0.0,0,False,False,False,False
seq_0035,31,256,1,numeric,1e-05,,0.0,"[0,1e-07)",16,0.0,0.0,0.0,False,0.0,0.0,0,False,False,False,False
seq_0035,31,256,1,numeric,0.0001,,0.0,"[0,1e-07)",16,0.0,0.0,0.0,False,0.0,0.0,0,False,False,False,False
seq_0035,31,256,1,numeric,0.001,,0.0,"[0,1e-07)",16,0.0,0.0,0.0,False,0.0,0.0,0,False,False,False,False
seq_0035,31,256,1,numeric,0.01,,0.0078125,"[0.001,0.01)",16,0.00025653839111328125,0.0008525848388671875,0.0008525848388671875,True,0.032836914058296876,0.07019042967851562,0,True,True,True,True
seq_0035,31,256,1,numeric,0.1,,0.06640625,"[0.01,0.1)",16,0.0021905899047851562,0.007245063781738281,0.007245063781738281,True,0.03298770680097383,0.07008272058717993,0,True,True,True,True
seq_0035,31,256,1,bitflip,,sign,1.34375,"[1,10)",16,0.044307708740234375,0.14011383056640625,0.14011383056640625,True,0.03297317859735918,0.07008894099740423,0,True,True,True,True
seq_0035,31,256,1,bitflip,,exponent,2.2862721527500553e+38,"[10,inf)",16,7.538524169015445e+36,1.270892616638313e+37,1.270892616638313e+37,True,0.032972995624985804,0.04281310425248257,0,True,True,True,True
seq_0035,31,256,1,bitflip,,mantissa,0.00390625,"[0.001,0.01)",16,0.00012874603271484375,0.00042629241943359375,0.00042629241943359375,True,0.0329589843665625,0.070312499982,0,True,True,True,True
seq_0036,4,64,4,numeric,1e-06,,0.0,"[0,1e-07)",16,0.0,0.0,0.0,False,0.0,0.0,0,False,False,False,False
seq_0036,4,64,4,numeric,1e-05,,0.0,"[0,1e-07)",16,0.0,0.0,0.0,False,0.0,0.0,0,False,False,False,False
seq_0036,4,64,4,numeric,0.0001,,0.0,"[0,1e-07)",16,0.0,0.0,0.0,False,0.0,0.0,0,False,False,False,False
seq_0036,4,64,4,numeric,0.001,,0.0,"[0,1e-07)",16,0.0,0.0,0.0,False,0.0,0.0,0,False,False,False,False
seq_0036,4,64,4,numeric,0.01,,0.001953125,"[0.001,0.01)",16,0.0015861988067626953,0.0020068585872650146,0.0020068585872650146,True,0.8121337886466875,0.9390869135816875,0,True,True,True,True
seq_0036,4,64,4,numeric,0.1,,0.0234375,"[0.01,0.1)",16,0.019032955169677734,0.024082422256469727,0.024082422256469727,True,0.8120727538716016,0.939117431600556,0,True,True,True,True
seq_0036,4,64,4,bitflip,,sign,0.474609375,"[0.1,1)",16,0.38541507720947266,0.4876680374145508,0.4876680374145508,True,0.8120679816083713,0.9391260971237929,0,True,True,True,True
seq_0036,4,64,4,bitflip,,exponent,8.075060074393364e+37,"[10,inf)",16,,0.0,,False,,,16,True,True,True,True
seq_0036,4,64,4,bitflip,,mantissa,0.0009765625,"[0.0001,0.001)",16,0.0007929801940917969,0.0010034441947937012,0.0010034441947937012,True,0.8120117179185,0.9389648427885,0,True,True,True,True
seq_0036,4,256,4,numeric,1e-06,,0.0,"[0,1e-07)",16,0.0,0.0,0.0,False,0.0,0.0,0,False,False,False,False
seq_0036,4,256,4,numeric,1e-05,,0.0,"[0,1e-07)",16,0.0,0.0,0.0,False,0.0,0.0,0,False,False,False,False
seq_0036,4,256,4,numeric,0.0001,,0.0,"[0,1e-07)",16,0.0,0.0,0.0,False,0.0,0.0,0,False,False,False,False
seq_0036,4,256,4,numeric,0.001,,0.0,"[0,1e-07)",16,0.0,0.0,0.0,False,0.0,0.0,0,False,False,False,False
seq_0036,4,256,4,numeric,0.01,,0.00390625,"[0.001,0.01)",16,0.0006958842277526855,0.0009548813104629517,0.0009548813104629517,True,0.178146362259082,0.1401786803840361,0,True,True,True,True
seq_0036,4,256,4,numeric,0.1,,0.0390625,"[0.01,0.1)",16,0.006959319114685059,0.009548783302307129,0.009548783302307129,True,0.17815856933137664,0.14017829894660674,0,True,True,True,True
seq_0036,4,256,4,bitflip,,sign,0.79296875,"[0.1,1)",16,0.14127355813980103,0.1938403993844986,0.1938403993844986,True,0.17815778760464757,0.14017837975395075,0,True,True,True,True
seq_0036,4,256,4,bitflip,,exponent,1.3491664157216896e+38,"[10,inf)",16,2.403644783827595e+37,1.751493058985981e+37,2.403644783827595e+37,False,0.1781577688132601,0.08976941038235067,0,True,True,True,True
seq_0036,4,256,4,bitflip,,mantissa,0.001953125,"[0.001,0.01)",16,0.00034797191619873047,0.0004774332046508789,0.0004774332046508789,True,0.17816162100253125,0.14017486565088672,0,True,True,True,True
seq_0037,18,64,7,numeric,1e-06,,0.0,"[0,1e-07)",16,0.0,0.0,0.0,False,0.0,0.0,0,False,False,False,False
seq_0037,18,64,7,numeric,1e-05,,0.0,"[0,1e-07)",16,0.0,0.0,0.0,False,0.0,0.0,0,False,False,False,False
seq_0037,18,64,7,numeric,0.0001,,0.0,"[0,1e-07)",16,0.0,0.0,0.0,False,0.0,0.0,0,False,False,False,False
seq_0037,18,64,7,numeric,0.001,,0.0,"[0,1e-07)",16,0.0,0.0,0.0,False,0.0,0.0,0,False,False,False,False
seq_0037,18,64,7,numeric,0.01,,0.015625,"[0.01,0.1)",16,0.0017371773719787598,0.004294395446777344,0.004294395446777344,True,0.11117935179952515,0.1387939453036172,0,True,True,True,True
seq_0037,18,64,7,numeric,0.1,,0.15625,"[0.1,1)",16,0.01737123727798462,0.04294252395629883,0.04294252395629883,True,0.11117591857839003,0.1387969970694242,0,True,True,True,True
seq_0037,18,64,7,bitflip,,sign,3.0625,"[1,10)",16,0.3404764235019684,0.8416745662689209,0.8416745662689209,True,0.11117597502101459,0.13879729290393267,0,True,True,True,True
seq_0037,18,64,7,bitflip,,exponent,,nonfinite,16,,0.0,,False,,,16,True,True,True,True
seq_0037,18,64,7,bitflip,,mantissa,0.0078125,"[0.001,0.01)",16,0.0008685588836669922,0.002147197723388672,0.002147197723388672,True,0.11117553709514452,0.13879394529473438,0,True,True,True,True
seq_0037,18,256,7,numeric,1e-06,,0.0,"[0,1e-07)",16,0.0,0.0,0.0,False,0.0,0.0,0,False,False,False,False
seq_0037,18,256,7,numeric,1e-05,,0.0,"[0,1e-07)",16,0.0,0.0,0.0,False,0.0,0.0,0,False,False,False,False
seq_0037,18,256,7,numeric,0.0001,,0.0,"[0,1e-07)",16,0.0,0.0,0.0,False,0.0,0.0,0,False,False,False,False
seq_0037,18,256,7,numeric,0.001,,0.0,"[0,1e-07)",16,0.0,0.0,0.0,False,0.0,0.0,0,False,False,False,False
seq_0037,18,256,7,numeric,0.01,,0.0009765625,"[0.0001,0.001)",16,6.4849853515625e-05,0.00011599063873291016,0.00011599063873291016,True,0.066406249932,0.0834960936645,0,True,True,True,True
seq_0037,18,256,7,numeric,0.1,,0.01171875,"[0.01,0.1)",16,0.0007770061492919922,0.0013918876647949219,0.0013918876647949219,True,0.06630452473392534,0.08390299478450694,0,True,True,True,True
seq_0037,18,256,7,bitflip,,sign,0.2373046875,"[0.1,1)",16,0.015731334686279297,0.028185129165649414,0.028185129165649414,True,0.06629171489169595,0.08389797132166292,0,True,True,True,True
seq_0037,18,256,7,bitflip,,exponent,4.037530037196682e+37,"[10,inf)",16,2.676529520002586e+36,4.7954486969285786e+36,4.7954486969285786e+36,True,0.06629125964003826,0.08389987867064927,0,True,True,True,True
seq_0037,18,256,7,bitflip,,mantissa,0.00048828125,"[0.0001,0.001)",16,3.24249267578125e-05,5.805492401123047e-05,5.805492401123047e-05,True,0.066406249864,0.083496093579,0,True,True,True,True
seq_0038,31,64,0,numeric,1e-06,,0.0,"[0,1e-07)",16,0.0,0.0,0.0,False,0.0,0.0,0,False,False,False,False
seq_0038,31,64,0,numeric,1e-05,,0.0,"[0,1e-07)",16,0.0,0.0,0.0,False,0.0,0.0,0,False,False,False,False
seq_0038,31,64,0,numeric,0.0001,,0.0,"[0,1e-07)",16,0.0,0.0,0.0,False,0.0,0.0,0,False,False,False,False
seq_0038,31,64,0,numeric,0.001,,0.0,"[0,1e-07)",16,0.0,0.0,0.0,False,0.0,0.0,0,False,False,False,False
seq_0038,31,64,0,numeric,0.01,,0.015625,"[0.01,0.1)",16,0.004984855651855469,0.007552623748779297,0.007552623748779297,True,0.31903076169833205,0.3535461425554981,0,True,True,True,True
seq_0038,31,64,0,numeric,0.1,,0.1640625,"[0.1,1)",16,0.05234026908874512,0.07930374145507812,0.07930374145507812,True,0.3190264020627876,0.35355340866599977,0,True,True,True,True
seq_0038,31,64,0,bitflip,,sign,3.234375,"[1,10)",16,1.0318520069122314,1.5634121894836426,1.5634121894836426,True,0.31902670745102607,0.3535533665457844,0,True,True,True,True
seq_0038,31,64,0,bitflip,,exponent,,nonfinite,16,,0.0,,False,,,16,True,True,True,True
seq_0038,31,64,0,bitflip,,mantissa,0.0078125,"[0.001,0.01)",16,0.0024924278259277344,0.003776073455810547,0.003776073455810547,True,0.31903076167791405,0.35351562495475,0,True,True,True,True
seq_0038,31,256,0,numeric,1e-06,,0.0,"[0,1e-07)",16,0.0,0.0,0.0,False,0.0,0.0,0,False,False,False,False
seq_0038,31,256,0,numeric,1e-05,,0.0,"[0,1e-07)",16,0.0,0.0,0.0,False,0.0,0.0,0,False,False,False,False
seq_0038,31,256,0,numeric,0.0001,,0.0,"[0,1e-07)",16,0.0,0.0,0.0,False,0.0,0.0,0,False,False,False,False
seq_0038,31,256,0,numeric,0.001,,0.0,"[0,1e-07)",16,0.0,0.0,0.0,False,0.0,0.0,0,False,False,False,False
seq_0038,31,256,0,numeric,0.01,,0.03125,"[0.01,0.1)",16,0.0026865005493164062,0.0045316219329833984,0.0045316219329833984,True,0.08596801757537403,0.08457946777073096,0,True,True,True,True
seq_0038,31,256,0,numeric,0.1,,0.375,"[0.1,1)",16,0.032239437103271484,0.05437946319580078,0.05437946319580078,True,0.08597183227516138,0.0845909118650088,0,True,True,True,True
seq_0038,31,256,0,bitflip,,sign,7.5,"[1,10)",16,0.6447861194610596,1.0875910520553589,1.0875910520553589,True,0.08597148259479648,0.08459040323892102,0,True,True,True,True
seq_0038,31,256,0,bitflip,,exponent,3.75,"[1,10)",16,0.32239294052124023,0.5437954664230347,0.5437954664230347,True,0.08597145080564113,0.08459040323890973,0,True,True,True,True
seq_0038,31,256,0,bitflip,,mantissa,0.015625,"[0.01,0.1)",16,0.0013432502746582031,0.0022658109664916992,0.0022658109664916992,True,0.08596801757262305,0.08459472655708594,0,True,True,True,True
seq_0039,4,64,5,numeric,1e-06,,0.0,"[0,1e-07)",16,0.0,0.0,0.0,False,0.0,0.0,0,False,False,False,False
seq_0039,4,64,5,numeric,1e-05,,0.0,"[0,1e-07)",16,0.0,0.0,0.0,False,0.0,0.0,0,False,False,False,False
seq_0039,4,64,5,numeric,0.0001,,0.0,"[0,1e-07)",16,0.0,0.0,0.0,False,0.0,0.0,0,False,False,False,False
seq_0039,4,64,5,numeric,0.001,,0.0,"[0,1e-07)",16,0.0,0.0,0.0,False,0.0,0.0,0,False,False,False,False
seq_0039,4,64,5,numeric,0.01,,0.0625,"[0.01,0.1)",16,0.0006690025329589844,0.0010900497436523438,0.0010900497436523438,True,0.010704040527172484,0.011005401611152038,0,True,True,True,True
seq_0039,4,64,5,numeric,0.1,,0.75,"[0.1,1)",16,0.008027434349060059,0.013077259063720703,0.013077259063720703,True,0.010703245798732474,0.011005401611313451,0,True,True,True,True
seq_0039,4,64,5,bitflip,,sign,14.625,"[10,inf)",16,0.15653538703918457,0.2550010681152344,0.2550010681152344,True,0.01070327432746488,0.011005385309202306,0,True,True,True,True
seq_0039,4,64,5,bitflip,,exponent,7.3125,"[1,10)",16,0.07826769351959229,0.1275005340576172,0.1275005340576172,True,0.010703274327464148,0.011005385309201553,0,True,True,True,True
seq_0039,4,64,5,bitflip,,mantissa,0.03125,"[0.01,0.1)",16,0.0003345012664794922,0.0005450248718261719,0.0005450248718261719,True,0.010704040527001222,0.011005401610975952,0,True,True,True,True
seq_0039,4,256,5,numeric,1e-06,,0.0,"[0,1e-07)",16,0.0,0.0,0.0,False,0.0,0.0,0,False,False,False,False
seq_0039,4,256,5,numeric,1e-05,,0.0,"[0,1e-07)",16,0.0,0.0,0.0,False,0.0,0.0,0,False,False,False,False
seq_0039,4,256,5,numeric,0.0001,,0.0,"[0,1e-07)",16,0.0,0.0,0.0,False,0.0,0.0,0,False,False,False,False
seq_0039,4,256,5,numeric,0.001,,0.0,"[0,1e-07)",16,0.0,0.0,0.0,False,0.0,0.0,0,False,False,False,False
seq_0039,4,256,5,numeric,0.01,,0.0625,"[0.01,0.1)",16,0.0026111602783203125,0.00820016860961914,0.00820016860961914,True,0.04177856445245654,0.0718154907215072,0,True,True,True,True
seq_0039,4,256,5,numeric,0.1,,0.65625,"[0.1,1)",16,0.027416229248046875,0.08610105514526367,0.08610105514526367,True,0.04177711123505539,0.0718155815486722,0,True,True,True,True
seq_0039,4,256,5,bitflip,,sign,13.0,"[10,inf)",16,0.5431046485900879,1.7056188583374023,1.7056188583374023,True,0.04177728066077278,0.07181553657237748,0,True,True,True,True
seq_0039,4,256,5,bitflip,,exponent,6.5,"[1,10)",16,0.27155256271362305,0.8528094291687012,0.8528094291687012,True,0.041777317340550964,0.0718155457423173,0,True,True,True,True
seq_0039,4,256,5,bitflip,,mantissa,0.03125,"[0.01,0.1)",16,0.0013055801391601562,0.004099845886230469,0.004099845886230469,True,0.04177856445178809,0.07181549072035816,0,True,True,True,True
seq_0040,18,64,1,numeric,1e-06,,0.0,"[0,1e-07)",16,0.0,0.0,0.0,False,0.0,0.0,0,False,False,False,False
seq_0040,18,64,1,numeric,1e-05,,0.0,"[0,1e-07)",16,0.0,0.0,0.0,False,0.0,0.0,0,False,False,False,False
seq_0040,18,64,1,numeric,0.0001,,0.0,"[0,1e-07)",16,0.0,0.0,0.0,False,0.0,0.0,0,False,False,False,False
seq_0040,18,64,1,numeric,0.001,,0.0,"[0,1e-07)",16,0.0,0.0,0.0,False,0.0,0.0,0,False,False,False,False
seq_0040,18,64,1,numeric,0.01,,0.015625,"[0.01,0.1)",16,0.0010788440704345703,0.0023088455200195312,0.0023088455200195312,True,0.06904602050339356,0.08563232421326954,0,True,True,True,True
seq_0040,18,64,1,numeric,0.1,,0.1328125,"[0.1,1)",16,0.009171247482299805,0.02201080322265625,0.02201080322265625,True,0.06905409868973741,0.07181683708585632,0,True,True,True,True
seq_0040,18,64,1,bitflip,,sign,2.703125,"[1,10)",16,0.1866600513458252,0.39945244789123535,0.39945244789123535,True,0.06905342939958609,0.08562615014221904,0,True,True,True,True
seq_0040,18,64,1,bitflip,,exponent,,nonfinite,16,,0.0,,False,,,16,True,True,True,True
seq_0040,18,64,1,bitflip,,mantissa,0.0078125,"[0.001,0.01)",16,0.0005395412445068359,0.0012946128845214844,0.0012946128845214844,True,0.06906127928803515,0.07183837889705469,0,True,True,True,True
seq_0040,18,256,1,numeric,1e-06,,0.0,"[0,1e-07)",16,0.0,0.0,0.0,False,0.0,0.0,0,False,False,False,False
seq_0040,18,256,1,numeric,1e-05,,0.0,"[0,1e-07)",16,0.0,0.0,0.0,False,0.0,0.0,0,False,False,False,False
seq_0040,18,256,1,numeric,0.0001,,0.0,"[0,1e-07)",16,0.0,0.0,0.0,False,0.0,0.0,0,False,False,False,False
seq_0040,18,256,1,numeric,0.001,,0.0,"[0,1e-07)",16,0.0,0.0,0.0,False,0.0,0.0,0,False,False,False,False
seq_0040,18,256,1,numeric,0.01,,0.00390625,"[0.001,0.01)",16,0.0007495880126953125,0.0009393692016601562,0.0009393692016601562,True,0.191894531200875,0.16088867183381247,0,True,True,True,True
seq_0040,18,256,1,numeric,0.1,,0.03125,"[0.01,0.1)",16,0.0059986114501953125,0.0075092315673828125,0.0075092315673828125,True,0.19195556640010744,0.16088867186985156,0,True,True,True,True
seq_0040,18,256,1,bitflip,,sign,0.6171875,"[0.1,1)",16,0.11848068237304688,0.1483144760131836,0.1483144760131836,True,0.19196870055348644,0.16089485265005576,0,True,True,True,True
seq_0040,18,256,1,bitflip,,exponent,1.0500901166700835e+38,"[10,inf)",16,2.0158415627840946e+37,2.523427624344361e+37,2.523427624344361e+37,True,0.19196843497360808,0.16089440599272523,0,True,True,True,True
seq_0040,18,256,1,bitflip,,mantissa,0.001953125,"[0.001,0.01)",16,0.00037479400634765625,0.000469207763671875,0.000469207763671875,True,0.19189453115175,0.16064453116775,0,True,True,True,True
seq_0041,31,64,1,numeric,1e-06,,0.0,"[0,1e-07)",16,0.0,0.0,0.0,False,0.0,0.0,0,False,False,False,False
seq_0041,31,64,1,numeric,1e-05,,0.0,"[0,1e-07)",16,0.0,0.0,0.0,False,0.0,0.0,0,False,False,False,False
seq_0041,31,64,1,numeric,0.0001,,0.0,"[0,1e-07)",16,0.0,0.0,0.0,False,0.0,0.0,0,False,False,False,False
seq_0041,31,64,1,numeric,0.001,,0.0,"[0,1e-07)",16,0.0,0.0,0.0,False,0.0,0.0,0,False,False,False,False
seq_0041,31,64,1,numeric,0.01,,0.00390625,"[0.001,0.01)",16,9.1552734375e-05,0.00038814544677734375,0.00038814544677734375,True,0.023437499993999997,0.07543945310568749,0,True,True,True,True
seq_0041,31,64,1,numeric,0.1,,0.044921875,"[0.01,0.1)",16,0.0010466575622558594,0.004466056823730469,0.004466056823730469,True,0.02329950747230742,0.07561990488962099,0,True,True,True,True
seq_0041,31,64,1,bitflip,,sign,0.8984375,"[0.1,1)",16,0.020938873291015625,0.08933734893798828,0.08933734893798828,True,0.02330587635866971,0.07561353600535062,0,True,True,True,True
seq_0041,31,64,1,bitflip,,exponent,1.5286121951526533e+38,"[10,inf)",16,3.562510489999049e+36,1.5200044672819235e+37,1.5200044672819235e+37,True,0.023305521840634554,0.07561346966287365,0,True,True,True,True
seq_0041,31,64,1,bitflip,,mantissa,0.001953125,"[0.001,0.01)",16,4.57763671875e-05,0.000194549560546875,0.000194549560546875,True,0.023437499988000002,0.0751953124615,0,True,True,True,True
seq_0041,31,256,1,numeric,1e-06,,0.0,"[0,1e-07)",16,0.0,0.0,0.0,False,0.0,0.0,0,False,False,False,False
seq_0041,31,256,1,numeric,1e-05,,0.0,"[0,1e-07)",16,0.0,0.0,0.0,False,0.0,0.0,0,False,False,False,False
seq_0041,31,256,1,numeric,0.0001,,0.0,"[0,1e-07)",16,0.0,0.0,0.0,False,0.0,0.0,0,False,False,False,False
seq_0041,31,256,1,numeric,0.001,,0.0,"[0,1e-07)",16,0.0,0.0,0.0,False,0.0,0.0,0,False,False,False,False
seq_0041,31,256,1,numeric,0.01,,0.00390625,"[0.001,0.01)",16,0.00018739700317382812,0.0004968643188476562,0.0004968643188476562,True,0.04797363280021875,0.060546874984499996,0,True,True,True,True
seq_0041,31,256,1,numeric,0.1,,0.0546875,"[0.01,0.1)",16,0.00262451171875,0.0069484710693359375,0.0069484710693359375,True,0.04799107142769388,0.06042480468639509,0,True,True,True,True
seq_0041,31,256,1,bitflip,,sign,1.125,"[1,10)",16,0.05399131774902344,0.14294052124023438,0.14294052124023438,True,0.04799228244353373,0.06042226155593587,0,True,True,True,True
seq_0041,31,256,1,bitflip,,exponent,1.914088313930279e+38,"[10,inf)",16,9.18611373949348e+36,9.384374927194475e+36,9.384374927194475e+36,True,0.04799211025238037,0.037634101178911,0,True,True,True,True
seq_0041,31,256,1,bitflip,,mantissa,0.00390625,"[0.001,0.01)",16,0.00018739700317382812,0.00049591064453125,0.00049591064453125,True,0.04797363280021875,0.060302734359562495,0,True,True,True,True
seq_0042,4,64,4,numeric,1e-06,,0.0,"[0,1e-07)",16,0.0,0.0,0.0,False,0.0,0.0,0,False,False,False,False
seq_0042,4,64,4,numeric,1e-05,,0.0,"[0,1e-07)",16,0.0,0.0,0.0,False,0.0,0.0,0,False,False,False,False
seq_0042,4,64,4,numeric,0.0001,,0.0,"[0,1e-07)",16,0.0,0.0,0.0,False,0.0,0.0,0,False,False,False,False
seq_0042,4,64,4,numeric,0.001,,0.0,"[0,1e-07)",16,0.0,0.0,0.0,False,0.0,0.0,0,False,False,False,False
seq_0042,4,64,4,numeric,0.01,,0.001953125,"[0.001,0.01)",16,0.00015652179718017578,0.0007175058126449585,0.0007175058126449585,True,0.08013916011521875,0.1435546874265,0,True,True,True,True
seq_0042,4,64,4,numeric,0.1,,0.021484375,"[0.01,0.1)",16,0.0017209053039550781,0.007892593741416931,0.007892593741416931,True,0.08010031959854443,0.14363236860126913,0,True,True,True,True
seq_0042,4,64,4,bitflip,,sign,0.4375,"[0.1,1)",16,0.03504467010498047,0.1607217639684677,0.1607217639684677,True,0.08010210309691512,0.1436309814449842,0,True,True,True,True
seq_0042,4,64,4,bitflip,,exponent,7.443676776395529e+37,"[10,inf)",16,5.962529602962401e+36,2.73453936647505e+37,2.73453936647505e+37,True,0.08010194131306239,0.14363106659480504,0,True,True,True,True
seq_0042,4,64,4,bitflip,,mantissa,0.0009765625,"[0.0001,0.001)",16,7.82012939453125e-05,0.00035876035690307617,0.00035876035690307617,True,0.080078124918,0.14379882797775,0,True,True,True,True
seq_0042,4,256,4,numeric,1e-06,,0.0,"[0,1e-07)",16,0.0,0.0,0.0,False,0.0,0.0,0,False,False,False,False
seq_0042,4,256,4,numeric,1e-05,,0.0,"[0,1e-07)",16,0.0,0.0,0.0,False,0.0,0.0,0,False,False,False,False
seq_0042,4,256,4,numeric,0.0001,,0.0,"[0,1e-07)",16,0.0,0.0,0.0,False,0.0,0.0,0,False,False,False,False
seq_0042,4,256,4,numeric,0.001,,0.0,"[0,1e-07)",16,0.0,0.0,0.0,False,0.0,0.0,0,False,False,False,False
seq_0042,4,256,4,numeric,0.01,,0.00390625,"[0.001,0.01)",16,0.0005987882614135742,0.0008146762847900391,0.0008146762847900391,True,0.1532897948826328,0.12152099606264061,0,True,True,True,True
seq_0042,4,256,4,numeric,0.1,,0.0546875,"[0.01,0.1)",16,0.008383512496948242,0.01215982437133789,0.01215982437133789,True,0.15329851422710755,0.12291608537721668,0,True,True,True,True
seq_0042,4,256,4,bitflip,,sign,1.1015625,"[1,10)",16,0.16886794567108154,0.2449345588684082,0.2449345588684082,True,0.1532985606090696,0.12291506503479532,0,True,True,True,True
seq_0042,4,256,4,bitflip,,exponent,1.8742114740567314e+38,"[10,inf)",16,2.8731387054413635e+37,3.0025594934716646e+37,3.0025594934716646e+37,True,0.15329853355461823,0.15329853355461823,11,True,True,True,True
seq_0042,4,256,4,bitflip,,mantissa,0.00390625,"[0.001,0.01)",16,0.0005987882614135742,0.0008685588836669922,0.0008685588836669922,True,0.1532897948826328,0.12292480465603124,0,True,True,True,True
seq_0043,18,64,7,numeric,1e-06,,0.0,"[0,1e-07)",16,0.0,0.0,0.0,False,0.0,0.0,0,False,False,False,False
seq_0043,18,64,7,numeric,1e-05,,0.0,"[0,1e-07)",16,0.0,0.0,0.0,False,0.0,0.0,0,False,False,False,False
seq_0043,18,64,7,numeric,0.0001,,0.0,"[0,1e-07)",16,0.0,0.0,0.0,False,0.0,0.0,0,False,False,False,False
seq_0043,18,64,7,numeric,0.001,,0.0,"[0,1e-07)",16,0.0,0.0,0.0,False,0.0,0.0,0,False,False,False,False
seq_0043,18,64,7,numeric,0.01,,0.0009765625,"[0.0001,0.001)",16,5.7220458984375e-06,7.534027099609375e-05,7.534027099609375e-05,True,0.005859374994,0.053710937445,0,False,True,True,True
seq_0043,18,64,7,numeric,0.1,,0.00927734375,"[0.001,0.01)",16,5.173683166503906e-05,0.0007147789001464844,0.0007147789001464844,True,0.00557668585466205,0.053865131573141274,0,True,True,True,True
seq_0043,18,64,7,bitflip,,sign,0.1865234375,"[0.1,1)",16,0.0010383129119873047,0.014361381530761719,0.014361381530761719,True,0.005566661894603663,0.05386432427981593,0,True,True,True,True
seq_0043,18,64,7,bitflip,,exponent,3.1735318399364866e+37,"[10,inf)",16,1.766841701148198e+35,2.487274672903562e+36,2.487274672903562e+36,True,0.005567430201625325,0.05904065376801017,0,True,True,True,True
seq_0043,18,64,7,bitflip,,mantissa,0.00048828125,"[0.0001,0.001)",16,2.86102294921875e-06,3.7670135498046875e-05,3.7670135498046875e-05,True,0.005859374988,0.054687499888,0,False,True,True,True
seq_0043,18,256,7,numeric,1e-06,,0.0,"[0,1e-07)",16,0.0,0.0,0.0,False,0.0,0.0,0,False,False,False,False
seq_0043,18,256,7,numeric,1e-05,,0.0,"[0,1e-07)",16,0.0,0.0,0.0,False,0.0,0.0,0,False,False,False,False
seq_0043,18,256,7,numeric,0.0001,,0.0,"[0,1e-07)",16,0.0,0.0,0.0,False,0.0,0.0,0,False,False,False,False
seq_0043,18,256,7,numeric,0.001,,0.0,"[0,1e-07)",16,0.0,0.0,0.0,False,0.0,0.0,0,False,False,False,False
seq_0043,18,256,7,numeric,0.01,,0.000244140625,"[0.0001,0.001)",16,2.09808349609375e-05,7.88569450378418e-05,7.88569450378418e-05,True,0.085937499648,0.08789062464,0,True,True,True,True
seq_0043,18,256,7,numeric,0.1,,0.0023193359375,"[0.001,0.01)",16,0.0001983642578125,0.0007495880126953125,0.0007495880126953125,True,0.08552631575259834,0.087787828909518,0,True,True,True,True
seq_0043,18,256,7,bitflip,,sign,0.046875,"[0.01,0.1)",16,0.004013538360595703,0.015148639678955078,0.015148639678955078,True,0.08562215169088173,0.08769734700333746,0,True,True,True,True
seq_0043,18,256,7,bitflip,,exponent,7.975367974709495e+36,"[10,inf)",16,6.829005708542128e+35,2.577398767695763e+36,2.577398767695763e+36,True,0.08562621474266052,0.08769781390825908,0,True,True,True,True
seq_0043,18,256,7,bitflip,,mantissa,0.0001220703125,"[0.0001,0.001)",16,1.0967254638671875e-05,3.93986701965332e-05,3.93986701965332e-05,True,0.089843749264,0.089843749264,0,False,False,True,True
seq_0044,31,64,0,numeric,1e-06,,0.0,"[0,1e-07)",16,0.0,0.0,0.0,False,0.0,0.0,0,False,False,False,False
seq_0044,31,64,0,numeric,1e-05,,0.0,"[0,1e-07)",16,0.0,0.0,0.0,False,0.0,0.0,0,False,False,False,False
seq_0044,31,64,0,numeric,0.0001,,0.0,"[0,1e-07)",16,0.0,0.0,0.0,False,0.0,0.0,0,False,False,False,False
seq_0044,31,64,0,numeric,0.001,,0.0,"[0,1e-07)",16,0.0,0.0,0.0,False,0.0,0.0,0,False,False,False,False
seq_0044,31,64,0,numeric,0.01,,0.00390625,"[0.001,0.01)",16,8.511543273925781e-05,0.000469207763671875,0.000469207763671875,True,0.021789550775671872,0.06384277342115624,0,True,True,True,True
seq_0044,31,64,0,numeric,0.1,,0.0390625,"[0.01,0.1)",16,0.0008494853973388672,0.004693508148193359,0.004693508148193359,True,0.021746826171318283,0.06387329101398985,0,True,True,True,True
seq_0044,31,64,0,bitflip,,sign,0.7890625,"[0.1,1)",16,0.017163753509521484,0.09480810165405273,0.09480810165405273,True,0.021752083655603622,0.06387419747826063,0,True,True,True,True
seq_0044,31,64,0,bitflip,,exponent,1.342520275742765e+38,"[10,inf)",16,2.920225840516961e+36,1.6130771490615204e+37,1.6130771490615204e+37,True,0.021751819270672185,0.06387439104590086,0,True,True,True,True
seq_0044,31,64,0,bitflip,,mantissa,0.001953125,"[0.001,0.01)",16,4.2438507080078125e-05,0.0002346038818359375,0.0002346038818359375,True,0.021728515613875,0.06396484371725,0,True,True,True,True
seq_0044,31,256,0,numeric,1e-06,,0.0,"[0,1e-07)",16,0.0,0.0,0.0,False,0.0,0.0,0,False,False,False,False
seq_0044,31,256,0,numeric,1e-05,,0.0,"[0,1e-07)",16,0.0,0.0,0.0,False,0.0,0.0,0,False,False,False,False
seq_0044,31,256,0,numeric,0.0001,,0.0,"[0,1e-07)",16,0.0,0.0,0.0,False,0.0,0.0,0,False,False,False,False
seq_0044,31,256,0,numeric,0.001,,0.0,"[0,1e-07)",16,0.0,0.0,0.0,False,0.0,0.0,0,False,False,False,False
seq_0044,31,256,0,numeric,0.01,,0.0078125,"[0.001,0.01)",16,0.00013828277587890625,0.0016942024230957031,0.0016942024230957031,True,0.017700195310234375,0.10910034178291016,0,True,True,True,True
seq_0044,31,256,0,numeric,0.1,,0.07421875,"[0.01,0.1)",16,0.0013136863708496094,0.016092300415039062,0.016092300415039062,True,0.01770019531226151,0.10910194798372735,0,True,True,True,True
seq_0044,31,256,0,bitflip,,sign,1.5234375,"[1,10)",16,0.02695751190185547,0.3303232192993164,0.3303232192993164,True,0.01769518729966787,0.1091042543068194,0,True,True,True,True
seq_0044,31,256,0,bitflip,,exponent,2.591994591780586e+38,"[10,inf)",16,4.586517060300162e+36,2.3268183121405233e+37,2.3268183121405233e+37,True,0.017694932986528446,0.058695387228941305,9,True,True,True,True
seq_0044,31,256,0,bitflip,,mantissa,0.00390625,"[0.001,0.01)",16,6.914138793945312e-05,0.00084686279296875,0.00084686279296875,True,0.01770019530796875,0.10906982419082811,0,True,True,True,True
seq_0045,4,64,5,numeric,1e-06,,0.0,"[0,1e-07)",16,0.0,0.0,0.0,False,0.0,0.0,0,False,False,False,False
seq_0045,4,64,5,numeric,1e-05,,0.0,"[0,1e-07)",16,0.0,0.0,0.0,False,0.0,0.0,0,False,False,False,False
seq_0045,4,64,5,numeric,0.0001,,0.0,"[0,1e-07)",16,0.0,0.0,0.0,False,0.0,0.0,0,False,False,False,False
seq_0045,4,64,5,numeric,0.001,,0.0,"[0,1e-07)",16,0.0,0.0,0.0,False,0.0,0.0,0,False,False,False,False
seq_0045,4,64,5,numeric,0.01,,0.0078125,"[0.001,0.01)",16,0.000728607177734375,0.001132965087890625,0.001132965087890625,True,0.0932617187380625,0.0814819335833203,0,True,True,True,True
seq_0045,4,64,5,numeric,0.1,,0.08984375,"[0.01,0.1)",16,0.008375167846679688,0.013028621673583984,0.013028621673583984,True,0.093219259509832,0.08148193359284306,0,True,True,True,True
seq_0045,4,64,5,bitflip,,sign,1.7734375,"[1,10)",16,0.16532325744628906,0.2571702003479004,0.2571702003479004,True,0.09322192490358179,0.08148300910306529,0,True,True,True,True
seq_0045,4,64,5,bitflip,,exponent,3.017347550431759e+38,"[10,inf)",16,2.812834284617426e+37,2.281521099712448e+37,2.812834284617426e+37,False,0.09322208454955518,0.06387439173223688,1,True,True,True,True
seq_0045,4,64,5,bitflip,,mantissa,0.00390625,"[0.001,0.01)",16,0.0003643035888671875,0.0005664825439453125,0.0005664825439453125,True,0.09326171872612499,0.08148193357289062,0,True,True,True,True
seq_0045,4,256,5,numeric,1e-06,,0.0,"[0,1e-07)",16,0.0,0.0,0.0,False,0.0,0.0,0,False,False,False,False
seq_0045,4,256,5,numeric,1e-05,,0.0,"[0,1e-07)",16,0.0,0.0,0.0,False,0.0,0.0,0,False,False,False,False
seq_0045,4,256,5,numeric,0.0001,,0.0,"[0,1e-07)",16,0.0,0.0,0.0,False,0.0,0.0,0,False,False,False,False
seq_0045,4,256,5,numeric,0.001,,0.0,"[0,1e-07)",16,0.0,0.0,0.0,False,0.0,0.0,0,False,False,False,False
seq_0045,4,256,5,numeric,0.01,,0.0078125,"[0.001,0.01)",16,0.00115966796875,0.0020933151245117188,0.0020933151245117188,True,0.148437499981,0.19885253903704686,0,True,True,True,True
seq_0045,4,256,5,numeric,0.1,,0.09765625,"[0.01,0.1)",16,0.014498710632324219,0.026164531707763672,0.026164531707763672,True,0.1484667968734797,0.19887451171671353,0,True,True,True,True
seq_0045,4,256,5,bitflip,,sign,1.9375,"[1,10)",16,0.28765058517456055,0.519108772277832,0.519108772277832,True,0.14846481815453527,0.19887382753423455,0,True,True,True,True
seq_0045,4,256,5,bitflip,,exponent,3.2964854295465914e+38,"[10,inf)",16,,0.0,,False,,,16,True,True,True,True
seq_0045,4,256,5,bitflip,,mantissa,0.00390625,"[0.001,0.01)",16,0.000579833984375,0.0010466575622558594,0.0010466575622558594,True,0.14843749996199998,0.19885253901159372,0,True,True,True,True
seq_0046,18,64,1,numeric,1e-06,,0.0,"[0,1e-07)",16,0.0,0.0,0.0,False,0.0,0.0,0,False,False,False,False
seq_0046,18,64,1,numeric,1e-05,,0.0,"[0,1e-07)",16,0.0,0.0,0.0,False,0.0,0.0,0,False,False,False,False
seq_0046,18,64,1,numeric,0.0001,,0.0,"[0,1e-07)",16,0.0,0.0,0.0,False,0.0,0.0,0,False,False,False,False
seq_0046,18,64,1,numeric,0.001,,0.0,"[0,1e-07)",16,0.0,0.0,0.0,False,0.0,0.0,0,False,False,False,False
seq_0046,18,64,1,numeric,0.01,,0.0078125,"[0.001,0.01)",16,0.0006905198097229004,0.0014781951904296875,0.0014781951904296875,True,0.08838653563321777,0.09597778319083984,0,True,True,True,True
seq_0046,18,64,1,numeric,0.1,,0.05859375,"[0.01,0.1)",16,0.005178987979888916,0.011086463928222656,0.011086463928222656,True,0.08838806152192902,0.09598388671711187,0,True,True,True,True
seq_0046,18,64,1,bitflip,,sign,1.1875,"[1,10)",16,0.10496115684509277,0.22468233108520508,0.22468233108520508,True,0.08838834260631948,0.09598420795633364,0,True,True,True,True
seq_0046,18,64,1,bitflip,,exponent,2.020426553593072e+38,"[10,inf)",16,1.7858216710654616e+37,2.9298635345003763e+37,2.9298635345003763e+37,True,0.08838834888056706,0.09184101380799946,0,True,True,True,True
seq_0046,18,64,1,bitflip,,mantissa,0.00390625,"[0.001,0.01)",16,0.0003452897071838379,0.0007390975952148438,0.0007390975952148438,True,0.08839416501643359,0.09600830075667187,0,True,True,True,True
seq_0046,18,256,1,numeric,1e-06,,0.0,"[0,1e-07)",16,0.0,0.0,0.0,False,0.0,0.0,0,False,False,False,False
seq_0046,18,256,1,numeric,1e-05,,0.0,"[0,1e-07)",16,0.0,0.0,0.0,False,0.0,0.0,0,False,False,False,False
seq_0046,18,256,1,numeric,0.0001,,0.0,"[0,1e-07)",16,0.0,0.0,0.0,False,0.0,0.0,0,False,False,False,False
seq_0046,18,256,1,numeric,0.001,,0.0,"[0,1e-07)",16,0.0,0.0,0.0,False,0.0,0.0,0,False,False,False,False
seq_0046,18,256,1,numeric,0.01,,0.00390625,"[0.001,0.01)",16,0.0007982254028320312,0.0014243125915527344,0.0014243125915527344,True,0.20434570307268748,0.19335937495049998,0,True,True,True,True
seq_0046,18,256,1,numeric,0.1,,0.046875,"[0.01,0.1)",16,0.009581565856933594,0.017090797424316406,0.017090797424316406,True,0.20440673827688932,0.1933390299437921,0,True,True,True,True
seq_0046,18,256,1,bitflip,,sign,0.94140625,"[0.1,1)",16,0.19242191314697266,0.34323883056640625,0.34323883056640625,True,0.2043983807700111,0.1933492446834046,0,True,True,True,True
seq_0046,18,256,1,bitflip,,exponent,1.6017197349208236e+38,"[10,inf)",16,,1.802848246867487e+37,1.802848246867487e+37,False,,0.07561346505192801,1,True,True,True,True
seq_0046,18,256,1,bitflip,,mantissa,0.001953125,"[0.001,0.01)",16,0.00039958953857421875,0.0007123947143554688,0.0007123947143554688,True,0.20458984364525,0.193359374901,0,True,True,True,True
seq_0047,31,64,1,numeric,1e-06,,0.0,"[0,1e-07)",16,0.0,0.0,0.0,False,0.0,0.0,0,False,False,False,False
seq_0047,31,64,1,numeric,1e-05,,0.0,"[0,1e-07)",16,0.0,0.0,0.0,False,0.0,0.0,0,False,False,False,False
seq_0047,31,64,1,numeric,0.0001,,0.0,"[0,1e-07)",16,0.0,0.0,0.0,False,0.0,0.0,0,False,False,False,False
seq_0047,31,64,1,numeric,0.001,,0.0,"[0,1e-07)",16,0.0,0.0,0.0,False,0.0,0.0,0,False,False,False,False
seq_0047,31,64,1,numeric,0.01,,0.0009765625,"[0.0001,0.001)",16,0.00010251998901367188,8.249282836914062e-05,0.00010251998901367188,False,0.1049804686425,0.041015624958,0,True,True,True,True
seq_0047,31,64,1,numeric,0.1,,0.013671875,"[0.01,0.1)",16,0.0014348030090332031,0.00095367431640625,0.0014348030090332031,False,0.10494559151018112,0.034197126113570155,0,True,True,True,True
seq_0047,31,64,1,bitflip,,sign,0.2734375,"[0.1,1)",16,0.02870035171508789,0.02303600311279297,0.02870035171508789,False,0.10496128627193758,0.040914481026636085,0,True,True,True,True
seq_0047,31,64,1,bitflip,,exponent,4.652297985247206e+37,"[10,inf)",16,4.8831061021090605e+36,3.919335119204292e+36,4.8831061021090605e+36,False,0.10496116365705217,0.04091413702283587,0,True,True,True,True
seq_0047,31,64,1,bitflip,,mantissa,0.0009765625,"[0.0001,0.001)",16,0.00010251998901367188,8.20159912109375e-05,0.00010251998901367188,False,0.1049804686425,0.0405273437085,0,True,True,True,True
seq_0047,31,256,1,numeric,1e-06,,0.0,"[0,1e-07)",16,0.0,0.0,0.0,False,0.0,0.0,0,False,False,False,False
seq_0047,31,256,1,numeric,1e-05,,0.0,"[0,1e-07)",16,0.0,0.0,0.0,False,0.0,0.0,0,False,False,False,False
seq_0047,31,256,1,numeric,0.0001,,0.0,"[0,1e-07)",16,0.0,0.0,0.0,False,0.0,0.0,0,False,False,False,False
seq_0047,31,256,1,numeric,0.001,,0.0,"[0,1e-07)",16,0.0,0.0,0.0,False,0.0,0.0,0,False,False,False,False
seq_0047,31,256,1,numeric,0.01,,0.0078125,"[0.001,0.01)",16,0.000141143798828125,0.0002994537353515625,0.0002994537353515625,True,0.0180664062476875,0.022338867184640624,0,True,True,True,True
seq_0047,31,256,1,numeric,0.1,,0.1015625,"[0.1,1)",16,0.0018405914306640625,0.0038919448852539062,0.0038919448852539062,True,0.018122746394052328,0.022263746994973094,0,True,True,True,True
seq_0047,31,256,1,bitflip,,sign,2.03125,"[1,10)",16,0.0368194580078125,0.07784652709960938,0.07784652709960938,True,0.01812650240383723,0.02226938100960442,0,True,True,True,True
seq_0047,31,256,1,bitflip,,exponent,,nonfinite,16,,0.0,,False,,,16,True,True,True,True
seq_0047,31,256,1,bitflip,,mantissa,0.0078125,"[0.001,0.01)",16,0.000141143798828125,0.0002994537353515625,0.0002994537353515625,True,0.0180664062476875,0.022338867184640624,0,True,True,True,True
seq_0048,4,64,4,numeric,1e-06,,0.0,"[0,1e-07)",16,0.0,0.0,0.0,False,0.0,0.0,0,False,False,False,False
seq_0048,4,64,4,numeric,1e-05,,0.0,"[0,1e-07)",16,0.0,0.0,0.0,False,0.0,0.0,0,False,False,False,False
seq_0048,4,64,4,numeric,0.0001,,0.0,"[0,1e-07)",16,0.0,0.0,0.0,False,0.0,0.0,0,False,False,False,False
seq_0048,4,64,4,numeric,0.001,,0.0,"[0,1e-07)",16,0.0,0.0,0.0,False,0.0,0.0,0,False,False,False,False
seq_0048,4,64,4,numeric,0.01,,0.00146484375,"[0.001,0.01)",16,0.00020956993103027344,0.00029754638671875,0.00029754638671875,True,0.14306640615233335,0.13049316397341668,0,True,True,True,True
seq_0048,4,64,4,numeric,0.1,,0.01220703125,"[0.01,0.1)",16,0.0017447471618652344,0.0024781227111816406,0.0024781227111816406,True,0.14292968748829118,0.1305126953018084,0,True,True,True,True
seq_0048,4,64,4,bitflip,,sign,0.2470703125,"[0.1,1)",16,0.03531646728515625,0.05015969276428223,0.05015969276428223,True,0.14294095849744518,0.13051101624206068,0,True,True,True,True
seq_0048,4,64,4,bitflip,,exponent,4.2036835366697964e+37,"[10,inf)",16,6.008767158605726e+36,8.534191459410507e+36,8.534191459410507e+36,True,0.14294052124023438,0.1305109106976053,0,True,True,True,True
seq_0048,4,64,4,bitflip,,mantissa,0.00048828125,"[0.0001,0.001)",16,6.985664367675781e-05,9.918212890625e-05,9.918212890625e-05,True,0.14306640595700001,0.13049316379525,0,True,True,True,True
seq_0048,4,256,4,numeric,1e-06,,0.0,"[0,1e-07)",16,0.0,0.0,0.0,False,0.0,0.0,0,False,False,False,False
seq_0048,4,256,4,numeric,1e-05,,0.0,"[0,1e-07)",16,0.0,0.0,0.0,False,0.0,0.0,0,False,False,False,False
seq_0048,4,256,4,numeric,0.0001,,0.0,"[0,1e-07)",16,0.0,0.0,0.0,False,0.0,0.0,0,False,False,False,False
seq_0048,4,256,4,numeric,0.001,,0.0,"[0,1e-07)",16,0.0,0.0,0.0,False,0.0,0.0,0,False,False,False,False
seq_0048,4,256,4,numeric,0.01,,0.00390625,"[0.001,0.01)",16,0.0003829002380371094,0.0009225606918334961,0.0009225606918334961,True,0.09802246091240624,0.13122558590390623,0,True,True,True,True
seq_0048,4,256,4,numeric,0.1,,0.0390625,"[0.01,0.1)",16,0.003830432891845703,0.009225130081176758,0.009225130081176758,True,0.0980590820287397,0.13120117187164126,0,True,True,True,True
seq_0048,4,256,4,bitflip,,sign,0.79296875,"[0.1,1)",16,0.07775521278381348,0.18726956844329834,0.18726956844329834,True,0.09805583484054753,0.13120153267378776,0,True,True,True,True
seq_0048,4,256,4,bitflip,,exponent,1.3491664157216896e+38,"[10,inf)",16,1.322936265560803e+37,1.993720806279992e+37,1.993720806279992e+37,True,0.09805582544486512,0.14294053063604045,0,True,True,True,True
seq_0048,4,256,4,bitflip,,mantissa,0.001953125,"[0.001,0.01)",16,0.0001914501190185547,0.00046133995056152344,0.00046133995056152344,True,0.09802246088731251,0.131103515557875,0,True,True,True,True
seq_0049,18,64,7,numeric,1e-06,,0.0,"[0,1e-07)",16,0.0,0.0,0.0,False,0.0,0.0,0,False,False,False,False
seq_0049,18,64,7,numeric,1e-05,,0.0,"[0,1e-07)",16,0.0,0.0,0.0,False,0.0,0.0,0,False,False,False,False
seq_0049,18,64,7,numeric,0.0001,,0.0,"[0,1e-07)",16,0.0,0.0,0.0,False,0.0,0.0,0,False,False,False,False
seq_0049,18,64,7,numeric,0.001,,0.0,"[0,1e-07)",16,0.0,0.0,0.0,False,0.0,0.0,0,False,False,False,False
seq_0049,18,64,7,numeric,0.01,,0.00048828125,"[0.0001,0.001)",16,2.6226043701171875e-06,4.2438507080078125e-05,4.2438507080078125e-05,True,0.0053710937390000005,0.049011230368375,0,False,True,True,True
seq_0049,18,64,7,numeric,0.1,,0.005126953125,"[0.001,0.01)",16,2.6226043701171875e-05,0.00044608116149902344,0.00044608116149902344,True,0.005115327379954648,0.04903157551126984,0,True,True,True,True
seq_0049,18,64,7,bitflip,,sign,0.1025390625,"[0.1,1)",16,0.0005266666412353516,0.008921623229980469,0.008921623229980469,True,0.005136253720188004,0.049027797153539714,0,True,True,True,True
seq_0049,18,64,7,bitflip,,exponent,1.744611744467702e+37,"[10,inf)",16,8.960057490134742e+34,1.5179391792327667e+36,1.5179391792327667e+36,True,0.005135846138000488,0.04902791068667457,0,True,True,True,True
seq_0049,18,64,7,bitflip,,mantissa,0.000244140625,"[0.0001,0.001)",16,1.1920928955078125e-06,2.1219253540039062e-05,2.1219253540039062e-05,True,0.00488281248,0.049072265424,0,False,False,True,True
seq_0049,18,256,7,numeric,1e-06,,0.0,"[0,1e-07)",16,0.0,0.0,0.0,False,0.0,0.0,0,False,False,False,False
seq_0049,18,256,7,numeric,1e-05,,0.0,"[0,1e-07)",16,0.0,0.0,0.0,False,0.0,0.0,0,False,False,False,False
seq_0049,18,256,7,numeric,0.0001,,0.0,"[0,1e-07)",16,0.0,0.0,0.0,False,0.0,0.0,0,False,False,False,False
seq_0049,18,256,7,numeric,0.001,,0.0,"[0,1e-07)",16,0.0,0.0,0.0,False,0.0,0.0,0,False,False,False,False
seq_0049,18,256,7,numeric,0.01,,0.00390625,"[0.001,0.01)",16,0.0004668235778808594,0.0007443428039550781,0.0007443428039550781,True,0.11950683590690624,0.12365722653084374,0,True,True,True,True
seq_0049,18,256,7,numeric,0.1,,0.029296875,"[0.01,0.1)",16,0.0034995079040527344,0.005583763122558594,0.005583763122558594,True,0.11944986978758945,0.12360026041244779,0,True,True,True,True
seq_0049,18,256,7,bitflip,,sign,0.59765625,"[0.1,1)",16,0.07139778137207031,0.11390566825866699,0.11390566825866699,True,0.11946295445241449,0.12360616447078991,0,True,True,True,True
seq_0049,18,256,7,bitflip,,exponent,1.0168594167754606e+38,"[10,inf)",16,1.2147643439517677e+37,1.938005660924061e+37,1.938005660924061e+37,True,0.11946236853506051,0.12360557855344285,0,True,True,True,True
seq_0049,18,256,7,bitflip,,mantissa,0.001953125,"[0.001,0.01)",16,0.00023365020751953125,0.00037217140197753906,0.00037217140197753906,True,0.11962890618875,0.123779296811625,0,True,True,True,True
seq_0050,31,64,0,numeric,1e-06,,0.0,"[0,1e-07)",16,0.0,0.0,0.0,False,0.0,0.0,0,False,False,False,False
seq_0050,31,64,0,numeric,1e-05,,0.0,"[0,1e-07)",16,0.0,0.0,0.0,False,0.0,0.0,0,False,False,False,False
seq_0050,31,64,0,numeric,0.0001,,0.0,"[0,1e-07)",16,0.0,0.0,0.0,False,0.0,0.0,0,False,False,False,False
seq_0050,31,64,0,numeric,0.001,,0.0,"[0,1e-07)",16,0.0,0.0,0.0,False,0.0,0.0,0,False,False,False,False
seq_0050,31,64,0,numeric,0.01,,0.015625,"[0.01,0.1)",16,0.00038051605224609375,0.00263214111328125,0.00263214111328125,True,0.02435302734219141,0.14016723631915431,0,True,True,True,True
seq_0050,31,64,0,numeric,0.1,,0.140625,"[0.1,1)",16,0.0034232139587402344,0.023693084716796875,0.023693084716796875,True,0.024342854817535228,0.14017740885316984,0,True,True,True,True
seq_0050,31,64,0,bitflip,,sign,2.78125,"[1,10)",16,0.06769943237304688,0.4686126708984375,0.4686126708984375,True,0.024341368943109225,0.14017838038750227,0,True,True,True,True
seq_0050,31,64,0,bitflip,,exponent,,nonfinite,16,,0.0,,False,,,16,True,True,True,True
seq_0050,31,64,0,bitflip,,mantissa,0.0078125,"[0.001,0.01)",16,0.00018978118896484375,0.0013170242309570312,0.0013170242309570312,True,0.024291992184390623,0.1401977538883047,0,True,True,True,True
seq_0050,31,256,0,numeric,1e-06,,0.0,"[0,1e-07)",16,0.0,0.0,0.0,False,0.0,0.0,0,False,False,False,False
seq_0050,31,256,0,numeric,1e-05,,0.0,"[0,1e-07)",16,0.0,0.0,0.0,False,0.0,0.0,0,False,False,False,False
seq_0050,31,256,0,numeric,0.0001,,0.0,"[0,1e-07)",16,0.0,0.0,0.0,False,0.0,0.0,0,False,False,False,False
seq_0050,31,256,0,numeric,0.001,,0.0,"[0,1e-07)",16,0.0,0.0,0.0,False,0.0,0.0,0,False,False,False,False
seq_0050,31,256,0,numeric,0.01,,0.0078125,"[0.001,0.01)",16,0.0005071163177490234,0.0009708404541015625,0.0009708404541015625,True,0.0649108886635664,0.06942749022548828,0,True,True,True,True
seq_0050,31,256,0,numeric,0.1,,0.08984375,"[0.01,0.1)",16,0.00583195686340332,0.011167049407958984,0.011167049407958984,True,0.06491221552237532,0.06939697265547758,0,True,True,True,True
seq_0050,31,256,0,bitflip,,sign,1.8671875,"[1,10)",16,0.12119936943054199,0.2320842742919922,0.2320842742919922,True,0.06491012254017182,0.06939876029677246,0,True,True,True,True
seq_0050,31,256,0,bitflip,,exponent,3.176854909925949e+38,"[10,inf)",16,2.0621025699635235e+37,3.005404862008937e+37,3.005404862008937e+37,True,0.06491019037478139,0.08079247095594845,11,True,True,True,True
seq_0050,31,256,0,bitflip,,mantissa,0.00390625,"[0.001,0.01)",16,0.00025343894958496094,0.00048542022705078125,0.00048542022705078125,True,0.06488037107714062,0.06945800779471874,0,True,True,True,True
seq_0051,4,64,5,numeric,1e-06,,0.0,"[0,1e-07)",16,0.0,0.0,0.0,False,0.0,0.0,0,False,False,False,False
seq_0051,4,64,5,numeric,1e-05,,0.0,"[0,1e-07)",16,0.0,0.0,0.0,False,0.0,0.0,0,False,False,False,False
seq_0051,4,64,5,numeric,0.0001,,0.0,"[0,1e-07)",16,0.0,0.0,0.0,False,0.0,0.0,0,False,False,False,False
seq_0051,4,64,5,numeric,0.001,,0.0,"[0,1e-07)",16,0.0,0.0,0.0,False,0.0,0.0,0,False,False,False,False
seq_0051,4,64,5,numeric,0.01,,0.00390625,"[0.001,0.01)",16,0.0004315376281738281,0.0005717277526855469,0.0005717277526855469,True,0.11047363278421873,0.1008300780991875,0,True,True,True,True
seq_0051,4,64,5,numeric,0.1,,0.046875,"[0.01,0.1)",16,0.005178928375244141,0.006862163543701172,0.006862163543701172,True,0.11048380533618468,0.10081736246529716,0,True,True,True,True
seq_0051,4,64,5,bitflip,,sign,0.94921875,"[0.1,1)",16,0.1048746109008789,0.13895893096923828,0.13895893096923828,True,0.11048518679257908,0.1008180217977333,0,True,True,True,True
seq_0051,4,64,5,bitflip,,exponent,1.6150120148786728e+38,"[10,inf)",16,1.7843529710800371e+37,2.3642677532327057e+37,2.3642677532327057e+37,True,0.11048543011700665,0.10081795900446888,0,True,True,True,True
seq_0051,4,64,5,bitflip,,mantissa,0.001953125,"[0.001,0.01)",16,0.00021600723266601562,0.0003037452697753906,0.0003037452697753906,True,0.110595703068375,0.125732421810625,0,True,True,True,True
seq_0051,4,256,5,numeric,1e-06,,0.0,"[0,1e-07)",16,0.0,0.0,0.0,False,0.0,0.0,0,False,False,False,False
seq_0051,4,256,5,numeric,1e-05,,0.0,"[0,1e-07)",16,0.0,0.0,0.0,False,0.0,0.0,0,False,False,False,False
seq_0051,4,256,5,numeric,0.0001,,0.0,"[0,1e-07)",16,0.0,0.0,0.0,False,0.0,0.0,0,False,False,False,False
seq_0051,4,256,5,numeric,0.001,,0.0,"[0,1e-07)",16,0.0,0.0,0.0,False,0.0,0.0,0,False,False,False,False
seq_0051,4,256,5,numeric,0.01,,0.0078125,"[0.001,0.01)",16,0.0002422332763671875,0.0010356903076171875,0.0010356903076171875,True,0.031005859371031248,0.0932006835818203,0,True,True,True,True
seq_0051,4,256,5,numeric,0.1,,0.07421875,"[0.01,0.1)",16,0.002292633056640625,0.009840011596679688,0.009840011596679688,True,0.030890213815373265,0.09322317022900709,0,True,True,True,True
seq_0051,4,256,5,bitflip,,sign,1.5234375,"[1,10)",16,0.047077178955078125,0.2019810676574707,0.2019810676574707,True,0.030901943108954073,0.09322196764817599,0,True,True,True,True
seq_0051,4,256,5,bitflip,,exponent,2.591994591780586e+38,"[10,inf)",16,8.009624964530063e+36,1.7451137341053925e+37,1.7451137341053925e+37,True,0.030901395357572116,0.046956306848770536,0,True,True,True,True
seq_0051,4,256,5,bitflip,,mantissa,0.00390625,"[0.001,0.01)",16,0.0001220703125,0.0005178451538085938,0.0005178451538085938,True,0.031249999991999997,0.09313964841365624,0,True,True,True,True
seq_0052,18,64,1,numeric,1e-06,,0.0,"[0,1e-07)",16,0.0,0.0,0.0,False,0.0,0.0,0,False,False,False,False
seq_0052,18,64,1,numeric,1e-05,,0.0,"[0,1e-07)",16,0.0,0.0,0.0,False,0.0,0.0,0,False,False,False,False
seq_0052,18,64,1,numeric,0.0001,,0.0,"[0,1e-07)",16,0.0,0.0,0.0,False,0.0,0.0,0,False,False,False,False
seq_0052,18,64,1,numeric,0.001,,0.0,"[0,1e-07)",16,0.0,0.0,0.0,False,0.0,0.0,0,False,False,False,False
seq_0052,18,64,1,numeric,0.01,,0.00390625,"[0.001,0.01)",16,0.0002903938293457031,0.001003265380859375,0.001003265380859375,True,0.07434082029346874,0.08666992185281248,0,True,True,True,True
seq_0052,18,64,1,numeric,0.1,,0.0546875,"[0.01,0.1)",16,0.004059791564941406,0.014048099517822266,0.014048099517822266,True,0.07423618861471397,0.08666120256537962,0,True,True,True,True
seq_0052,18,64,1,bitflip,,sign,1.1015625,"[1,10)",16,0.0817718505859375,0.28296756744384766,0.28296756744384766,True,0.07423260195028722,0.08666169727939828,0,True,True,True,True
seq_0052,18,64,1,bitflip,,exponent,1.8742114740567314e+38,"[10,inf)",16,1.3912721402926064e+37,2.42016658116061e+37,2.42016658116061e+37,True,0.07423239904092559,0.10427062393080258,0,True,True,True,True
seq_0052,18,64,1,bitflip,,mantissa,0.00390625,"[0.001,0.01)",16,0.0002903938293457031,0.001003265380859375,0.001003265380859375,True,0.07434082029346874,0.08666992185281248,0,True,True,True,True
seq_0052,18,256,1,numeric,1e-06,,0.0,"[0,1e-07)",16,0.0,0.0,0.0,False,0.0,0.0,0,False,False,False,False
seq_0052,18,256,1,numeric,1e-05,,0.0,"[0,1e-07)",16,0.0,0.0,0.0,False,0.0,0.0,0,False,False,False,False
seq_0052,18,256,1,numeric,0.0001,,0.0,"[0,1e-07)",16,0.0,0.0,0.0,False,0.0,0.0,0,False,False,False,False
seq_0052,18,256,1,numeric,0.001,,0.0,"[0,1e-07)",16,0.0,0.0,0.0,False,0.0,0.0,0,False,False,False,False
seq_0052,18,256,1,numeric,0.01,,0.0009765625,"[0.0001,0.001)",16,5.733966827392578e-05,0.00017404556274414062,0.00017404556274414062,True,0.058715820252375,0.10083007802175,0,True,True,True,True
seq_0052,18,256,1,numeric,0.1,,0.00927734375,"[0.001,0.01)",16,0.0005444884300231934,0.0016527175903320312,0.0016527175903320312,True,0.05869012129301592,0.10081722860755402,0,True,True,True,True
seq_0052,18,256,1,bitflip,,sign,0.18359375,"[0.1,1)",16,0.010776102542877197,0.03270864486694336,0.03270864486694336,True,0.058695367041734815,0.10081709192099342,0,True,True,True,True
seq_0052,18,256,1,bitflip,,exponent,3.1236857900945523e+37,"[10,inf)",16,1.8334594735617983e+36,5.565088814700546e+36,5.565088814700546e+36,True,0.05869538733299742,0.1008179542866159,0,True,True,True,True
seq_0052,18,256,1,bitflip,,mantissa,0.00048828125,"[0.0001,0.001)",16,2.866983413696289e-05,8.702278137207031e-05,8.702278137207031e-05,True,0.05871582019225,0.101074218543,0,True,True,True,True
seq_0053,31,64,1,numeric,1e-06,,0.0,"[0,1e-07)",16,0.0,0.0,0.0,False,0.0,0.0,0,False,False,False,False
seq_0053,31,64,1,numeric,1e-05,,0.0,"[0,1e-07)",16,0.0,0.0,0.0,False,0.0,0.0,0,False,False,False,False
seq_0053,31,64,1,numeric,0.0001,,0.0,"[0,1e-07)",16,0.0,0.0,0.0,False,0.0,0.0,0,False,False,False,False
seq_0053,31,64,1,numeric,0.001,,0.0,"[0,1e-07)",16,0.0,0.0,0.0,False,0.0,0.0,0,False,False,False,False
seq_0053,31,64,1,numeric,0.01,,0.0078125,"[0.001,0.01)",16,0.00029754638671875,0.0013217926025390625,0.0013217926025390625,True,0.038085937495125,0.06311035155442186,0,True,True,True,True
seq_0053,31,64,1,numeric,0.1,,0.09375,"[0.01,0.1)",16,0.0035762786865234375,0.011328697204589844,0.011328697204589844,True,0.038146972655843096,0.059387207030616534,0,True,True,True,True
seq_0053,31,64,1,bitflip,,sign,1.859375,"[1,10)",16,0.0709381103515625,0.22469234466552734,0.22469234466552734,True,0.03815158876048368,0.05938618123027268,0,True,True,True,True
seq_0053,31,64,1,bitflip,,exponent,3.1635626299680998e+38,"[10,inf)",16,1.206962461567603e+37,2.5886885590151907e+37,2.5886885590151907e+37,True,0.038152001485103317,0.05006371025277787,0,True,True,True,True
seq_0053,31,64,1,bitflip,,mantissa,0.00390625,"[0.001,0.01)",16,0.00014972686767578125,0.0006608963012695312,0.0006608963012695312,True,0.038330078115187495,0.06347656248375,0,True,True,True,True
seq_0053,31,256,1,numeric,1e-06,,0.0,"[0,1e-07)",16,0.0,0.0,0.0,False,0.0,0.0,0,False,False,False,False
seq_0053,31,256,1,numeric,1e-05,,0.0,"[0,1e-07)",16,0.0,0.0,0.0,False,0.0,0.0,0,False,False,False,False
seq_0053,31,256,1,numeric,0.0001,,0.0,"[0,1e-07)",16,0.0,0.0,0.0,False,0.0,0.0,0,False,False,False,False
seq_0053,31,256,1,numeric,0.001,,0.0,"[0,1e-07)",16,0.0,0.0,0.0,False,0.0,0.0,0,False,False,False,False
seq_0053,31,256,1,numeric,0.01,,0.00390625,"[0.001,0.01)",16,0.00031280517578125,0.0010356903076171875,0.0010356903076171875,True,0.0800781249795,0.10217285153634374,0,True,True,True,True
seq_0053,31,256,1,numeric,0.1,,0.044921875,"[0.01,0.1)",16,0.0035982131958007812,0.011911392211914062,0.011911392211914062,True,0.08009935461778214,0.10219938858468147,0,True,True,True,True
seq_0053,31,256,1,bitflip,,sign,0.93359375,"[0.1,1)",16,0.0747828483581543,0.2475576400756836,0.2475576400756836,True,0.08010213045885772,0.10219890003911647,0,True,True,True,True
seq_0053,31,256,1,bitflip,,exponent,1.5884274549629745e+38,"[10,inf)",16,1.2723611898586775e+37,1.8207927284691378e+37,1.8207927284691378e+37,True,0.0801019389260264,0.05973118817955879,0,True,True,True,True
seq_0053,31,256,1,bitflip,,mantissa,0.001953125,"[0.001,0.01)",16,0.000156402587890625,0.0005178451538085938,0.0005178451538085938,True,0.080078124959,0.10205078119775,0,True,True,True,True
seq_0054,4,64,4,numeric,1e-06,,0.0,"[0,1e-07)",16,0.0,0.0,0.0,False,0.0,0.0,0,False,False,False,False
seq_0054,4,64,4,numeric,1e-05,,0.0,"[0,1e-07)",16,0.0,0.0,0.0,False,0.0,0.0,0,False,False,False,False
seq_0054,4,64,4,numeric,0.0001,,0.0,"[0,1e-07)",16,0.0,0.0,0.0,False,0.0,0.0,0,False,False,False,False
seq_0054,4,64,4,numeric,0.001,,0.0,"[0,1e-07)",16,0.0,0.0,0.0,False,0.0,0.0,0,False,False,False,False
seq_0054,4,64,4,numeric,0.01,,0.03125,"[0.01,0.1)",16,0.011221170425415039,0.008545398712158203,0.011221170425415039,False,0.3590774536017908,0.19748687743508667,0,True,True,True,True
seq_0054,4,64,4,numeric,0.1,,0.28125,"[0.1,1)",16,0.1009906530380249,0.07690823078155518,0.1009906530380249,False,0.3590778774672563,0.19749281141422836,0,True,True,True,True
seq_0054,4,64,4,bitflip,,sign,5.6875,"[1,10)",16,2.0422542095184326,1.5552550554275513,2.0422542095184326,False,0.359077663211969,0.19749272524652048,0,True,True,True,True
seq_0054,4,64,4,bitflip,,exponent,2.84375,"[1,10)",16,1.0211269855499268,0.7776275873184204,1.0211269855499268,False,0.35907762129215565,0.19749274620636084,0,True,True,True,True
seq_0054,4,64,4,bitflip,,mantissa,0.015625,"[0.01,0.1)",16,0.0056105852127075195,0.0042726993560791016,0.0056105852127075195,False,0.3590774535903003,0.19747924803423633,0,True,True,True,True
seq_0054,4,256,4,numeric,1e-06,,0.0,"[0,1e-07)",16,0.0,0.0,0.0,False,0.0,0.0,0,False,False,False,False
seq_0054,4,256,4,numeric,1e-05,,0.0,"[0,1e-07)",16,0.0,0.0,0.0,False,0.0,0.0,0,False,False,False,False
seq_0054,4,256,4,numeric,0.0001,,0.0,"[0,1e-07)",16,0.0,0.0,0.0,False,0.0,0.0,0,False,False,False,False
seq_0054,4,256,4,numeric,0.001,,0.0,"[0,1e-07)",16,0.0,0.0,0.0,False,0.0,0.0,0,False,False,False,False
seq_0054,4,256,4,numeric,0.01,,0.125,"[0.1,1)",16,0.01040118932723999,0.011911869049072266,0.011911869049072266,True,0.08320951461725425,0.07941055297788034,0,True,True,True,True
seq_0054,4,256,4,numeric,0.1,,1.5,"[1,10)",16,0.12481403350830078,0.14294052124023438,0.14294052124023438,True,0.08320935567214505,0.07941134770705968,0,True,True,True,True
seq_0054,4,256,4,bitflip,,sign,29.5,"[10,inf)",16,2.4546754360198975,2.811164140701294,2.811164140701294,True,0.083209336814231,0.07941140966900055,0,True,True,True,True
seq_0054,4,256,4,bitflip,,exponent,14.75,"[10,inf)",16,1.2273378372192383,1.4055819511413574,1.4055819511413574,True,0.0832093448962139,0.07941140966899786,0,True,True,True,True
seq_0054,4,256,4,bitflip,,mantissa,0.0625,"[0.01,0.1)",16,0.005200564861297607,0.005955696105957031,0.005955696105957031,True,0.08320903777943037,0.07941055297724504,0,True,True,True,True
seq_0055,18,64,7,numeric,1e-06,,0.0,"[0,1e-07)",16,0.0,0.0,0.0,False,0.0,0.0,0,False,False,False,False
seq_0055,18,64,7,numeric,1e-05,,0.0,"[0,1e-07)",16,0.0,0.0,0.0,False,0.0,0.0,0,False,False,False,False
seq_0055,18,64,7,numeric,0.0001,,0.0,"[0,1e-07)",16,0.0,0.0,0.0,False,0.0,0.0,0,False,False,False,False
seq_0055,18,64,7,numeric,0.001,,0.0,"[0,1e-07)",16,0.0,0.0,0.0,False,0.0,0.0,0,False,False,False,False
seq_0055,18,64,7,numeric,0.01,,0.125,"[0.1,1)",16,0.00561070442199707,0.022269725799560547,0.022269725799560547,True,0.044885635375617475,0.049026489257420286,0,True,True,True,True
seq_0055,18,64,7,numeric,0.1,,1.0625,"[1,10)",16,0.04768991470336914,0.18929243087768555,0.18929243087768555,True,0.04488462560312871,0.049027835621507164,0,True,True,True,True
seq_0055,18,64,7,bitflip,,sign,20.875,"[10,inf)",16,0.9369683265686035,3.719043254852295,3.719043254852295,True,0.04488471025478125,0.04902791691397244,0,True,True,True,True
seq_0055,18,64,7,bitflip,,exponent,10.4375,"[10,inf)",16,0.46848416328430176,1.8595213890075684,1.8595213890075684,True,0.0448847102547791,0.049027928335219385,0,True,True,True,True
seq_0055,18,64,7,bitflip,,mantissa,0.0625,"[0.01,0.1)",16,0.0028052330017089844,0.011134624481201172,0.011134624481201172,True,0.04488372802662561,0.049030303954293634,0,True,True,True,True
seq_0055,18,256,7,numeric,1e-06,,0.0,"[0,1e-07)",16,0.0,0.0,0.0,False,0.0,0.0,0,False,False,False,False
seq_0055,18,256,7,numeric,1e-05,,0.0,"[0,1e-07)",16,0.0,0.0,0.0,False,0.0,0.0,0,False,False,False,False
seq_0055,18,256,7,numeric,0.0001,,0.0,"[0,1e-07)",16,0.0,0.0,0.0,False,0.0,0.0,0,False,False,False,False
seq_0055,18,256,7,numeric,0.001,,0.0,"[0,1e-07)",16,0.0,0.0,0.0,False,0.0,0.0,0,False,False,False,False
seq_0055,18,256,7,numeric,0.01,,0.00048828125,"[0.0001,0.001)",16,3.5703182220458984e-05,9.846687316894531e-05,9.846687316894531e-05,True,0.07312011703775,0.0734863279745,0,True,True,True,True
seq_0055,18,256,7,numeric,0.1,,0.0048828125,"[0.001,0.01)",16,0.0003573894500732422,0.000606536865234375,0.000606536865234375,True,0.07319335936001,0.06484374998671999,0,True,True,True,True
seq_0055,18,256,7,bitflip,,sign,0.09814453125,"[0.01,0.1)",16,0.007183849811553955,0.012198448181152344,0.012198448181152344,True,0.07319663887518703,0.0649098258699854,0,True,True,True,True
seq_0055,18,256,7,bitflip,,exponent,1.6698426697048006e+37,"[10,inf)",16,1.2222680749147587e+36,2.0755495223093595e+36,2.0755495223093595e+36,True,0.07319660091874611,0.06491019120856897,0,True,True,True,True
seq_0055,18,256,7,bitflip,,mantissa,0.000244140625,"[0.0001,0.001)",16,1.7821788787841797e-05,2.956390380859375e-05,2.956390380859375e-05,True,0.07299804657600001,0.06640624972800001,0,True,True,True,True
seq_0056,31,64,0,numeric,1e-06,,0.0,"[0,1e-07)",16,0.0,0.0,0.0,False,0.0,0.0,0,False,False,False,False
seq_0056,31,64,0,numeric,1e-05,,0.0,"[0,1e-07)",16,0.0,0.0,0.0,False,0.0,0.0,0,False,False,False,False
seq_0056,31,64,0,numeric,0.0001,,0.0,"[0,1e-07)",16,0.0,0.0,0.0,False,0.0,0.0,0,False,False,False,False
seq_0056,31,64,0,numeric,0.001,,0.0,"[0,1e-07)",16,0.0,0.0,0.0,False,0.0,0.0,0,False,False,False,False
seq_0056,31,64,0,numeric,0.01,,0.03125,"[0.01,0.1)",16,0.0036468505859375,0.0072078704833984375,0.0072078704833984375,True,0.11669921874626563,0.16435241698692823,0,True,True,True,True
seq_0056,31,64,0,numeric,0.1,,0.359375,"[0.1,1)",16,0.04193925857543945,0.0828857421875,0.0828857421875,True,0.1167005456008981,0.15537029763883398,0,True,True,True,True
seq_0056,31,64,0,bitflip,,sign,7.46875,"[1,10)",16,0.8716051578521729,1.7225799560546875,1.7225799560546875,True,0.11670027218102844,0.16434705407048664,0,True,True,True,True
seq_0056,31,64,0,bitflip,,exponent,3.734375,"[1,10)",16,0.4358024597167969,0.8612899780273438,0.8612899780273438,True,0.11670024025885996,0.16434699022615892,0,True,True,True,True
seq_0056,31,64,0,bitflip,,mantissa,0.015625,"[0.01,0.1)",16,0.00182342529296875,0.0036034584045410156,0.0036034584045410156,True,0.11669921874253127,0.16433715819260744,0,True,True,True,True
seq_0056,31,256,0,numeric,1e-06,,0.0,"[0,1e-07)",16,0.0,0.0,0.0,False,0.0,0.0,0,False,False,False,False
seq_0056,31,256,0,numeric,1e-05,,0.0,"[0,1e-07)",16,0.0,0.0,0.0,False,0.0,0.0,0,False,False,False,False
seq_0056,31,256,0,numeric,0.0001,,0.0,"[0,1e-07)",16,0.0,0.0,0.0,False,0.0,0.0,0,False,False,False,False
seq_0056,31,256,0,numeric,0.001,,0.0,"[0,1e-07)",16,0.0,0.0,0.0,False,0.0,0.0,0,False,False,False,False
seq_0056,31,256,0,numeric,0.01,,0.0078125,"[0.001,0.01)",16,0.000949859619140625,0.0020284652709960938,0.0020284652709960938,True,0.12158203123443749,0.08770751952002344,0,True,True,True,True
seq_0056,31,256,0,numeric,0.1,,0.09765625,"[0.01,0.1)",16,0.011868476867675781,0.02535533905029297,0.02535533905029297,True,0.1215332031237555,0.087695312499102,0,True,True,True,True
seq_0056,31,256,0,bitflip,,sign,1.9453125,"[1,10)",16,0.2364215850830078,0.5050826072692871,0.5050826072692871,True,0.12153398751248772,0.08769795980793685,0,True,True,True,True
seq_0056,31,256,0,bitflip,,exponent,3.3097777095044405e+38,"[10,inf)",16,,2.9940231343297277e+37,2.9940231343297277e+37,False,,0.07872087409697383,9,True,True,True,True
seq_0056,31,256,0,bitflip,,mantissa,0.00390625,"[0.001,0.01)",16,0.0004749298095703125,0.0010142326354980469,0.0010142326354980469,True,0.12158203121887498,0.08776855466503124,0,True,True,True,True
seq_0057,4,64,5,numeric,1e-06,,0.0,"[0,1e-07)",16,0.0,0.0,0.0,False,0.0,0.0,0,False,False,False,False
seq_0057,4,64,5,numeric,1e-05,,0.0,"[0,1e-07)",16,0.0,0.0,0.0,False,0.0,0.0,0,False,False,False,False
seq_0057,4,64,5,numeric,0.0001,,0.0,"[0,1e-07)",16,0.0,0.0,0.0,False,0.0,0.0,0,False,False,False,False
seq_0057,4,64,5,numeric,0.001,,0.0,"[0,1e-07)",16,0.0,0.0,0.0,False,0.0,0.0,0,False,False,False,False
seq_0057,4,64,5,numeric,0.01,,0.001953125,"[0.001,0.01)",16,0.0001926422119140625,0.0003962516784667969,0.0003962516784667969,True,0.0986328124495,0.06732940670380859,0,True,True,True,True
seq_0057,4,64,5,numeric,0.1,,0.0205078125,"[0.01,0.1)",16,0.002025604248046875,0.004163265228271484,0.004163265228271484,True,0.09877232142375511,0.06732686360348786,0,True,True,True,True
seq_0057,4,64,5,bitflip,,sign,0.41796875,"[0.1,1)",16,0.04127311706542969,0.0848550796508789,0.0848550796508789,True,0.09874689690396936,0.06732705374728343,0,True,True,True,True
seq_0057,4,64,5,bitflip,,exponent,7.1113697774493e+37,"[10,inf)",16,7.022218319271389e+36,1.4437287897806507e+37,1.4437287897806507e+37,True,0.09874635322071681,0.0673270626602886,0,True,True,True,True
seq_0057,4,64,5,bitflip,,mantissa,0.0009765625,"[0.0001,0.001)",16,9.679794311523438e-05,0.00019788742065429688,0.00019788742065429688,True,0.0991210936485,0.0673217772748125,0,True,True,True,True
seq_0057,4,256,5,numeric,1e-06,,0.0,"[0,1e-07)",16,0.0,0.0,0.0,False,0.0,0.0,0,False,False,False,False
seq_0057,4,256,5,numeric,1e-05,,0.0,"[0,1e-07)",16,0.0,0.0,0.0,False,0.0,0.0,0,False,False,False,False
seq_0057,4,256,5,numeric,0.0001,,0.0,"[0,1e-07)",16,0.0,0.0,0.0,False,0.0,0.0,0,False,False,False,False
seq_0057,4,256,5,numeric,0.001,,0.0,"[0,1e-07)",16,0.0,0.0,0.0,False,0.0,0.0,0,False,False,False,False
seq_0057,4,256,5,numeric,0.01,,0.0078125,"[0.001,0.01)",16,0.0005397796630859375,0.0012462139129638672,0.0012462139129638672,True,0.06909179686615624,0.101562499987,0,True,True,True,True
seq_0057,4,256,5,numeric,0.1,,0.0703125,"[0.01,0.1)",16,0.004855632781982422,0.011215925216674805,0.011215925216674805,True,0.06905788845387895,0.1015082465263341,0,True,True,True,True
seq_0057,4,256,5,bitflip,,sign,1.40625,"[1,10)",16,0.0971064567565918,0.22431540489196777,0.22431540489196777,True,0.06905348036019394,0.10150824652770558,0,True,True,True,True
seq_0057,4,256,5,bitflip,,exponent,2.3926103924128486e+38,"[10,inf)",16,1.6521787191809803e+37,2.4452244841054413e+37,2.4452244841054413e+37,True,0.06905339558919271,0.08355460696750217,1,True,True,True,True
seq_0057,4,256,5,bitflip,,mantissa,0.00390625,"[0.001,0.01)",16,0.00026988983154296875,0.0006232261657714844,0.0006232261657714844,True,0.0690917968573125,0.10156249997399999,0,True,True,True,True
seq_0058,18,64,1,numeric,1e-06,,0.0,"[0,1e-07)",16,0.0,0.0,0.0,False,0.0,0.0,0,False,False,False,False
seq_0058,18,64,1,numeric,1e-05,,0.0,"[0,1e-07)",16,0.0,0.0,0.0,False,0.0,0.0,0,False,False,False,False
seq_0058,18,64,1,numeric,0.0001,,0.0,"[0,1e-07)",16,0.0,0.0,0.0,False,0.0,0.0,0,False,False,False,False
seq_0058,18,64,1,numeric,0.001,,0.0,"[0,1e-07)",16,0.0,0.0,0.0,False,0.0,0.0,0,False,False,False,False
seq_0058,18,64,1,numeric,0.01,,0.03125,"[0.01,0.1)",16,0.0015430450439453125,0.00502777099609375,0.00502777099609375,True,0.049377441404669924,0.0852813720675835,0,True,True,True,True
seq_0058,18,64,1,numeric,0.1,,0.3125,"[0.1,1)",16,0.015429019927978516,0.05027961730957031,0.05027961730957031,True,0.04937286376937326,0.08528137207003961,0,True,True,True,True
seq_0058,18,64,1,bitflip,,sign,6.3125,"[1,10)",16,0.31166791915893555,1.015645980834961,1.015645980834961,True,0.0493731357083384,0.08631668468511744,0,True,True,True,True
seq_0058,18,64,1,bitflip,,exponent,3.15625,"[1,10)",16,0.15583419799804688,0.5078229904174805,0.5078229904174805,True,0.04937321124689029,0.08528091883892719,0,True,True,True,True
seq_0058,18,64,1,bitflip,,mantissa,0.015625,"[0.01,0.1)",16,0.0007715225219726562,0.002513885498046875,0.002513885498046875,True,0.04937744140308985,0.08526611327579298,0,True,True,True,True
seq_0058,18,256,1,numeric,1e-06,,0.0,"[0,1e-07)",16,0.0,0.0,0.0,False,0.0,0.0,0,False,False,False,False
seq_0058,18,256,1,numeric,1e-05,,0.0,"[0,1e-07)",16,0.0,0.0,0.0,False,0.0,0.0,0,False,False,False,False
seq_0058,18,256,1,numeric,0.0001,,0.0,"[0,1e-07)",16,0.0,0.0,0.0,False,0.0,0.0,0,False,False,False,False
seq_0058,18,256,1,numeric,0.001,,0.0,"[0,1e-07)",16,0.0,0.0,0.0,False,0.0,0.0,0,False,False,False,False
seq_0058,18,256,1,numeric,0.01,,0.0078125,"[0.001,0.01)",16,0.0007066726684570312,0.0011436939239501953,0.0011436939239501953,True,0.09045410155092187,0.11324691771011376,0,True,True,True,True
seq_0058,18,256,1,numeric,0.1,,0.078125,"[0.01,0.1)",16,0.007067203521728516,0.012354135513305664,0.012354135513305664,True,0.0904602050769671,0.11255798339699676,0,True,True,True,True
seq_0058,18,256,1,bitflip,,sign,1.59375,"[1,10)",16,0.14417028427124023,0.2333141565322876,0.2333141565322876,True,0.09045978620934887,0.11324756285716411,0,True,True,True,True
seq_0058,18,256,1,bitflip,,exponent,2.7116251114012284e+38,"[10,inf)",16,2.4529345885861494e+37,2.9772260032863435e+37,2.9772260032863435e+37,True,0.09045994515512504,0.10219902150771197,1,True,True,True,True
seq_0058,18,256,1,bitflip,,mantissa,0.00390625,"[0.001,0.01)",16,0.0003533363342285156,0.0006176233291625977,0.0006176233291625977,True,0.09045410153934375,0.11254882809618749,0,True,True,True,True
seq_0059,31,64,1,numeric,1e-06,,0.0,"[0,1e-07)",16,0.0,0.0,0.0,False,0.0,0.0,0,False,False,False,False
seq_0059,31,64,1,numeric,1e-05,,0.0,"[0,1e-07)",16,0.0,0.0,0.0,False,0.0,0.0,0,False,False,False,False
seq_0059,31,64,1,numeric,0.0001,,0.0,"[0,1e-07)",16,0.0,0.0,0.0,False,0.0,0.0,0,False,False,False,False
seq_0059,31,64,1,numeric,0.001,,0.0,"[0,1e-07)",16,0.0,0.0,0.0,False,0.0,0.0,0,False,False,False,False
seq_0059,31,64,1,numeric,0.01,,0.000244140625,"[0.0001,0.001)",16,1.049041748046875e-05,1.71661376953125e-05,1.71661376953125e-05,True,0.042968749824,0.046874999808,0,False,False,False,False
seq_0059,31,64,1,numeric,0.1,,0.0028076171875,"[0.001,0.01)",16,0.0001201629638671875,0.00018978118896484375,0.00018978118896484375,True,0.0427989130282344,0.046535326070381855,0,True,True,True,True
seq_0059,31,64,1,bitflip,,sign,0.056640625,"[0.01,0.1)",16,0.0024247169494628906,0.0038328170776367188,0.0038328170776367188,True,0.042808795796658,0.04626885775780381,0,True,True,True,True
seq_0059,31,64,1,bitflip,,exponent,9.63690296944064e+36,"[10,inf)",16,4.1258572689543245e+35,7.952257436616734e+35,7.952257436616734e+35,True,0.04281310377449825,0.05006371284353322,0,True,True,True,True
seq_0059,31,64,1,bitflip,,mantissa,0.0001220703125,"[0.0001,0.001)",16,5.7220458984375e-06,7.62939453125e-06,7.62939453125e-06,True,0.046874999616,0.046874999616,0,False,False,False,False
seq_0059,31,256,1,numeric,1e-06,,0.0,"[0,1e-07)",16,0.0,0.0,0.0,False,0.0,0.0,0,False,False,False,False
seq_0059,31,256,1,numeric,1e-05,,0.0,"[0,1e-07)",16,0.0,0.0,0.0,False,0.0,0.0,0,False,False,False,False
seq_0059,31,256,1,numeric,0.0001,,0.0,"[0,1e-07)",16,0.0,0.0,0.0,False,0.0,0.0,0,False,False,False,False
seq_0059,31,256,1,numeric,0.001,,0.0,"[0,1e-07)",16,0.0,0.0,0.0,False,0.0,0.0,0,False,False,False,False
seq_0059,31,256,1,numeric,0.01,,0.00390625,"[0.001,0.01)",16,0.0002560615539550781,0.0014677047729492188,0.0014677047729492188,True,0.06555175779571874,0.06799316404509374,0,True,True,True,True
seq_0059,31,256,1,numeric,0.1,,0.046875,"[0.01,0.1)",16,0.00307464599609375,0.017608642578125,0.017608642578125,True,0.06559244791526736,0.06801350911313238,0,True,True,True,True
seq_0059,31,256,1,bitflip,,sign,0.953125,"[0.1,1)",16,0.06252527236938477,0.35804176330566406,0.35804176330566406,True,0.06560028576453159,0.06801767818256184,0,True,True,True,True
seq_0059,31,256,1,bitflip,,exponent,1.6216581548575974e+38,"[10,inf)",16,1.0638194825548914e+37,8.958480453559896e+36,1.0638194825548914e+37,False,0.06560072351674565,0.029865593206687052,0,True,True,True,True
seq_0059,31,256,1,bitflip,,mantissa,0.001953125,"[0.001,0.01)",16,0.00012826919555664062,0.0007333755493164062,0.0007333755493164062,True,0.065673828091375,0.0679931640276875,0,True,True,True,True
seq_0060,4,64,4,numeric,1e-06,,0.0,"[0,1e-07)",16,0.0,0.0,0.0,False,0.0,0.0,0,False,False,False,False
seq_0060,4,64,4,numeric,1e-05,,0.0,"[0,1e-07)",16,0.0,0.0,0.0,False,0.0,0.0,0,False,False,False,False
seq_0060,4,64,4,numeric,0.0001,,0.0,"[0,1e-07)",16,0.0,0.0,0.0,False,0.0,0.0,0,False,False,False,False
seq_0060,4,64,4,numeric,0.001,,0.0,"[0,1e-07)",16,0.0,0.0,0.0,False,0.0,0.0,0,False,False,False,False
seq_0060,4,64,4,numeric,0.01,,0.01171875,"[0.01,0.1)",16,0.0025408267974853516,0.0033178329467773438,0.0033178329467773438,True,0.2168172200335816,0.12775675454638974,0,True,True,True,True
seq_0060,4,64,4,numeric,0.1,,0.09765625,"[0.01,0.1)",16,0.02117443084716797,0.027648210525512695,0.027648210525512695,True,0.2168261718727797,0.12774902343619185,0,True,True,True,True
seq_0060,4,64,4,bitflip,,sign,1.9609375,"[1,10)",16,0.4251861572265625,0.5497620105743408,0.5497620105743408,True,0.21682800049789738,0.12153406637117183,0,True,True,True,True
seq_0060,4,64,4,bitflip,,exponent,3.336362269420139e+38,"[10,inf)",16,,0.0,,False,,,16,True,True,True,True
seq_0060,4,64,4,bitflip,,mantissa,0.00390625,"[0.001,0.01)",16,0.00084686279296875,0.0011060237884521484,0.0011060237884521484,True,0.21679687494449998,0.13610839840265623,0,True,True,True,True
seq_0060,4,256,4,numeric,1e-06,,0.0,"[0,1e-07)",16,0.0,0.0,0.0,False,0.0,0.0,0,False,False,False,False
seq_0060,4,256,4,numeric,1e-05,,0.0,"[0,1e-07)",16,0.0,0.0,0.0,False,0.0,0.0,0,False,False,False,False
seq_0060,4,256,4,numeric,0.0001,,0.0,"[0,1e-07)",16,0.0,0.0,0.0,False,0.0,0.0,0,False,False,False,False
seq_0060,4,256,4,numeric,0.001,,0.0,"[0,1e-07)",16,0.0,0.0,0.0,False,0.0,0.0,0,False,False,False,False
seq_0060,4,256,4,numeric,0.01,,0.001953125,"[0.001,0.01)",16,0.0002779960632324219,0.0008739233016967773,0.0008739233016967773,True,0.142333984302125,0.1644287108533125,0,True,True,True,True
seq_0060,4,256,4,numeric,0.1,,0.0263671875,"[0.01,0.1)",16,0.0037505626678466797,0.011798381805419922,0.011798381805419922,True,0.1422435619159016,0.16434280960024863,0,True,True,True,True
seq_0060,4,256,4,bitflip,,sign,0.53515625,"[0.1,1)",16,0.0761258602142334,0.23946428298950195,0.23946428298950195,True,0.14224978258983456,0.16434673671274036,0,True,True,True,True
seq_0060,4,256,4,bitflip,,exponent,9.105211771126674e+37,"[10,inf)",16,1.2952162963554924e+37,1.7101885656534445e+37,1.7101885656534445e+37,True,0.14224999142389227,0.14708372798279254,0,True,True,True,True
seq_0060,4,256,4,bitflip,,mantissa,0.001953125,"[0.001,0.01)",16,0.0002777576446533203,0.0008739233016967773,0.0008739233016967773,True,0.1422119139896875,0.164306640540875,0,True,True,True,True
seq_0061,18,64,7,numeric,1e-06,,0.0,"[0,1e-07)",16,0.0,0.0,0.0,False,0.0,0.0,0,False,False,False,False
seq_0061,18,64,7,numeric,1e-05,,0.0,"[0,1e-07)",16,0.0,0.0,0.0,False,0.0,0.0,0,False,False,False,False
seq_0061,18,64,7,numeric,0.0001,,0.0,"[0,1e-07)",16,0.0,0.0,0.0,False,0.0,0.0,0,False,False,False,False
seq_0061,18,64,7,numeric,0.001,,0.0,"[0,1e-07)",16,0.0,0.0,0.0,False,0.0,0.0,0,False,False,False,False
seq_0061,18,64,7,numeric,0.01,,0.0078125,"[0.001,0.01)",16,8.96453857421875e-05,0.001553654670715332,0.001553654670715332,True,0.01147460937353125,0.14779663084045702,0,True,True,True,True
seq_0061,18,64,7,numeric,0.1,,0.08984375,"[0.01,0.1)",16,0.0010313987731933594,0.017867565155029297,0.017867565155029297,True,0.011479916779763528,0.14777407438694215,0,True,True,True,True
seq_0061,18,64,7,bitflip,,sign,1.8046875,"[1,10)",16,0.020718097686767578,0.3589050769805908,0.3589050769805908,True,0.01148015802556182,0.14777417203556475,0,True,True,True,True
seq_0061,18,64,7,bitflip,,exponent,3.0705166702631557e+38,"[10,inf)",16,3.524992152096744e+36,2.8836026540860074e+37,2.8836026540860074e+37,True,0.01148012706211635,0.06801759629022508,7,True,True,True,True
seq_0061,18,64,7,bitflip,,mantissa,0.00390625,"[0.001,0.01)",16,4.482269287109375e-05,0.0007768869400024414,0.0007768869400024414,True,0.011474609372062499,0.14776611324342187,0,True,True,True,True
seq_0061,18,256,7,numeric,1e-06,,0.0,"[0,1e-07)",16,0.0,0.0,0.0,False,0.0,0.0,0,False,False,False,False
seq_0061,18,256,7,numeric,1e-05,,0.0,"[0,1e-07)",16,0.0,0.0,0.0,False,0.0,0.0,0,False,False,False,False
seq_0061,18,256,7,numeric,0.0001,,0.0,"[0,1e-07)",16,0.0,0.0,0.0,False,0.0,0.0,0,False,False,False,False
seq_0061,18,256,7,numeric,0.001,,0.0,"[0,1e-07)",16,0.0,0.0,0.0,False,0.0,0.0,0,False,False,False,False
seq_0061,18,256,7,numeric,0.01,,0.0625,"[0.01,0.1)",16,0.016745567321777344,0.03780674934387207,0.03780674934387207,True,0.2679290771441506,0.41984558104796993,0,True,True,True,True
seq_0061,18,256,7,numeric,0.1,,0.53125,"[0.1,1)",16,0.14233613014221191,0.3213574290275574,0.3213574290275574,True,0.2679268332083652,0.4060339086188359,0,True,True,True,True
seq_0061,18,256,7,bitflip,,sign,10.3125,"[10,inf)",16,2.7629988193511963,6.2381110191345215,6.2381110191345215,True,0.26792715824009,0.4060339725378394,0,True,True,True,True
seq_0061,18,256,7,bitflip,,exponent,5.15625,"[1,10)",16,1.3814994096755981,3.11905574798584,3.11905574798584,True,0.267927158240064,0.4060339262990453,0,True,True,True,True
seq_0061,18,256,7,bitflip,,mantissa,0.03125,"[0.01,0.1)",16,0.00837254524230957,0.018903374671936035,0.018903374671936035,True,0.2679214477453328,0.4060325622428663,0,True,True,True,True
seq_0062,31,64,0,numeric,1e-06,,0.0,"[0,1e-07)",16,0.0,0.0,0.0,False,0.0,0.0,0,False,False,False,False
seq_0062,31,64,0,numeric,1e-05,,0.0,"[0,1e-07)",16,0.0,0.0,0.0,False,0.0,0.0,0,False,False,False,False
seq_0062,31,64,0,numeric,0.0001,,0.0,"[0,1e-07)",16,0.0,0.0,0.0,False,0.0,0.0,0,False,False,False,False
seq_0062,31,64,0,numeric,0.001,,0.0,"[0,1e-07)",16,0.0,0.0,0.0,False,0.0,0.0,0,False,False,False,False
seq_0062,31,64,0,numeric,0.01,,0.00048828125,"[0.0001,0.001)",16,6.771087646484375e-05,9.632110595703125e-05,9.632110595703125e-05,True,0.138671874716,0.113281249768,0,True,True,True,True
seq_0062,31,64,0,numeric,0.1,,0.005615234375,"[0.001,0.01)",16,0.0007753372192382812,0.0011005401611328125,0.0011005401611328125,True,0.13807744562758412,0.11396059780579205,0,True,True,True,True
seq_0062,31,64,0,bitflip,,sign,0.11572265625,"[0.1,1)",16,0.01598215103149414,0.02269458770751953,0.02269458770751953,True,0.13810736418657027,0.11393229166568213,0,True,True,True,True
seq_0062,31,64,0,bitflip,,exponent,1.9689189687564066e+37,"[10,inf)",16,2.71921068188697e+36,3.8612792570150396e+36,3.8612792570150396e+36,True,0.1381067847400778,0.1139381022392949,0,True,True,True,True
seq_0062,31,64,0,bitflip,,mantissa,0.000244140625,"[0.0001,0.001)",16,3.3855438232421875e-05,4.863739013671875e-05,4.863739013671875e-05,True,0.138671874432,0.11328124953600001,0,True,True,True,True
seq_0062,31,256,0,numeric,1e-06,,0.0,"[0,1e-07)",16,0.0,0.0,0.0,False,0.0,0.0,0,False,False,False,False
seq_0062,31,256,0,numeric,1e-05,,0.0,"[0,1e-07)",16,0.0,0.0,0.0,False,0.0,0.0,0,False,False,False,False
seq_0062,31,256,0,numeric,0.0001,,0.0,"[0,1e-07)",16,0.0,0.0,0.0,False,0.0,0.0,0,False,False,False,False
seq_0062,31,256,0,numeric,0.001,,0.0,"[0,1e-07)",16,0.0,0.0,0.0,False,0.0,0.0,0,False,False,False,False
seq_0062,31,256,0,numeric,0.01,,0.015625,"[0.01,0.1)",16,0.002460002899169922,0.004811763763427734,0.004811763763427734,True,0.15744018553679884,0.1360352039250096,0,True,True,True,True
seq_0062,31,256,0,numeric,0.1,,0.1953125,"[0.1,1)",16,0.030750751495361328,0.06015205383300781,0.06015205383300781,True,0.1574438476554439,0.13603519439627615,0,True,True,True,True
seq_0062,31,256,0,bitflip,,sign,3.90625,"[1,10)",16,0.6150069236755371,1.2030398845672607,1.2030398845672607,True,0.1574417724608972,0.1360351867675433,0,True,True,True,True
seq_0062,31,256,0,bitflip,,exponent,,nonfinite,16,,0.0,,False,,,16,True,True,True,True
seq_0062,31,256,0,bitflip,,mantissa,0.0078125,"[0.001,0.01)",16,0.0012297630310058594,0.0024061203002929688,0.0024061203002929688,True,0.15740966794860156,0.13603496549772423,0,True,True,True,True
seq_0063,4,64,5,numeric,1e-06,,0.0,"[0,1e-07)",16,0.0,0.0,0.0,False,0.0,0.0,0,False,False,False,False
seq_0063,4,64,5,numeric,1e-05,,0.0,"[0,1e-07)",16,0.0,0.0,0.0,False,0.0,0.0,0,False,False,False,False
seq_0063,4,64,5,numeric,0.0001,,0.0,"[0,1e-07)",16,0.0,0.0,0.0,False,0.0,0.0,0,False,False,False,False
seq_0063,4,64,5,numeric,0.001,,0.0,"[0,1e-07)",16,0.0,0.0,0.0,False,0.0,0.0,0,False,False,False,False
seq_0063,4,64,5,numeric,0.01,,0.0078125,"[0.001,0.01)",16,0.0012187957763671875,0.0014781951904296875,0.0014781951904296875,True,0.15600585935503125,0.11529541014149218,0,True,True,True,True
seq_0063,4,64,5,numeric,0.1,,0.07421875,"[0.01,0.1)",16,0.011582374572753906,0.014042377471923828,0.014042377471923828,True,0.1560572573992131,0.11531789679120939,0,True,True,True,True
seq_0063,4,64,5,bitflip,,sign,1.5234375,"[1,10)",16,0.2377481460571289,0.28824377059936523,0.28824377059936523,True,0.15606032151432062,0.1153190417166711,0,True,True,True,True
seq_0063,4,64,5,bitflip,,exponent,2.591994591780586e+38,"[10,inf)",16,,2.470007053339903e+37,2.470007053339903e+37,False,,0.08217353820800781,12,True,True,True,True
seq_0063,4,64,5,bitflip,,mantissa,0.00390625,"[0.001,0.01)",16,0.0006093978881835938,0.0007390975952148438,0.0007390975952148438,True,0.15600585933506247,0.11529541012673436,0,True,True,True,True
seq_0063,4,256,5,numeric,1e-06,,0.0,"[0,1e-07)",16,0.0,0.0,0.0,False,0.0,0.0,0,False,False,False,False
seq_0063,4,256,5,numeric,1e-05,,0.0,"[0,1e-07)",16,0.0,0.0,0.0,False,0.0,0.0,0,False,False,False,False
seq_0063,4,256,5,numeric,0.0001,,0.0,"[0,1e-07)",16,0.0,0.0,0.0,False,0.0,0.0,0,False,False,False,False
seq_0063,4,256,5,numeric,0.001,,0.0,"[0,1e-07)",16,0.0,0.0,0.0,False,0.0,0.0,0,False,False,False,False
seq_0063,4,256,5,numeric,0.01,,0.0078125,"[0.001,0.01)",16,0.0011544227600097656,0.002524852752685547,0.002524852752685547,True,0.14776611326233594,0.20166015622418748,0,True,True,True,True
seq_0063,4,256,5,numeric,0.1,,0.08203125,"[0.01,0.1)",16,0.012122154235839844,0.026509761810302734,0.026509761810302734,True,0.14777483258748425,0.2016369047594467,0,True,True,True,True
seq_0063,4,256,5,bitflip,,sign,1.6328125,"[1,10)",16,0.2412877082824707,0.5276756286621094,0.5276756286621094,True,0.14777429023989155,0.20163591740792075,0,True,True,True,True
seq_0063,4,256,5,bitflip,,exponent,2.778086511190474e+38,"[10,inf)",16,,2.091015778678829e+37,2.091015778678829e+37,False,,0.05075424595883018,2,True,True,True,True
seq_0063,4,256,5,bitflip,,mantissa,0.00390625,"[0.001,0.01)",16,0.0005772113800048828,0.0012621879577636719,0.0012621879577636719,True,0.14776611324342187,0.201660156198375,0,True,True,True,True
seq_0064,18,64,1,numeric,1e-06,,0.0,"[0,1e-07)",16,0.0,0.0,0.0,False,0.0,0.0,0,False,False,False,False
seq_0064,18,64,1,numeric,1e-05,,0.0,"[0,1e-07)",16,0.0,0.0,0.0,False,0.0,0.0,0,False,False,False,False
seq_0064,18,64,1,numeric,0.0001,,0.0,"[0,1e-07)",16,0.0,0.0,0.0,False,0.0,0.0,0,False,False,False,False
seq_0064,18,64,1,numeric,0.001,,0.0,"[0,1e-07)",16,0.0,0.0,0.0,False,0.0,0.0,0,False,False,False,False
seq_0064,18,64,1,numeric,0.01,,0.015625,"[0.01,0.1)",16,0.0007500648498535156,0.003452777862548828,0.003452777862548828,True,0.048004150387552735,0.10910034178989259,0,True,True,True,True
seq_0064,18,64,1,numeric,0.1,,0.1640625,"[0.1,1)",16,0.00787353515625,0.03625297546386719,0.03625297546386719,True,0.04799107142827891,0.10910470145022784,0,True,True,True,True
seq_0064,18,64,1,bitflip,,sign,3.296875,"[1,10)",16,0.15822410583496094,0.728513240814209,0.728513240814209,True,0.0479921458456608,0.10910431920631317,0,True,True,True,True
seq_0064,18,64,1,bitflip,,exponent,,nonfinite,16,,0.0,,False,,,16,True,True,True,True
seq_0064,18,64,1,bitflip,,mantissa,0.0078125,"[0.001,0.01)",16,0.0003752708435058594,0.0017261505126953125,0.0017261505126953125,True,0.04803466796260156,0.10910034178291016,0,True,True,True,True
seq_0064,18,256,1,numeric,1e-06,,0.0,"[0,1e-07)",16,0.0,0.0,0.0,False,0.0,0.0,0,False,False,False,False
seq_0064,18,256,1,numeric,1e-05,,0.0,"[0,1e-07)",16,0.0,0.0,0.0,False,0.0,0.0,0,False,False,False,False
seq_0064,18,256,1,numeric,0.0001,,0.0,"[0,1e-07)",16,0.0,0.0,0.0,False,0.0,0.0,0,False,False,False,False
seq_0064,18,256,1,numeric,0.001,,0.0,"[0,1e-07)",16,0.0,0.0,0.0,False,0.0,0.0,0,False,False,False,False
seq_0064,18,256,1,numeric,0.01,,0.015625,"[0.01,0.1)",16,0.001596689224243164,0.00289154052734375,0.00289154052734375,True,0.10218811034502247,0.10218811034502247,0,True,True,True,True
seq_0064,18,256,1,numeric,0.1,,0.171875,"[0.1,1)",16,0.017565488815307617,0.031807899475097656,0.031807899475097656,True,0.10219920765210425,0.10219920765210425,0,True,True,True,True
seq_0064,18,256,1,bitflip,,sign,3.4375,"[1,10)",16,0.35130882263183594,0.6361546516418457,0.6361546516418457,True,0.10219893022014072,0.10219893022014072,0,True,True,True,True
seq_0064,18,256,1,bitflip,,exponent,,nonfinite,16,,0.0,,False,,,16,True,True,True,True
seq_0064,18,256,1,bitflip,,mantissa,0.0078125,"[0.001,0.01)",16,0.0007984638214111328,0.001445770263671875,0.001445770263671875,True,0.10220336912754296,0.10220336912754296,0,True,True,True,True
seq_0065,31,64,1,numeric,1e-06,,0.0,"[0,1e-07)",16,0.0,0.0,0.0,False,0.0,0.0,0,False,False,False,False
seq_0065,31,64,1,numeric,1e-05,,0.0,"[0,1e-07)",16,0.0,0.0,0.0,False,0.0,0.0,0,False,False,False,False
seq_0065,31,64,1,numeric,0.0001,,0.0,"[0,1e-07)",16,0.0,0.0,0.0,False,0.0,0.0,0,False,False,False,False
seq_0065,31,64,1,numeric,0.001,,0.0,"[0,1e-07)",16,0.0,0.0,0.0,False,0.0,0.0,0,False,False,False,False
seq_0065,31,64,1,numeric,0.01,,0.0078125,"[0.001,0.01)",16,0.002524852752685547,0.0031719207763671875,0.0031719207763671875,True,0.3231811523023828,0.2969360351182422,0,True,True,True,True
seq_0065,31,64,1,numeric,0.1,,0.1171875,"[0.1,1)",16,0.037871360778808594,0.04758167266845703,0.04758167266845703,True,0.3231689453097423,0.2969319661432995,0,True,True,True,True
seq_0065,31,64,1,bitflip,,sign,2.3125,"[1,10)",16,0.7473301887512207,0.9389538764953613,0.9389538764953613,True,0.32316981135173944,0.2969296429607035,0,True,True,True,True
seq_0065,31,64,1,bitflip,,exponent,,nonfinite,16,,0.0,,False,,,16,True,True,True,True
seq_0065,31,64,1,bitflip,,mantissa,0.0078125,"[0.001,0.01)",16,0.002524852752685547,0.0031719207763671875,0.0031719207763671875,True,0.3231811523023828,0.2969360351182422,0,True,True,True,True
seq_0065,31,256,1,numeric,1e-06,,0.0,"[0,1e-07)",16,0.0,0.0,0.0,False,0.0,0.0,0,False,False,False,False
seq_0065,31,256,1,numeric,1e-05,,0.0,"[0,1e-07)",16,0.0,0.0,0.0,False,0.0,0.0,0,False,False,False,False
seq_0065,31,256,1,numeric,0.0001,,0.0,"[0,1e-07)",16,0.0,0.0,0.0,False,0.0,0.0,0,False,False,False,False
seq_0065,31,256,1,numeric,0.001,,0.0,"[0,1e-07)",16,0.0,0.0,0.0,False,0.0,0.0,0,False,False,False,False
seq_0065,31,256,1,numeric,0.01,,0.00390625,"[0.001,0.01)",16,0.00019931793212890625,0.00034999847412109375,0.00034999847412109375,True,0.0510253906119375,0.046874999987999995,0,True,True,True,True
seq_0065,31,256,1,numeric,0.1,,0.05859375,"[0.01,0.1)",16,0.002994537353515625,0.005260467529296875,0.005260467529296875,True,0.05110677083246111,0.04695638020753195,0,True,True,True,True
seq_0065,31,256,1,bitflip,,sign,1.15625,"[1,10)",16,0.059082984924316406,0.10379600524902344,0.10379600524902344,True,0.051098797772337556,0.046955830342020194,0,True,True,True,True
seq_0065,31,256,1,bitflip,,exponent,1.9672574337616755e+38,"[10,inf)",16,1.0052589686616881e+37,1.8067491880595694e+37,1.8067491880595694e+37,True,0.05109951302811906,0.06939866091753985,0,True,True,True,True
seq_0065,31,256,1,bitflip,,mantissa,0.00390625,"[0.001,0.01)",16,0.0002002716064453125,0.0003509521484375,0.0003509521484375,True,0.05126953123687499,0.047119140612937496,0,True,True,True,True
seq_0066,4,64,4,numeric,1e-06,,0.0,"[0,1e-07)",16,0.0,0.0,0.0,False,0.0,0.0,0,False,False,False,False
seq_0066,4,64,4,numeric,1e-05,,0.0,"[0,1e-07)",16,0.0,0.0,0.0,False,0.0,0.0,0,False,False,False,False
seq_0066,4,64,4,numeric,0.0001,,0.0,"[0,1e-07)",16,0.0,0.0,0.0,False,0.0,0.0,0,False,False,False,False
seq_0066,4,64,4,numeric,0.001,,0.0,"[0,1e-07)",16,0.0,0.0,0.0,False,0.0,0.0,0,False,False,False,False
seq_0066,4,64,4,numeric,0.01,,0.000244140625,"[0.0001,0.001)",16,3.388524055480957e-05,4.267692565917969e-05,4.267692565917969e-05,True,0.138793944744,0.097366332609,0,True,True,True,True
seq_0066,4,64,4,numeric,0.1,,0.0018310546875,"[0.001,0.01)",16,0.000254213809967041,0.0003198981285095215,0.0003198981285095215,True,0.13883463534084445,0.09736531570203388,0,True,True,True,True
seq_0066,4,64,4,bitflip,,sign,0.03662109375,"[0.01,0.1)",16,0.005082905292510986,0.006397902965545654,0.006397902965545654,True,0.13879720051704325,0.09736526488991941,0,True,True,True,True
seq_0066,4,64,4,bitflip,,exponent,6.230756230241793e+36,"[10,inf)",16,8.648123141669269e+35,1.0885448015191205e+36,1.0885448015191205e+36,True,0.13879732767740885,0.09736529032389322,0,True,True,True,True
seq_0066,4,64,4,bitflip,,mantissa,0.0001220703125,"[0.0001,0.001)",16,1.6868114471435547e-05,2.130866050720215e-05,2.130866050720215e-05,True,0.138183592618,0.0973663322101875,0,True,True,True,True
seq_0066,4,256,4,numeric,1e-06,,0.0,"[0,1e-07)",16,0.0,0.0,0.0,False,0.0,0.0,0,False,False,False,False
seq_0066,4,256,4,numeric,1e-05,,0.0,"[0,1e-07)",16,0.0,0.0,0.0,False,0.0,0.0,0,False,False,False,False
seq_0066,4,256,4,numeric,0.0001,,0.0,"[0,1e-07)",16,0.0,0.0,0.0,False,0.0,0.0,0,False,False,False,False
seq_0066,4,256,4,numeric,0.001,,0.0,"[0,1e-07)",16,0.0,0.0,0.0,False,0.0,0.0,0,False,False,False,False
seq_0066,4,256,4,numeric,0.01,,0.0078125,"[0.001,0.01)",16,0.0011224746704101562,0.002567887306213379,0.002567887306213379,True,0.14367675779410938,0.13464355467026562,0,True,True,True,True
seq_0066,4,256,4,numeric,0.1,,0.08203125,"[0.01,0.1)",16,0.011782169342041016,0.026963233947753906,0.026963233947753906,True,0.1436302548345586,0.1346551804299061,0,True,True,True,True
seq_0066,4,256,4,bitflip,,sign,1.6484375,"[1,10)",16,0.23676681518554688,0.5418317317962646,0.5418317317962646,True,0.1436310537617612,0.13465396826857945,0,True,True,True,True
seq_0066,4,256,4,bitflip,,exponent,2.8046710711061725e+38,"[10,inf)",16,,3.001917048147469e+37,3.001917048147469e+37,False,,0.10634222527815833,12,True,True,True,True
seq_0066,4,256,4,bitflip,,mantissa,0.00390625,"[0.001,0.01)",16,0.0005612373352050781,0.001283884048461914,0.001283884048461914,True,0.14367675777571873,0.13464355465303124,0,True,True,True,True
seq_0067,18,64,7,numeric,1e-06,,0.0,"[0,1e-07)",16,0.0,0.0,0.0,False,0.0,0.0,0,False,False,False,False
seq_0067,18,64,7,numeric,1e-05,,0.0,"[0,1e-07)",16,0.0,0.0,0.0,False,0.0,0.0,0,False,False,False,False
seq_0067,18,64,7,numeric,0.0001,,0.0,"[0,1e-07)",16,0.0,0.0,0.0,False,0.0,0.0,0,False,False,False,False
seq_0067,18,64,7,numeric,0.001,,0.0,"[0,1e-07)",16,0.0,0.0,0.0,False,0.0,0.0,0,False,False,False,False
seq_0067,18,64,7,numeric,0.01,,0.03125,"[0.01,0.1)",16,0.004272937774658203,0.009322207421064377,0.009322207421064377,True,0.13673400878468703,0.21958923339141065,0,True,True,True,True
seq_0067,18,64,7,numeric,0.1,,0.25,"[0.1,1)",16,0.03418159484863281,0.07457766681909561,0.07457766681909561,True,0.13672637939398435,0.21958994865329645,0,True,True,True,True
seq_0067,18,64,7,bitflip,,sign,5.0625,"[1,10)",16,0.6921749114990234,1.5101977586746216,1.5101977586746216,True,0.13672590844422453,0.21958979853872976,0,True,True,True,True
seq_0067,18,64,7,bitflip,,exponent,2.53125,"[1,10)",16,0.3460869789123535,0.7550988793373108,0.7550988793373108,True,0.13672572006408565,0.21958982208620037,0,True,True,True,True
seq_0067,18,64,7,bitflip,,mantissa,0.015625,"[0.01,0.1)",16,0.00213623046875,0.004661101847887039,0.004661101847887039,True,0.13671874999125,0.2195892333843838,0,True,True,True,True
seq_0067,18,256,7,numeric,1e-06,,0.0,"[0,1e-07)",16,0.0,0.0,0.0,False,0.0,0.0,0,False,False,False,False
seq_0067,18,256,7,numeric,1e-05,,0.0,"[0,1e-07)",16,0.0,0.0,0.0,False,0.0,0.0,0,False,False,False,False
seq_0067,18,256,7,numeric,0.0001,,0.0,"[0,1e-07)",16,0.0,0.0,0.0,False,0.0,0.0,0,False,False,False,False
seq_0067,18,256,7,numeric,0.001,,0.0,"[0,1e-07)",16,0.0,0.0,0.0,False,0.0,0.0,0,False,False,False,False
seq_0067,18,256,7,numeric,0.01,,0.015625,"[0.01,0.1)",16,0.002244234085083008,0.005956172943115234,0.005956172943115234,True,0.14363098143612013,0.1760864257699805,0,True,True,True,True
seq_0067,18,256,7,numeric,0.1,,0.203125,"[0.1,1)",16,0.0291750431060791,0.07742643356323242,0.07742643356323242,True,0.1436309814446054,0.17608877328639272,0,True,True,True,True
seq_0067,18,256,7,bitflip,,sign,4.09375,"[1,10)",16,0.5879898071289062,1.5604338645935059,1.5604338645935059,True,0.14363109792458323,0.17608613458294242,0,True,True,True,True
seq_0067,18,256,7,bitflip,,exponent,2.046875,"[1,10)",16,0.2939949035644531,0.780217170715332,0.780217170715332,True,0.14363109792454815,0.1760860763432465,0,True,True,True,True
seq_0067,18,256,7,bitflip,,mantissa,0.015625,"[0.01,0.1)",16,0.002244234085083008,0.005955696105957031,0.005955696105957031,True,0.14363098143612013,0.1760864257699805,0,True,True,True,True
seq_0068,31,64,0,numeric,1e-06,,0.0,"[0,1e-07)",16,0.0,0.0,0.0,False,0.0,0.0,0,False,False,False,False
seq_0068,31,64,0,numeric,1e-05,,0.0,"[0,1e-07)",16,0.0,0.0,0.0,False,0.0,0.0,0,False,False,False,False
seq_0068,31,64,0,numeric,0.0001,,0.0,"[0,1e-07)",16,0.0,0.0,0.0,False,0.0,0.0,0,False,False,False,False
seq_0068,31,64,0,numeric,0.001,,0.0,"[0,1e-07)",16,0.0,0.0,0.0,False,0.0,0.0,0,False,False,False,False
seq_0068,31,64,0,numeric,0.01,,0.00390625,"[0.001,0.01)",16,0.00017547607421875,0.0007607936859130859,0.0007607936859130859,True,0.0449218749885,0.09387207028846874,0,True,True,True,True
seq_0068,31,64,0,numeric,0.1,,0.052734375,"[0.01,0.1)",16,0.0023670196533203125,0.010268926620483398,0.010268926620483398,True,0.04488570601766735,0.0939127604148858,0,True,True,True,True
seq_0068,31,64,0,bitflip,,sign,1.0390625,"[1,10)",16,0.04663801193237305,0.20233726501464844,0.20233726501464844,True,0.0448847032130677,0.09391245447594344,0,True,True,True,True
seq_0068,31,64,0,bitflip,,exponent,1.767873234393938e+38,"[10,inf)",16,7.935047178242736e+36,1.2573997436494838e+37,1.2573997436494838e+37,True,0.04488470679835269,0.05420691626412528,0,True,True,True,True
seq_0068,31,64,0,bitflip,,mantissa,0.00390625,"[0.001,0.01)",16,0.00017547607421875,0.0007607936859130859,0.0007607936859130859,True,0.0449218749885,0.09387207028846874,0,True,True,True,True
seq_0068,31,256,0,numeric,1e-06,,0.0,"[0,1e-07)",16,0.0,0.0,0.0,False,0.0,0.0,0,False,False,False,False
seq_0068,31,256,0,numeric,1e-05,,0.0,"[0,1e-07)",16,0.0,0.0,0.0,False,0.0,0.0,0,False,False,False,False
seq_0068,31,256,0,numeric,0.0001,,0.0,"[0,1e-07)",16,0.0,0.0,0.0,False,0.0,0.0,0,False,False,False,False
seq_0068,31,256,0,numeric,0.001,,0.0,"[0,1e-07)",16,0.0,0.0,0.0,False,0.0,0.0,0,False,False,False,False
seq_0068,31,256,0,numeric,0.01,,0.001953125,"[0.001,0.01)",16,0.00013256072998046875,0.0005340576171875,0.0005340576171875,True,0.06787109371525,0.0645751952794375,0,True,True,True,True
seq_0068,31,256,0,numeric,0.1,,0.0166015625,"[0.01,0.1)",16,0.0011301040649414062,0.00453948974609375,0.00453948974609375,True,0.06807215073119377,0.06453929227552423,0,True,True,True,True
seq_0068,31,256,0,bitflip,,sign,0.328125,"[0.1,1)",16,0.022318363189697266,0.08972597122192383,0.08972597122192383,True,0.0680178687683939,0.06456502278626157,0,True,True,True,True
seq_0068,31,256,0,bitflip,,exponent,5.582757582296647e+37,"[10,inf)",16,3.797257514188463e+36,1.5266131101560933e+37,1.5266131101560933e+37,True,0.06801759629022508,0.06456492628370013,0,True,True,True,True
seq_0068,31,256,0,bitflip,,mantissa,0.0009765625,"[0.0001,0.001)",16,6.580352783203125e-05,0.00026702880859375,0.00026702880859375,True,0.067382812431,0.0649414061835,0,True,True,True,True
seq_0069,4,64,5,numeric,1e-06,,0.0,"[0,1e-07)",16,0.0,0.0,0.0,False,0.0,0.0,0,False,False,False,False
seq_0069,4,64,5,numeric,1e-05,,0.0,"[0,1e-07)",16,0.0,0.0,0.0,False,0.0,0.0,0,False,False,False,False
seq_0069,4,64,5,numeric,0.0001,,0.0,"[0,1e-07)",16,0.0,0.0,0.0,False,0.0,0.0,0,False,False,False,False
seq_0069,4,64,5,numeric,0.001,,0.0,"[0,1e-07)",16,0.0,0.0,0.0,False,0.0,0.0,0,False,False,False,False
seq_0069,4,64,5,numeric,0.01,,0.00390625,"[0.001,0.01)",16,0.0006260871887207031,0.0008630752563476562,0.0008630752563476562,True,0.16027832027146874,0.18774414057693747,0,True,True,True,True
seq_0069,4,64,5,numeric,0.1,,0.029296875,"[0.01,0.1)",16,0.004693508148193359,0.006474018096923828,0.006474018096923828,True,0.16020507811953166,0.18782552082692222,0,True,True,True,True
seq_0069,4,64,5,bitflip,,sign,0.59375,"[0.1,1)",16,0.09512090682983398,0.13120174407958984,0.13120174407958984,True,0.16020363255524006,0.1878252531349633,0,True,True,True,True
seq_0069,4,64,5,bitflip,,exponent,1.010213276796536e+38,"[10,inf)",16,1.618400901287299e+37,2.232276930375502e+37,2.232276930375502e+37,True,0.16020388352243523,0.18782524058693334,0,True,True,True,True
seq_0069,4,64,5,bitflip,,mantissa,0.001953125,"[0.001,0.01)",16,0.00031280517578125,0.0004315376281738281,0.0004315376281738281,True,0.160156249918,0.187744140528875,0,True,True,True,True
seq_0069,4,256,5,numeric,1e-06,,0.0,"[0,1e-07)",16,0.0,0.0,0.0,False,0.0,0.0,0,False,False,False,False
seq_0069,4,256,5,numeric,1e-05,,0.0,"[0,1e-07)",16,0.0,0.0,0.0,False,0.0,0.0,0,False,False,False,False
seq_0069,4,256,5,numeric,0.0001,,0.0,"[0,1e-07)",16,0.0,0.0,0.0,False,0.0,0.0,0,False,False,False,False
seq_0069,4,256,5,numeric,0.001,,0.0,"[0,1e-07)",16,0.0,0.0,0.0,False,0.0,0.0,0,False,False,False,False
seq_0069,4,256,5,numeric,0.01,,0.001953125,"[0.001,0.01)",16,0.0002498626708984375,0.0004367828369140625,0.0004367828369140625,True,0.1279296874345,0.1097412108813125,0,True,True,True,True
seq_0069,4,256,5,numeric,0.1,,0.02734375,"[0.01,0.1)",16,0.0034928321838378906,0.006117820739746094,0.006117820739746094,True,0.12773786271854273,0.10980224608973438,0,True,True,True,True
seq_0069,4,256,5,bitflip,,sign,0.54296875,"[0.1,1)",16,0.06936359405517578,0.12147998809814453,0.12147998809814453,True,0.12774877754023237,0.1097952204640514,0,True,True,True,True
seq_0069,4,256,5,bitflip,,exponent,9.238134570705165e+37,"[10,inf)",16,1.1801603981619176e+37,2.0668755280035029e+37,2.0668755280035029e+37,True,0.12774877754046762,0.10979489799883725,0,True,True,True,True
seq_0069,4,256,5,bitflip,,mantissa,0.001953125,"[0.001,0.01)",16,0.0002493858337402344,0.0004372596740722656,0.0004372596740722656,True,0.127685546809625,0.10986328119375,0,True,True,True,True
seq_0070,18,64,1,numeric,1e-06,,0.0,"[0,1e-07)",16,0.0,0.0,0.0,False,0.0,0.0,0,False,False,False,False
seq_0070,18,64,1,numeric,1e-05,,0.0,"[0,1e-07)",16,0.0,0.0,0.0,False,0.0,0.0,0,False,False,False,False
seq_0070,18,64,1,numeric,0.0001,,0.0,"[0,1e-07)",16,0.0,0.0,0.0,False,0.0,0.0,0,False,False,False,False
seq_0070,18,64,1,numeric,0.001,,0.0,"[0,1e-07)",16,0.0,0.0,0.0,False,0.0,0.0,0,False,False,False,False
seq_0070,18,64,1,numeric,0.01,,0.01171875,"[0.01,0.1)",16,0.0015454292297363281,0.0021038055419921875,0.0021038055419921875,True,0.1318766275929132,0.06766764322339236,0,True,True,True,True
seq_0070,18,64,1,numeric,0.1,,0.1015625,"[0.1,1)",16,0.013395309448242188,0.018234729766845703,0.018234729766845703,True,0.13189227764293213,0.06767390324452598,0,True,True,True,True
seq_0070,18,64,1,bitflip,,sign,2.0,"[1,10)",16,0.26378393173217773,0.3494105339050293,0.3494105339050293,True,0.13189196586602292,0.0628385543822928,0,True,True,True,True
seq_0070,18,64,1,bitflip,,exponent,,nonfinite,16,,0.0,,False,,,16,True,True,True,True
seq_0070,18,64,1,bitflip,,mantissa,0.0078125,"[0.001,0.01)",16,0.0010304450988769531,0.0009546279907226562,0.0010304450988769531,False,0.13189697263936717,0.06140136717964062,0,True,True,True,True
seq_0070,18,256,1,numeric,1e-06,,0.0,"[0,1e-07)",16,0.0,0.0,0.0,False,0.0,0.0,0,False,False,False,False
seq_0070,18,256,1,numeric,1e-05,,0.0,"[0,1e-07)",16,0.0,0.0,0.0,False,0.0,0.0,0,False,False,False,False
seq_0070,18,256,1,numeric,0.0001,,0.0,"[0,1e-07)",16,0.0,0.0,0.0,False,0.0,0.0,0,False,False,False,False
seq_0070,18,256,1,numeric,0.001,,0.0,"[0,1e-07)",16,0.0,0.0,0.0,False,0.0,0.0,0,False,False,False,False
seq_0070,18,256,1,numeric,0.01,,0.03125,"[0.01,0.1)",16,0.0063018798828125,0.015535354614257812,0.015535354614257812,True,0.20166015624354688,0.27343749999125,0,True,True,True,True
seq_0070,18,256,1,numeric,0.1,,0.328125,"[0.1,1)",16,0.0661611557006836,0.16313934326171875,0.16313934326171875,True,0.20163399832527837,0.27345203217922615,0,True,True,True,True
seq_0070,18,256,1,bitflip,,sign,6.71875,"[1,10)",16,1.3547420501708984,3.340458869934082,3.340458869934082,True,0.20163602607191766,0.27345148130900726,0,True,True,True,True
seq_0070,18,256,1,bitflip,,exponent,3.359375,"[1,10)",16,0.6773710250854492,1.6702280044555664,1.6702280044555664,True,0.20163602607188766,0.27345141033785464,0,True,True,True,True
seq_0070,18,256,1,bitflip,,mantissa,0.015625,"[0.01,0.1)",16,0.00315093994140625,0.0077667236328125,0.0077667236328125,True,0.20166015623709377,0.2734374999825,0,True,True,True,True
seq_0071,31,64,1,numeric,1e-06,,0.0,"[0,1e-07)",16,0.0,0.0,0.0,False,0.0,0.0,0,False,False,False,False
seq_0071,31,64,1,numeric,1e-05,,0.0,"[0,1e-07)",16,0.0,0.0,0.0,False,0.0,0.0,0,False,False,False,False
seq_0071,31,64,1,numeric,0.0001,,0.0,"[0,1e-07)",16,0.0,0.0,0.0,False,0.0,0.0,0,False,False,False,False
seq_0071,31,64,1,numeric,0.001,,0.0,"[0,1e-07)",16,0.0,0.0,0.0,False,0.0,0.0,0,False,False,False,False
seq_0071,31,64,1,numeric,0.01,,0.0078125,"[0.001,0.01)",16,0.00017642974853515625,0.0008845329284667969,0.0008845329284667969,True,0.022583007809609375,0.06872558592870312,0,True,True,True,True
seq_0071,31,64,1,numeric,0.1,,0.09375,"[0.01,0.1)",16,0.0021200180053710938,0.010617256164550781,0.010617256164550781,True,0.022613525390383787,0.06870524088468381,0,True,True,True,True
seq_0071,31,64,1,bitflip,,sign,1.90625,"[1,10)",16,0.043109893798828125,0.21587753295898438,0.21587753295898438,True,0.022615026255111085,0.06870807585165453,0,True,True,True,True
seq_0071,31,64,1,bitflip,,exponent,3.2433163097151947e+38,"[10,inf)",16,7.334755673281759e+36,2.8331192295222783e+37,2.8331192295222783e+37,True,0.022614987170109985,0.054206914589053294,4,True,True,True,True
seq_0071,31,64,1,bitflip,,mantissa,0.00390625,"[0.001,0.01)",16,8.869171142578125e-05,0.0004425048828125,0.0004425048828125,True,0.022705078119187497,0.06860351560743749,0,True,True,True,True
seq_0071,31,256,1,numeric,1e-06,,0.0,"[0,1e-07)",16,0.0,0.0,0.0,False,0.0,0.0,0,False,False,False,False
seq_0071,31,256,1,numeric,1e-05,,0.0,"[0,1e-07)",16,0.0,0.0,0.0,False,0.0,0.0,0,False,False,False,False
seq_0071,31,256,1,numeric,0.0001,,0.0,"[0,1e-07)",16,0.0,0.0,0.0,False,0.0,0.0,0,False,False,False,False
seq_0071,31,256,1,numeric,0.001,,0.0,"[0,1e-07)",16,0.0,0.0,0.0,False,0.0,0.0,0,False,False,False,False
seq_0071,31,256,1,numeric,0.01,,0.015625,"[0.01,0.1)",16,0.0007119178771972656,0.001758575439453125,0.001758575439453125,True,0.045562744137708985,0.05041503905927344,0,True,True,True,True
seq_0071,31,256,1,numeric,0.1,,0.140625,"[0.1,1)",16,0.006409168243408203,0.015633583068847656,0.015633583068847656,True,0.04557630750835646,0.05040825737811376,0,True,True,True,True
seq_0071,31,256,1,bitflip,,sign,2.8125,"[1,10)",16,0.12818050384521484,0.3126821517944336,0.3126821517944336,True,0.045575290256060184,0.050408935546857075,0,True,True,True,True
seq_0071,31,256,1,bitflip,,exponent,,nonfinite,16,,0.0,,False,,,16,True,True,True,True
seq_0071,31,256,1,bitflip,,mantissa,0.0078125,"[0.001,0.01)",16,0.00035572052001953125,0.0008792877197265625,0.0008792877197265625,True,0.04553222655667187,0.05041503905604687,0,True,True,True,True
seq_0072,4,64,4,numeric,1e-06,,0.0,"[0,1e-07)",16,0.0,0.0,0.0,False,0.0,0.0,0,False,False,False,False
seq_0072,4,64,4,numeric,1e-05,,0.0,"[0,1e-07)",16,0.0,0.0,0.0,False,0.0,0.0,0,False,False,False,False
seq_0072,4,64,4,numeric,0.0001,,0.0,"[0,1e-07)",16,0.0,0.0,0.0,False,0.0,0.0,0,False,False,False,False
seq_0072,4,64,4,numeric,0.001,,0.0,"[0,1e-07)",16,0.0,0.0,0.0,False,0.0,0.0,0,False,False,False,False
seq_0072,4,64,4,numeric,0.01,,0.00390625,"[0.001,0.01)",16,0.00038051605224609375,0.0009279251098632812,0.0009279251098632812,True,0.09741210935006249,0.11737060543870312,0,True,True,True,True
seq_0072,4,64,4,numeric,0.1,,0.041015625,"[0.01,0.1)",16,0.003993511199951172,0.009743094444274902,0.009743094444274902,True,0.09736560639643566,0.11739095051797123,0,True,True,True,True
seq_0072,4,64,4,bitflip,,sign,0.82421875,"[0.1,1)",16,0.08025026321411133,0.19578790664672852,0.19578790664672852,True,0.09736524825965676,0.11739085409864312,0,True,True,True,True
seq_0072,4,64,4,bitflip,,exponent,1.4023355355530862e+38,"[10,inf)",16,1.3653879826865462e+37,2.7501433847734993e+37,2.7501433847734993e+37,True,0.0973652844180428,0.0973652844180428,1,True,True,True,True
seq_0072,4,64,4,bitflip,,mantissa,0.001953125,"[0.001,0.01)",16,0.0001900196075439453,0.0004639625549316406,0.0004639625549316406,True,0.0972900390126875,0.117431640564875,0,True,True,True,True
seq_0072,4,256,4,numeric,1e-06,,0.0,"[0,1e-07)",16,0.0,0.0,0.0,False,0.0,0.0,0,False,False,False,False
seq_0072,4,256,4,numeric,1e-05,,0.0,"[0,1e-07)",16,0.0,0.0,0.0,False,0.0,0.0,0,False,False,False,False
seq_0072,4,256,4,numeric,0.0001,,0.0,"[0,1e-07)",16,0.0,0.0,0.0,False,0.0,0.0,0,False,False,False,False
seq_0072,4,256,4,numeric,0.001,,0.0,"[0,1e-07)",16,0.0,0.0,0.0,False,0.0,0.0,0,False,False,False,False
seq_0072,4,256,4,numeric,0.01,,0.0009765625,"[0.0001,0.001)",16,0.00015175342559814453,0.00017535686492919922,0.00017535686492919922,True,0.155395507653375,0.136108398298125,0,True,True,True,True
seq_0072,4,256,4,numeric,0.1,,0.01123046875,"[0.01,0.1)",16,0.0017448663711547852,0.002016305923461914,0.002016305923461914,True,0.1553689707742089,0.13602878735201795,0,True,True,True,True
seq_0072,4,256,4,bitflip,,sign,0.2265625,"[0.1,1)",16,0.03520113229751587,0.04067671298980713,0.04067671298980713,True,0.15537051496766013,0.1360352614824276,0,True,True,True,True
seq_0072,4,256,4,bitflip,,exponent,3.854761187776256e+37,"[10,inf)",16,5.989147730265994e+36,6.920792960921828e+36,6.920792960921828e+36,True,0.15537013678715147,0.1360351874910552,0,True,True,True,True
seq_0072,4,256,4,bitflip,,mantissa,0.00048828125,"[0.0001,0.001)",16,7.581710815429688e-05,8.7738037109375e-05,8.7738037109375e-05,True,0.155273437182,0.1359863278465,0,True,True,True,True
seq_0073,18,64,7,numeric,1e-06,,0.0,"[0,1e-07)",16,0.0,0.0,0.0,False,0.0,0.0,0,False,False,False,False
seq_0073,18,64,7,numeric,1e-05,,0.0,"[0,1e-07)",16,0.0,0.0,0.0,False,0.0,0.0,0,False,False,False,False
seq_0073,18,64,7,numeric,0.0001,,0.0,"[0,1e-07)",16,0.0,0.0,0.0,False,0.0,0.0,0,False,False,False,False
seq_0073,18,64,7,numeric,0.001,,0.0,"[0,1e-07)",16,0.0,0.0,0.0,False,0.0,0.0,0,False,False,False,False
seq_0073,18,64,7,numeric,0.01,,0.001953125,"[0.001,0.01)",16,0.0002238750457763672,0.0002751350402832031,0.0002751350402832031,True,0.1146240233788125,0.07147216793215624,0,True,True,True,True
seq_0073,18,64,7,numeric,0.1,,0.021484375,"[0.01,0.1)",16,0.002462625503540039,0.0030264854431152344,0.0030264854431152344,True,0.11462402343216478,0.07146939364013934,0,True,True,True,True
seq_0073,18,64,7,bitflip,,sign,0.42578125,"[0.1,1)",16,0.04880690574645996,0.05997943878173828,0.05997943878173828,True,0.11462906303728812,0.0714702081241154,0,True,True,True,True
seq_0073,18,64,7,bitflip,,exponent,7.2442925770277915e+37,"[10,inf)",16,8.304033647306569e+36,1.0204957485812513e+37,1.0204957485812513e+37,True,0.11462863432158024,0.07147026499477002,0,True,True,True,True
seq_0073,18,64,7,bitflip,,mantissa,0.0009765625,"[0.0001,0.001)",16,0.00011205673217773438,0.0001652240753173828,0.0001652240753173828,True,0.1147460936325,0.09399414052875,0,True,True,True,True
seq_0073,18,256,7,numeric,1e-06,,0.0,"[0,1e-07)",16,0.0,0.0,0.0,False,0.0,0.0,0,False,False,False,False
seq_0073,18,256,7,numeric,1e-05,,0.0,"[0,1e-07)",16,0.0,0.0,0.0,False,0.0,0.0,0,False,False,False,False
seq_0073,18,256,7,numeric,0.0001,,0.0,"[0,1e-07)",16,0.0,0.0,0.0,False,0.0,0.0,0,False,False,False,False
seq_0073,18,256,7,numeric,0.001,,0.0,"[0,1e-07)",16,0.0,0.0,0.0,False,0.0,0.0,0,False,False,False,False
seq_0073,18,256,7,numeric,0.01,,0.00390625,"[0.001,0.01)",16,0.0009765625,0.0011868476867675781,0.0011868476867675781,True,0.24999999993599997,0.1657104491763281,0,True,True,True,True
seq_0073,18,256,7,numeric,0.1,,0.052734375,"[0.01,0.1)",16,0.01318216323852539,0.016022682189941406,0.016022682189941406,True,0.24997287325914866,0.1657262731450055,0,True,True,True,True
seq_0073,18,256,7,bitflip,,sign,1.0546875,"[1,10)",16,0.2636435031890869,0.3204512596130371,0.3204512596130371,True,0.24997309931978612,0.16572808159706506,0,True,True,True,True
seq_0073,18,256,7,bitflip,,exponent,1.7944577943096364e+38,"[10,inf)",16,,2.924356353232745e+37,2.924356353232745e+37,False,,0.12429611771195023,6,True,True,True,True
seq_0073,18,256,7,bitflip,,mantissa,0.00390625,"[0.001,0.01)",16,0.0009763240814208984,0.0011868476867675781,0.0011868476867675781,True,0.2499389647797656,0.1657104491763281,0,True,True,True,True
seq_0074,31,64,0,numeric,1e-06,,0.0,"[0,1e-07)",16,0.0,0.0,0.0,False,0.0,0.0,0,False,False,False,False
seq_0074,31,64,0,numeric,1e-05,,0.0,"[0,1e-07)",16,0.0,0.0,0.0,False,0.0,0.0,0,False,False,False,False
seq_0074,31,64,0,numeric,0.0001,,0.0,"[0,1e-07)",16,0.0,0.0,0.0,False,0.0,0.0,0,False,False,False,False
seq_0074,31,64,0,numeric,0.001,,0.0,"[0,1e-07)",16,0.0,0.0,0.0,False,0.0,0.0,0,False,False,False,False
seq_0074,31,64,0,numeric,0.01,,0.015625,"[0.01,0.1)",16,0.0004208087921142578,0.002352118492126465,0.002352118492126465,True,0.02693176269358887,0.06871032714404005,0,True,True,True,True
seq_0074,31,64,0,numeric,0.1,,0.203125,"[0.1,1)",16,0.00547027587890625,0.030577659606933594,0.030577659606933594,True,0.02693058894217511,0.06870797964208963,0,True,True,True,True
seq_0074,31,64,0,bitflip,,sign,4.125,"[1,10)",16,0.11108922958374023,0.6209625005722046,0.6209625005722046,True,0.026930722323324437,0.06870813080757093,0,True,True,True,True
seq_0074,31,64,0,bitflip,,exponent,2.0625,"[1,10)",16,0.055544376373291016,0.3104811906814575,0.3104811906814575,True,0.02693060672643107,0.06870813080755428,0,True,True,True,True
seq_0074,31,64,0,bitflip,,mantissa,0.015625,"[0.01,0.1)",16,0.0004208087921142578,0.002352118492126465,0.002352118492126465,True,0.02693176269358887,0.06871032714404005,0,True,True,True,True
seq_0074,31,256,0,numeric,1e-06,,0.0,"[0,1e-07)",16,0.0,0.0,0.0,False,0.0,0.0,0,False,False,False,False
seq_0074,31,256,0,numeric,1e-05,,0.0,"[0,1e-07)",16,0.0,0.0,0.0,False,0.0,0.0,0,False,False,False,False
seq_0074,31,256,0,numeric,0.0001,,0.0,"[0,1e-07)",16,0.0,0.0,0.0,False,0.0,0.0,0,False,False,False,False
seq_0074,31,256,0,numeric,0.001,,0.0,"[0,1e-07)",16,0.0,0.0,0.0,False,0.0,0.0,0,False,False,False,False
seq_0074,31,256,0,numeric,0.01,,0.00390625,"[0.001,0.01)",16,0.0003428459167480469,0.00047779083251953125,0.00047779083251953125,True,0.08776855466503124,0.07519531248075,0,True,True,True,True
seq_0074,31,256,0,numeric,0.1,,0.029296875,"[0.01,0.1)",16,0.0025691986083984375,0.003459453582763672,0.003459453582763672,True,0.08769531249700667,0.0752766927057639,0,True,True,True,True
seq_0074,31,256,0,bitflip,,sign,0.6015625,"[0.1,1)",16,0.05275535583496094,0.07352542877197266,0.07352542877197266,True,0.08769721489433474,0.07526823762162813,0,True,True,True,True
seq_0074,31,256,0,bitflip,,exponent,1.0235055567543852e+38,"[10,inf)",16,8.975919522867236e+36,1.250974656582227e+37,1.250974656582227e+37,True,0.08769780939275568,0.07526820046561104,0,True,True,True,True
seq_0074,31,256,0,bitflip,,mantissa,0.001953125,"[0.001,0.01)",16,0.000171661376953125,0.00023889541625976562,0.00023889541625976562,True,0.087890624955,0.0751953124615,0,True,True,True,True
seq_0075,4,64,5,numeric,1e-06,,0.0,"[0,1e-07)",16,0.0,0.0,0.0,False,0.0,0.0,0,False,False,False,False
seq_0075,4,64,5,numeric,1e-05,,0.0,"[0,1e-07)",16,0.0,0.0,0.0,False,0.0,0.0,0,False,False,False,False
seq_0075,4,64,5,numeric,0.0001,,0.0,"[0,1e-07)",16,0.0,0.0,0.0,False,0.0,0.0,0,False,False,False,False
seq_0075,4,64,5,numeric,0.001,,0.0,"[0,1e-07)",16,0.0,0.0,0.0,False,0.0,0.0,0,False,False,False,False
seq_0075,4,64,5,numeric,0.01,,0.0078125,"[0.001,0.01)",16,0.0008955001831054688,0.0019207000732421875,0.0019207000732421875,True,0.11462402342282813,0.1450195312314375,0,True,True,True,True
seq_0075,4,64,5,numeric,0.1,,0.06640625,"[0.01,0.1)",16,0.007611751556396484,0.016324520111083984,0.016324520111083984,True,0.11462402343577388,0.1450267118544337,0,True,True,True,True
seq_0075,4,64,5,bitflip,,sign,1.3203125,"[1,10)",16,0.15134525299072266,0.3245725631713867,0.3245725631713867,True,0.1146283572946617,0.14501266930924667,0,True,True,True,True
seq_0075,4,64,5,bitflip,,exponent,2.246395312876508e+38,"[10,inf)",16,2.5750123837495685e+37,2.7456457604438895e+37,2.7456457604438895e+37,True,0.11462863944691314,0.11462863944691314,0,True,True,True,True
seq_0075,4,64,5,bitflip,,mantissa,0.00390625,"[0.001,0.01)",16,0.0004477500915527344,0.0009603500366210938,0.0009603500366210938,True,0.11462402340815624,0.14501953121287497,0,True,True,True,True
seq_0075,4,256,5,numeric,1e-06,,0.0,"[0,1e-07)",16,0.0,0.0,0.0,False,0.0,0.0,0,False,False,False,False
seq_0075,4,256,5,numeric,1e-05,,0.0,"[0,1e-07)",16,0.0,0.0,0.0,False,0.0,0.0,0,False,False,False,False
seq_0075,4,256,5,numeric,0.0001,,0.0,"[0,1e-07)",16,0.0,0.0,0.0,False,0.0,0.0,0,False,False,False,False
seq_0075,4,256,5,numeric,0.001,,0.0,"[0,1e-07)",16,0.0,0.0,0.0,False,0.0,0.0,0,False,False,False,False
seq_0075,4,256,5,numeric,0.01,,0.0009765625,"[0.0001,0.001)",16,0.000202178955078125,0.0002884864807128906,0.0002884864807128906,True,0.207031249788,0.1821289060635,0,True,True,True,True
seq_0075,4,256,5,numeric,0.1,,0.013671875,"[0.01,0.1)",16,0.0028319358825683594,0.004040241241455078,0.004040241241455078,True,0.20713588168127806,0.18226841516523978,0,True,True,True,True
seq_0075,4,256,5,bitflip,,sign,0.2734375,"[0.1,1)",16,0.05664539337158203,0.08081436157226562,0.08081436157226562,True,0.20716029575817096,0.18230154854844047,0,True,True,True,True
seq_0075,4,256,5,bitflip,,exponent,4.652297985247206e+37,"[10,inf)",16,9.637709195222385e+36,1.374979787718233e+37,1.374979787718233e+37,True,0.20716018676757814,0.18230096272059848,0,True,True,True,True
seq_0075,4,256,5,bitflip,,mantissa,0.0009765625,"[0.0001,0.001)",16,0.000202178955078125,0.0002884864807128906,0.0002884864807128906,True,0.207031249788,0.1821289060635,0,True,True,True,True
seq_0076,18,64,1,numeric,1e-06,,0.0,"[0,1e-07)",16,0.0,0.0,0.0,False,0.0,0.0,0,False,False,False,False
seq_0076,18,64,1,numeric,1e-05,,0.0,"[0,1e-07)",16,0.0,0.0,0.0,False,0.0,0.0,0,False,False,False,False
seq_0076,18,64,1,numeric,0.0001,,0.0,"[0,1e-07)",16,0.0,0.0,0.0,False,0.0,0.0,0,False,False,False,False
seq_0076,18,64,1,numeric,0.001,,0.0,"[0,1e-07)",16,0.0,0.0,0.0,False,0.0,0.0,0,False,False,False,False
seq_0076,18,64,1,numeric,0.01,,0.00390625,"[0.001,0.01)",16,0.00026977062225341797,0.0006365776062011719,0.0006365776062011719,True,0.06906127927919531,0.097167968725125,0,True,True,True,True
seq_0076,18,64,1,numeric,0.1,,0.044921875,"[0.01,0.1)",16,0.003101944923400879,0.007320761680603027,0.007320761680603027,True,0.06905199133677806,0.09738026494348441,0,True,True,True,True
seq_0076,18,64,1,bitflip,,sign,0.90625,"[0.1,1)",16,0.06257963180541992,0.1476879119873047,0.1476879119873047,True,0.06905338681969751,0.09736475451228481,0,True,True,True,True
seq_0076,18,64,1,bitflip,,exponent,1.5419044751105024e+38,"[10,inf)",16,1.0647373883545167e+37,1.9591168604901419e+37,1.9591168604901419e+37,True,0.06905339504110403,0.06905339504110403,0,True,True,True,True
seq_0076,18,64,1,bitflip,,mantissa,0.001953125,"[0.001,0.01)",16,0.0001348257064819336,0.00031828880310058594,0.00031828880310058594,True,0.06903076168340624,0.09765624995,0,True,True,True,True
seq_0076,18,256,1,numeric,1e-06,,0.0,"[0,1e-07)",16,0.0,0.0,0.0,False,0.0,0.0,0,False,False,False,False
seq_0076,18,256,1,numeric,1e-05,,0.0,"[0,1e-07)",16,0.0,0.0,0.0,False,0.0,0.0,0,False,False,False,False
seq_0076,18,256,1,numeric,0.0001,,0.0,"[0,1e-07)",16,0.0,0.0,0.0,False,0.0,0.0,0,False,False,False,False
seq_0076,18,256,1,numeric,0.001,,0.0,"[0,1e-07)",16,0.0,0.0,0.0,False,0.0,0.0,0,False,False,False,False
seq_0076,18,256,1,numeric,0.01,,0.00390625,"[0.001,0.01)",16,0.0008578300476074219,0.0011544227600097656,0.0011544227600097656,True,0.21960449213128122,0.201660156198375,0,True,True,True,True
seq_0076,18,256,1,numeric,0.1,,0.05078125,"[0.01,0.1)",16,0.011150836944580078,0.01500844955444336,0.01500844955444336,True,0.21958571213509892,0.20163198617391404,0,True,True,True,True
seq_0076,18,256,1,bitflip,,sign,1.015625,"[1,10)",16,0.2230210304260254,0.30016660690307617,0.30016660690307617,True,0.21958993765002416,0.20163574218730146,0,True,True,True,True
seq_0076,18,256,1,bitflip,,exponent,1.7279963945203906e+38,"[10,inf)",16,,2.6251284431693514e+37,2.6251284431693514e+37,False,,0.14570267017071065,10,True,True,True,True
seq_0076,18,256,1,bitflip,,mantissa,0.00390625,"[0.001,0.01)",16,0.0008578300476074219,0.0011544227600097656,0.0011544227600097656,True,0.21960449213128122,0.201660156198375,0,True,True,True,True
seq_0077,31,64,1,numeric,1e-06,,0.0,"[0,1e-07)",16,0.0,0.0,0.0,False,0.0,0.0,0,False,False,False,False
seq_0077,31,64,1,numeric,1e-05,,0.0,"[0,1e-07)",16,0.0,0.0,0.0,False,0.0,0.0,0,False,False,False,False
seq_0077,31,64,1,numeric,0.0001,,0.0,"[0,1e-07)",16,0.0,0.0,0.0,False,0.0,0.0,0,False,False,False,False
seq_0077,31,64,1,numeric,0.001,,0.0,"[0,1e-07)",16,0.0,0.0,0.0,False,0.0,0.0,0,False,False,False,False
seq_0077,31,64,1,numeric,0.01,,0.00390625,"[0.001,0.01)",16,0.00022125244140625,0.0009331703186035156,0.0009331703186035156,True,0.056640624985499995,0.07861328122987499,0,True,True,True,True
seq_0077,31,64,1,numeric,0.1,,0.05078125,"[0.01,0.1)",16,0.0028753280639648438,0.012132644653320312,0.012132644653320312,True,0.05662184495080806,0.07910156249844232,0,True,True,True,True
seq_0077,31,64,1,bitflip,,sign,1.015625,"[1,10)",16,0.05750846862792969,0.24265766143798828,0.24265766143798828,True,0.05662372295667501,0.07906681941097983,0,True,True,True,True
seq_0077,31,64,1,bitflip,,exponent,1.7279963945203906e+38,"[10,inf)",16,9.784569686385326e+36,1.503482669948909e+37,1.503482669948909e+37,True,0.05662378531235915,0.05662378531235915,8,True,True,True,True
seq_0077,31,64,1,bitflip,,mantissa,0.00390625,"[0.001,0.01)",16,0.00022125244140625,0.0009331703186035156,0.0009331703186035156,True,0.056640624985499995,0.07861328122987499,0,True,True,True,True
seq_0077,31,256,1,numeric,1e-06,,0.0,"[0,1e-07)",16,0.0,0.0,0.0,False,0.0,0.0,0,False,False,False,False
seq_0077,31,256,1,numeric,1e-05,,0.0,"[0,1e-07)",16,0.0,0.0,0.0,False,0.0,0.0,0,False,False,False,False
seq_0077,31,256,1,numeric,0.0001,,0.0,"[0,1e-07)",16,0.0,0.0,0.0,False,0.0,0.0,0,False,False,False,False
seq_0077,31,256,1,numeric,0.001,,0.0,"[0,1e-07)",16,0.0,0.0,0.0,False,0.0,0.0,0,False,False,False,False
seq_0077,31,256,1,numeric,0.01,,0.015625,"[0.01,0.1)",16,0.0015645027160644531,0.0031938552856445312,0.0031938552856445312,True,0.1001281738217168,0.10357666014962111,0,True,True,True,True
seq_0077,31,256,1,numeric,0.1,,0.140625,"[0.1,1)",16,0.014080524444580078,0.028743743896484375,0.028743743896484375,True,0.10012817382741297,0.10358344183954118,0,True,True,True,True
seq_0077,31,256,1,bitflip,,sign,2.859375,"[1,10)",16,0.2863020896911621,0.5844507217407227,0.5844507217407227,True,0.100127506777202,0.10357999541065366,0,True,True,True,True
seq_0077,31,256,1,bitflip,,exponent,,nonfinite,16,,0.0,,False,,,16,True,True,True,True
seq_0077,31,256,1,bitflip,,mantissa,0.0078125,"[0.001,0.01)",16,0.0007824897766113281,0.0015964508056640625,0.0015964508056640625,True,0.10015869139342969,0.10351562498674999,0,True,True,True,True
seq_0078,4,64,4,numeric,1e-06,,0.0,"[0,1e-07)",16,0.0,0.0,0.0,False,0.0,0.0,0,False,False,False,False
seq_0078,4,64,4,numeric,1e-05,,0.0,"[0,1e-07)",16,0.0,0.0,0.0,False,0.0,0.0,0,False,False,False,False
seq_0078,4,64,4,numeric,0.0001,,0.0,"[0,1e-07)",16,0.0,0.0,0.0,False,0.0,0.0,0,False,False,False,False
seq_0078,4,64,4,numeric,0.001,,0.0,"[0,1e-07)",16,0.0,0.0,0.0,False,0.0,0.0,0,False,False,False,False
seq_0078,4,64,4,numeric,0.01,,0.0078125,"[0.001,0.01)",16,0.0005906820297241211,0.001996070146560669,0.001996070146560669,True,0.07560729979500976,0.10841369627518554,0,True,True,True,True
seq_0078,4,64,4,numeric,0.1,,0.05859375,"[0.01,0.1)",16,0.004430532455444336,0.014970570802688599,0.014970570802688599,True,0.07561442057162618,0.10841267903460809,0,True,True,True,True
seq_0078,4,64,4,bitflip,,sign,1.171875,"[1,10)",16,0.08860957622528076,0.31883248686790466,0.31883248686790466,True,0.07561350504550839,0.12015291849761882,0,True,True,True,True
seq_0078,4,64,4,bitflip,,exponent,1.9938419936773738e+38,"[10,inf)",16,1.5076130558996325e+37,3.0014579051000662e+37,3.0014579051000662e+37,True,0.07561346689860025,0.11048543294270834,4,True,True,True,True
seq_0078,4,64,4,bitflip,,mantissa,0.00390625,"[0.001,0.01)",16,0.00029528141021728516,0.0010627806186676025,0.0010627806186676025,True,0.07559204099627342,0.11462402340815624,0,True,True,True,True
seq_0078,4,256,4,numeric,1e-06,,0.0,"[0,1e-07)",16,0.0,0.0,0.0,False,0.0,0.0,0,False,False,False,False
seq_0078,4,256,4,numeric,1e-05,,0.0,"[0,1e-07)",16,0.0,0.0,0.0,False,0.0,0.0,0,False,False,False,False
seq_0078,4,256,4,numeric,0.0001,,0.0,"[0,1e-07)",16,0.0,0.0,0.0,False,0.0,0.0,0,False,False,False,False
seq_0078,4,256,4,numeric,0.001,,0.0,"[0,1e-07)",16,0.0,0.0,0.0,False,0.0,0.0,0,False,False,False,False
seq_0078,4,256,4,numeric,0.01,,0.015625,"[0.01,0.1)",16,0.002524852752685547,0.0040569305419921875,0.0040569305419921875,True,0.16159057616153322,0.15261077879882667,0,True,True,True,True
seq_0078,4,256,4,numeric,0.1,,0.1328125,"[0.1,1)",16,0.021460533142089844,0.03448367118835449,0.03448367118835449,True,0.1615851907156951,0.15260808607996307,0,True,True,True,True
seq_0078,4,256,4,bitflip,,sign,2.625,"[1,10)",16,0.42416059970855713,0.6815569400787354,0.6815569400787354,True,0.16158499036510307,0.15260800861171175,0,True,True,True,True
seq_0078,4,256,4,bitflip,,exponent,,nonfinite,16,,0.0,,False,,,16,True,True,True,True
seq_0078,4,256,4,bitflip,,mantissa,0.0078125,"[0.001,0.01)",16,0.0012623071670532227,0.0020284652709960938,0.0020284652709960938,True,0.16157531736213085,0.1526031493945293,0,True,True,True,True
seq_0079,18,64,7,numeric,1e-06,,0.0,"[0,1e-07)",16,0.0,0.0,0.0,False,0.0,0.0,0,False,False,False,False
seq_0079,18,64,7,numeric,1e-05,,0.0,"[0,1e-07)",16,0.0,0.0,0.0,False,0.0,0.0,0,False,False,False,False
seq_0079,18,64,7,numeric,0.0001,,0.0,"[0,1e-07)",16,0.0,0.0,0.0,False,0.0,0.0,0,False,False,False,False
seq_0079,18,64,7,numeric,0.001,,0.0,"[0,1e-07)",16,0.0,0.0,0.0,False,0.0,0.0,0,False,False,False,False
seq_0079,18,64,7,numeric,0.01,,0.00390625,"[0.001,0.01)",16,0.0009818077087402344,0.0009062290191650391,0.0009818077087402344,False,0.25134277337315625,0.18371582026546873,0,True,True,True,True
seq_0079,18,64,7,numeric,0.1,,0.05078125,"[0.01,0.1)",16,0.012764215469360352,0.011782169342041016,0.012764215469360352,False,0.2513568584686079,0.1836876502367674,0,True,True,True,True
seq_0079,18,64,7,bitflip,,sign,1.015625,"[1,10)",16,0.2552816867828369,0.23564457893371582,0.2552816867828369,False,0.2513542762166996,0.18368201622578068,0,True,True,True,True
seq_0079,18,64,7,bitflip,,exponent,1.7279963945203906e+38,"[10,inf)",16,,0.0,,False,,,16,True,True,True,True
seq_0079,18,64,7,bitflip,,mantissa,0.00390625,"[0.001,0.01)",16,0.0009818077087402344,0.0009064674377441406,0.0009818077087402344,False,0.25134277337315625,0.18371582026546873,0,True,True,True,True
seq_0079,18,256,7,numeric,1e-06,,0.0,"[0,1e-07)",16,0.0,0.0,0.0,False,0.0,0.0,0,False,False,False,False
seq_0079,18,256,7,numeric,1e-05,,0.0,"[0,1e-07)",16,0.0,0.0,0.0,False,0.0,0.0,0,False,False,False,False
seq_0079,18,256,7,numeric,0.0001,,0.0,"[0,1e-07)",16,0.0,0.0,0.0,False,0.0,0.0,0,False,False,False,False
seq_0079,18,256,7,numeric,0.001,,0.0,"[0,1e-07)",16,0.0,0.0,0.0,False,0.0,0.0,0,False,False,False,False
seq_0079,18,256,7,numeric,0.01,,0.0009765625,"[0.0001,0.001)",16,5.1915645599365234e-05,0.00014293193817138672,0.00014293193817138672,True,0.0531616210393125,0.0668945311815,0,True,True,True,True
seq_0079,18,256,7,numeric,0.1,,0.0107421875,"[0.01,0.1)",16,0.0005711913108825684,0.0015726089477539062,0.0015726089477539062,True,0.053172718389936466,0.06698330965285537,0,True,True,True,True
seq_0079,18,256,7,bitflip,,sign,0.2158203125,"[0.1,1)",16,0.01147538423538208,0.03159457445144653,0.03159457445144653,True,0.05317101111754209,0.0669818032378118,0,True,True,True,True
seq_0079,18,256,7,bitflip,,exponent,3.67199233835583e+37,"[10,inf)",16,1.9524392574233196e+36,5.37554716165322e+36,5.37554716165322e+36,True,0.05317111468423006,0.06698179460758537,0,True,True,True,True
seq_0079,18,256,7,bitflip,,mantissa,0.00048828125,"[0.0001,0.001)",16,2.5957822799682617e-05,7.146596908569336e-05,7.146596908569336e-05,True,0.053161620984875,0.066894531113,0,True,True,True,True
seq_0080,31,64,0,numeric,1e-06,,0.0,"[0,1e-07)",16,0.0,0.0,0.0,False,0.0,0.0,0,False,False,False,False
seq_0080,31,64,0,numeric,1e-05,,0.0,"[0,1e-07)",16,0.0,0.0,0.0,False,0.0,0.0,0,False,False,False,False
seq_0080,31,64,0,numeric,0.0001,,0.0,"[0,1e-07)",16,0.0,0.0,0.0,False,0.0,0.0,0,False,False,False,False
seq_0080,31,64,0,numeric,0.001,,0.0,"[0,1e-07)",16,0.0,0.0,0.0,False,0.0,0.0,0,False,False,False,False
seq_0080,31,64,0,numeric,0.01,,0.0078125,"[0.001,0.01)",16,0.000690460205078125,0.0008144378662109375,0.0008144378662109375,True,0.0883789062386875,0.0732116699125039,0,True,True,True,True
seq_0080,31,64,0,numeric,0.1,,0.078125,"[0.01,0.1)",16,0.006905078887939453,0.008146286010742188,0.008146286010742188,True,0.08838500976449366,0.07319641113187558,0,True,True,True,True
seq_0080,31,64,0,bitflip,,sign,1.5703125,"[1,10)",16,0.13879728317260742,0.16373729705810547,0.16373729705810547,True,0.08838831963225093,0.07319663887588622,0,True,True,True,True
seq_0080,31,64,0,bitflip,,exponent,2.671748271527681e+38,"[10,inf)",16,2.36151416259889e+37,2.1770208013019136e+37,2.36151416259889e+37,False,0.08838834810019726,0.06594599064309799,0,True,True,True,True
seq_0080,31,64,0,bitflip,,mantissa,0.00390625,"[0.001,0.01)",16,0.0003452301025390625,0.00040721893310546875,0.00040721893310546875,True,0.08837890622737499,0.07324218748125,0,True,True,True,True
seq_0080,31,256,0,numeric,1e-06,,0.0,"[0,1e-07)",16,0.0,0.0,0.0,False,0.0,0.0,0,False,False,False,False
seq_0080,31,256,0,numeric,1e-05,,0.0,"[0,1e-07)",16,0.0,0.0,0.0,False,0.0,0.0,0,False,False,False,False
seq_0080,31,256,0,numeric,0.0001,,0.0,"[0,1e-07)",16,0.0,0.0,0.0,False,0.0,0.0,0,False,False,False,False
seq_0080,31,256,0,numeric,0.001,,0.0,"[0,1e-07)",16,0.0,0.0,0.0,False,0.0,0.0,0,False,False,False,False
seq_0080,31,256,0,numeric,0.01,,0.03125,"[0.01,0.1)",16,0.0032368898391723633,0.008243262767791748,0.008243262767791748,True,0.10358047485020105,0.1546783447216128,0,True,True,True,True
seq_0080,31,256,0,numeric,0.1,,0.265625,"[0.1,1)",16,0.02751338481903076,0.07006770372390747,0.07006770372390747,True,0.10357980167125529,0.1546792423018074,0,True,True,True,True
seq_0080,31,256,0,bitflip,,sign,5.40625,"[1,10)",16,0.5599799156188965,1.426081895828247,1.426081895828247,True,0.10358009999885187,0.15467957954183373,0,True,True,True,True
seq_0080,31,256,0,bitflip,,exponent,2.703125,"[1,10)",16,0.27998995780944824,0.7130410075187683,0.7130410075187683,True,0.1035800999988327,0.15467966774289799,0,True,True,True,True
seq_0080,31,256,0,bitflip,,mantissa,0.015625,"[0.01,0.1)",16,0.001618504524230957,0.004121661186218262,0.004121661186218262,True,0.10358428954415186,0.15469360350572461,0,True,True,True,True
seq_0081,4,64,5,numeric,1e-06,,0.0,"[0,1e-07)",16,0.0,0.0,0.0,False,0.0,0.0,0,False,False,False,False
seq_0081,4,64,5,numeric,1e-05,,0.0,"[0,1e-07)",16,0.0,0.0,0.0,False,0.0,0.0,0,False,False,False,False
seq_0081,4,64,5,numeric,0.0001,,0.0,"[0,1e-07)",16,0.0,0.0,0.0,False,0.0,0.0,0,False,False,False,False
seq_0081,4,64,5,numeric,0.001,,0.0,"[0,1e-07)",16,0.0,0.0,0.0,False,0.0,0.0,0,False,False,False,False
seq_0081,4,64,5,numeric,0.01,,0.03125,"[0.01,0.1)",16,0.012516021728515625,0.014760017395019531,0.014760017395019531,True,0.4005126952996836,0.34249877928591504,0,True,True,True,True
seq_0081,4,64,5,numeric,0.1,,0.421875,"[0.1,1)",16,0.16896533966064453,0.19926214218139648,0.19926214218139648,True,0.4005104347502081,0.3425066912607622,0,True,True,True,True
seq_0081,4,64,5,bitflip,,sign,8.3125,"[1,10)",16,3.329237461090088,3.9262032508850098,3.9262032508850098,True,0.40050976975515035,0.34250491723077997,0,True,True,True,True
seq_0081,4,64,5,bitflip,,exponent,4.15625,"[1,10)",16,1.6646184921264648,1.9631016254425049,1.9631016254425049,True,0.4005097123912335,0.34250497459460744,0,True,True,True,True
seq_0081,4,64,5,bitflip,,mantissa,0.03125,"[0.01,0.1)",16,0.012516021728515625,0.014760017395019531,0.014760017395019531,True,0.4005126952996836,0.3425292968640391,0,True,True,True,True
seq_0081,4,256,5,numeric,1e-06,,0.0,"[0,1e-07)",16,0.0,0.0,0.0,False,0.0,0.0,0,False,False,False,False
seq_0081,4,256,5,numeric,1e-05,,0.0,"[0,1e-07)",16,0.0,0.0,0.0,False,0.0,0.0,0,False,False,False,False
seq_0081,4,256,5,numeric,0.0001,,0.0,"[0,1e-07)",16,0.0,0.0,0.0,False,0.0,0.0,0,False,False,False,False
seq_0081,4,256,5,numeric,0.001,,0.0,"[0,1e-07)",16,0.0,0.0,0.0,False,0.0,0.0,0,False,False,False,False
seq_0081,4,256,5,numeric,0.01,,0.0078125,"[0.001,0.01)",16,0.00044226646423339844,0.00274050235748291,0.00274050235748291,True,0.0566101074146289,0.13809204099794922,0,True,True,True,True
seq_0081,4,256,5,numeric,0.1,,0.08203125,"[0.01,0.1)",16,0.004644870758056641,0.028775811195373535,0.028775811195373535,True,0.0566231863832383,0.13810802641200687,0,True,True,True,True
seq_0081,4,256,5,bitflip,,sign,1.6484375,"[1,10)",16,0.09334063529968262,0.5782574415206909,0.5782574415206909,True,0.0566237029305788,0.13810679358885283,0,True,True,True,True
seq_0081,4,256,5,bitflip,,exponent,2.8046710711061725e+38,"[10,inf)",16,1.5881108972550855e+37,2.963182462876775e+37,2.963182462876775e+37,True,0.056623784286715974,0.09045995016233616,4,True,True,True,True
seq_0081,4,256,5,bitflip,,mantissa,0.00390625,"[0.001,0.01)",16,0.00022125244140625,0.0013703107833862305,0.0013703107833862305,True,0.056640624985499995,0.13806152340215624,0,True,True,True,True
seq_0082,18,64,1,numeric,1e-06,,0.0,"[0,1e-07)",16,0.0,0.0,0.0,False,0.0,0.0,0,False,False,False,False
seq_0082,18,64,1,numeric,1e-05,,0.0,"[0,1e-07)",16,0.0,0.0,0.0,False,0.0,0.0,0,False,False,False,False
seq_0082,18,64,1,numeric,0.0001,,0.0,"[0,1e-07)",16,0.0,0.0,0.0,False,0.0,0.0,0,False,False,False,False
seq_0082,18,64,1,numeric,0.001,,0.0,"[0,1e-07)",16,0.0,0.0,0.0,False,0.0,0.0,0,False,False,False,False
seq_0082,18,64,1,numeric,0.01,,0.015625,"[0.01,0.1)",16,0.0020284652709960938,0.0034742355346679688,0.0034742355346679688,True,0.12982177733544142,0.10772705077435547,0,True,True,True,True
seq_0082,18,64,1,numeric,0.1,,0.203125,"[0.1,1)",16,0.02637004852294922,0.045165061950683594,0.045165061950683594,True,0.12982177734311087,0.10772235576870044,0,True,True,True,True
seq_0082,18,64,1,bitflip,,sign,4.1875,"[1,10)",16,0.5436229705810547,0.9310989379882812,0.9310989379882812,True,0.129820410884997,0.10772329301973874,0,True,True,True,True
seq_0082,18,64,1,bitflip,,exponent,2.09375,"[1,10)",16,0.27181148529052734,0.4655494689941406,0.4655494689941406,True,0.129820410884966,0.10772340689127317,0,True,True,True,True
seq_0082,18,64,1,bitflip,,mantissa,0.015625,"[0.01,0.1)",16,0.0020284652709960938,0.0034742355346679688,0.0034742355346679688,True,0.12982177733544142,0.10772705077435547,0,True,True,True,True
seq_0082,18,256,1,numeric,1e-06,,0.0,"[0,1e-07)",16,0.0,0.0,0.0,False,0.0,0.0,0,False,False,False,False
seq_0082,18,256,1,numeric,1e-05,,0.0,"[0,1e-07)",16,0.0,0.0,0.0,False,0.0,0.0,0,False,False,False,False
seq_0082,18,256,1,numeric,0.0001,,0.0,"[0,1e-07)",16,0.0,0.0,0.0,False,0.0,0.0,0,False,False,False,False
seq_0082,18,256,1,numeric,0.001,,0.0,"[0,1e-07)",16,0.0,0.0,0.0,False,0.0,0.0,0,False,False,False,False
seq_0082,18,256,1,numeric,0.01,,0.0078125,"[0.001,0.01)",16,0.0015645027160644531,0.001370278187096119,0.0015645027160644531,False,0.20025634763061717,0.1015319824088789,0,True,True,True,True
seq_0082,18,256,1,numeric,0.1,,0.06640625,"[0.01,0.1)",16,0.0132981538772583,0.011647365987300873,0.0132981538772583,False,0.20025455250157997,0.10150864544883904,0,True,True,True,True
seq_0082,18,256,1,bitflip,,sign,1.296875,"[1,10)",16,0.25970548391342163,0.22746612131595612,0.25970548391342163,False,0.20025483096923094,0.10150863463612278,0,True,True,True,True
seq_0082,18,256,1,bitflip,,exponent,2.2065184730029603e+38,"[10,inf)",16,,2.8797474750805933e+37,2.8797474750805933e+37,False,,0.10219902590096715,8,True,True,True,True
seq_0082,18,256,1,bitflip,,mantissa,0.00390625,"[0.001,0.01)",16,0.0007822513580322266,0.0006851390935480595,0.0007822513580322266,False,0.20025634760498434,0.10150146481776562,0,True,True,True,True
seq_0083,31,64,1,numeric,1e-06,,0.0,"[0,1e-07)",16,0.0,0.0,0.0,False,0.0,0.0,0,False,False,False,False
seq_0083,31,64,1,numeric,1e-05,,0.0,"[0,1e-07)",16,0.0,0.0,0.0,False,0.0,0.0,0,False,False,False,False
seq_0083,31,64,1,numeric,0.0001,,0.0,"[0,1e-07)",16,0.0,0.0,0.0,False,0.0,0.0,0,False,False,False,False
seq_0083,31,64,1,numeric,0.001,,0.0,"[0,1e-07)",16,0.0,0.0,0.0,False,0.0,0.0,0,False,False,False,False
seq_0083,31,64,1,numeric,0.01,,0.001953125,"[0.001,0.01)",16,9.250640869140625e-05,0.00014019012451171875,0.00014019012451171875,True,0.04736328122575,0.048583984350125,0,True,True,True,True
seq_0083,31,64,1,numeric,0.1,,0.0205078125,"[0.01,0.1)",16,0.0009698867797851562,0.00147247314453125,0.00147247314453125,True,0.04729352678340817,0.04866536458096032,0,True,True,True,True
seq_0083,31,64,1,bitflip,,sign,0.40234375,"[0.1,1)",16,0.019031524658203125,0.028894424438476562,0.028894424438476562,True,0.047301653519299915,0.04868235171407803,0,True,True,True,True
seq_0083,31,64,1,bitflip,,exponent,6.845524178292317e+37,"[10,inf)",16,3.238040740888731e+36,4.91614963339256e+36,4.91614963339256e+36,True,0.04730157481813894,0.04868264337187832,0,True,True,True,True
seq_0083,31,64,1,bitflip,,mantissa,0.0009765625,"[0.0001,0.001)",16,4.673004150390625e-05,7.009506225585938e-05,7.009506225585938e-05,True,0.047851562451,0.04882812495,0,True,True,True,True
seq_0083,31,256,1,numeric,1e-06,,0.0,"[0,1e-07)",16,0.0,0.0,0.0,False,0.0,0.0,0,False,False,False,False
seq_0083,31,256,1,numeric,1e-05,,0.0,"[0,1e-07)",16,0.0,0.0,0.0,False,0.0,0.0,0,False,False,False,False
seq_0083,31,256,1,numeric,0.0001,,0.0,"[0,1e-07)",16,0.0,0.0,0.0,False,0.0,0.0,0,False,False,False,False
seq_0083,31,256,1,numeric,0.001,,0.0,"[0,1e-07)",16,0.0,0.0,0.0,False,0.0,0.0,0,False,False,False,False
seq_0083,31,256,1,numeric,0.01,,0.0078125,"[0.001,0.01)",16,0.001127481460571289,0.0018343925476074219,0.0018343925476074219,True,0.14431762693465233,0.11670684812959277,0,True,True,True,True
seq_0083,31,256,1,numeric,0.1,,0.05859375,"[0.01,0.1)",16,0.008456230163574219,0.013756752014160156,0.013756752014160156,True,0.14431966145587027,0.11670023600061248,0,True,True,True,True
seq_0083,31,256,1,bitflip,,sign,1.203125,"[1,10)",16,0.17363691329956055,0.2824716567993164,0.2824716567993164,True,0.14432159027483946,0.11670025912188453,0,True,True,True,True
seq_0083,31,256,1,bitflip,,exponent,2.0470111135087704e+38,"[10,inf)",16,2.954278992121012e+37,1.477139496060506e+37,2.954278992121012e+37,False,0.14432159027495942,0.0531711144880815,0,True,True,True,True
seq_0083,31,256,1,bitflip,,mantissa,0.00390625,"[0.001,0.01)",16,0.0005636215209960938,0.0009169578552246094,0.0009169578552246094,True,0.1442871093380625,0.11669921872012498,0,True,True,True,True
seq_0000,4,64,4,numeric,1e-06,,0.0,"[0,1e-07)",16,0.0,0.0,0.0,False,0.0,0.0,0,False,False,False,False
seq_0000,4,64,4,numeric,1e-05,,0.0,"[0,1e-07)",16,0.0,0.0,0.0,False,0.0,0.0,0,False,False,False,False
seq_0000,4,64,4,numeric,0.0001,,0.0,"[0,1e-07)",16,0.0,0.0,0.0,False,0.0,0.0,0,False,False,False,False
seq_0000,4,64,4,numeric,0.001,,0.0,"[0,1e-07)",16,0.0,0.0,0.0,False,0.0,0.0,0,False,False,False,False
seq_0000,4,64,4,numeric,0.01,,0.0009765625,"[0.0001,0.001)",16,0.00013756752014160156,0.0001793503761291504,0.0001793503761291504,True,0.14086914048075,0.1284179686185,0,True,True,True,True
seq_0000,4,64,4,numeric,0.1,,0.01171875,"[0.01,0.1)",16,0.0016508102416992188,0.0021525025367736816,0.0021525025367736816,True,0.14086914061297917,0.12843831379112325,0,True,True,True,True
seq_0000,4,64,4,bitflip,,sign,0.234375,"[0.1,1)",16,0.0330161452293396,0.04305046796798706,0.04305046796798706,True,0.14086888631124792,0.1284393310541395,0,True,True,True,True
seq_0000,4,64,4,bitflip,,exponent,3.9876839873547476e+37,"[10,inf)",16,5.617407924098465e+36,7.324658836250941e+36,7.324658836250941e+36,True,0.14086893399556477,0.12843931516011556,0,True,True,True,True
seq_0000,4,64,4,bitflip,,mantissa,0.00048828125,"[0.0001,0.001)",16,6.878376007080078e-05,8.970499038696289e-05,8.970499038696289e-05,True,0.1408691403365,0.12854003879925,0,True,True,True,True
seq_0000,4,256,4,numeric,1e-06,,0.0,"[0,1e-07)",16,0.0,0.0,0.0,False,0.0,0.0,0,False,False,False,False
seq_0000,4,256,4,numeric,1e-05,,0.0,"[0,1e-07)",16,0.0,0.0,0.0,False,0.0,0.0,0,False,False,False,False
seq_0000,4,256,4,numeric,0.0001,,0.0,"[0,1e-07)",16,0.0,0.0,0.0,False,0.0,0.0,0,False,False,False,False
seq_0000,4,256,4,numeric,0.001,,0.0,"[0,1e-07)",16,0.0,0.0,0.0,False,0.0,0.0,0,False,False,False,False
seq_0000,4,256,4,numeric,0.01,,0.015625,"[0.01,0.1)",16,0.0007228851318359375,0.003711700439453125,0.003711700439453125,True,0.04626464843453906,0.1229095458905713,0,True,True,True,True
seq_0000,4,256,4,numeric,0.1,,0.1328125,"[0.1,1)",16,0.006144523620605469,0.03154897689819336,0.03154897689819336,True,0.046264648437151654,0.12291582892830245,0,True,True,True,True
seq_0000,4,256,4,bitflip,,sign,2.703125,"[1,10)",16,0.1250622272491455,0.6421103477478027,0.6421103477478027,True,0.046265795051689894,0.12291501436614853,0,True,True,True,True
seq_0000,4,256,4,bitflip,,exponent,,nonfinite,16,,0.0,,False,,,16,True,True,True,True
seq_0000,4,256,4,bitflip,,mantissa,0.0078125,"[0.001,0.01)",16,0.00036144256591796875,0.0018558502197265625,0.0018558502197265625,True,0.046264648431578126,0.12292480467176561,0,True,True,True,True
seq_0001,18,64,7,numeric,1e-06,,0.0,"[0,1e-07)",16,0.0,0.0,0.0,False,0.0,0.0,0,False,False,False,False
seq_0001,18,64,7,numeric,1e-05,,0.0,"[0,1e-07)",16,0.0,0.0,0.0,False,0.0,0.0,0,False,False,False,False
seq_0001,18,64,7,numeric,0.0001,,0.0,"[0,1e-07)",16,0.0,0.0,0.0,False,0.0,0.0,0,False,False,False,False
seq_0001,18,64,7,numeric,0.001,,0.0,"[0,1e-07)",16,0.0,0.0,0.0,False,0.0,0.0,0,False,False,False,False
seq_0001,18,64,7,numeric,0.01,,0.0078125,"[0.001,0.01)",16,0.0024276375770568848,0.0024924278259277344,0.0024924278259277344,True,0.31073760982350684,0.23200988766561523,0,True,True,True,True
seq_0001,18,64,7,numeric,0.1,,0.1015625,"[0.1,1)",16,0.03155958652496338,0.032401084899902344,0.032401084899902344,True,0.3107405442427337,0.23201986459356885,0,True,True,True,True
seq_0001,18,64,7,bitflip,,sign,2.015625,"[1,10)",16,0.626335859298706,0.6430377960205078,0.6430377960205078,True,0.310740271279824,0.23201946879530638,0,True,True,True,True
seq_0001,18,64,7,bitflip,,exponent,,nonfinite,16,,0.0,,False,,,16,True,True,True,True
seq_0001,18,64,7,bitflip,,mantissa,0.0078125,"[0.001,0.01)",16,0.0024276673793792725,0.002470850944519043,0.002470850944519043,True,0.31074142452077197,0.28726196285385547,0,True,True,True,True
seq_0001,18,256,7,numeric,1e-06,,0.0,"[0,1e-07)",16,0.0,0.0,0.0,False,0.0,0.0,0,False,False,False,False
seq_0001,18,256,7,numeric,1e-05,,0.0,"[0,1e-07)",16,0.0,0.0,0.0,False,0.0,0.0,0,False,False,False,False
seq_0001,18,256,7,numeric,0.0001,,0.0,"[0,1e-07)",16,0.0,0.0,0.0,False,0.0,0.0,0,False,False,False,False
seq_0001,18,256,7,numeric,0.001,,0.0,"[0,1e-07)",16,0.0,0.0,0.0,False,0.0,0.0,0,False,False,False,False
seq_0001,18,256,7,numeric,0.01,,0.00390625,"[0.001,0.01)",16,0.0012788772583007812,0.0017042160034179688,0.0017042160034179688,True,0.3273925780411875,0.11328124997099999,0,True,True,True,True
seq_0001,18,256,7,numeric,0.1,,0.041015625,"[0.01,0.1)",16,0.013424873352050781,0.017900466918945312,0.017900466918945312,True,0.3273111979086865,0.11325799850914343,0,True,True,True,True
seq_0001,18,256,7,bitflip,,sign,0.8203125,"[0.1,1)",16,0.26849937438964844,0.3579988479614258,0.3579988479614258,True,0.32731352306507716,0.11324753534212385,0,True,True,True,True
seq_0001,18,256,7,bitflip,,exponent,1.3956893955741617e+38,"[10,inf)",16,,1.252902246084934e+37,1.252902246084934e+37,False,,0.06456492287772042,1,True,True,True,True
seq_0001,18,256,7,bitflip,,mantissa,0.001953125,"[0.001,0.01)",16,0.0006389617919921875,0.0008525848388671875,0.0008525848388671875,True,0.3271484373325,0.113281249942,0,True,True,True,True
seq_0002,31,64,0,numeric,1e-06,,0.0,"[0,1e-07)",16,0.0,0.0,0.0,False,0.0,0.0,0,False,False,False,False
seq_0002,31,64,0,numeric,1e-05,,0.0,"[0,1e-07)",16,0.0,0.0,0.0,False,0.0,0.0,0,False,False,False,False
seq_0002,31,64,0,numeric,0.0001,,0.0,"[0,1e-07)",16,0.0,0.0,0.0,False,0.0,0.0,0,False,False,False,False
seq_0002,31,64,0,numeric,0.001,,0.0,"[0,1e-07)",16,0.0,0.0,0.0,False,0.0,0.0,0,False,False,False,False
seq_0002,31,64,0,numeric,0.01,,0.001953125,"[0.001,0.01)",16,0.0003008842468261719,0.0004208087921142578,0.0004208087921142578,True,0.154052734296125,0.1220703124375,0,True,True,True,True
seq_0002,31,64,0,numeric,0.1,,0.01953125,"[0.01,0.1)",16,0.003007650375366211,0.004693508148193359,0.004693508148193359,True,0.15399169921086564,0.12221679686874251,0,True,True,True,True
seq_0002,31,64,0,bitflip,,sign,0.392578125,"[0.1,1)",16,0.06045269966125488,0.09433889389038086,0.09433889389038086,True,0.15398896630091372,0.12222457050652946,0,True,True,True,True
seq_0002,31,64,0,bitflip,,exponent,6.679370678819202e+37,"[10,inf)",16,1.0285500835824514e+37,1.439047609644128e+37,1.439047609644128e+37,True,0.15398907068356946,0.1222245135710607,0,True,True,True,True
seq_0002,31,64,0,bitflip,,mantissa,0.0009765625,"[0.0001,0.001)",16,0.00015044212341308594,0.0002346038818359375,0.0002346038818359375,True,0.15405273421725,0.122070312375,0,True,True,True,True
seq_0002,31,256,0,numeric,1e-06,,0.0,"[0,1e-07)",16,0.0,0.0,0.0,False,0.0,0.0,0,False,False,False,False
seq_0002,31,256,0,numeric,1e-05,,0.0,"[0,1e-07)",16,0.0,0.0,0.0,False,0.0,0.0,0,False,False,False,False
seq_0002,31,256,0,numeric,0.0001,,0.0,"[0,1e-07)",16,0.0,0.0,0.0,False,0.0,0.0,0,False,False,False,False
seq_0002,31,256,0,numeric,0.001,,0.0,"[0,1e-07)",16,0.0,0.0,0.0,False,0.0,0.0,0,False,False,False,False
seq_0002,31,256,0,numeric,0.01,,0.0078125,"[0.001,0.01)",16,0.0008525848388671875,0.0022873878479003906,0.0022873878479003906,True,0.10913085936103124,0.07630538939452979,0,True,True,True,True
seq_0002,31,256,0,numeric,0.1,,0.0859375,"[0.01,0.1)",16,0.009376049041748047,0.0251615047454834,0.0251615047454834,True,0.10910311612088952,0.07630400224076693,0,True,True,True,True
seq_0002,31,256,0,bitflip,,sign,1.75,"[1,10)",16,0.1909322738647461,0.512376070022583,0.512376070022583,True,0.10910415649407827,0.07630400998247418,0,True,True,True,True
seq_0002,31,256,0,bitflip,,exponent,2.9774707105582116e+38,"[10,inf)",16,,2.117725937415998e+37,2.117725937415998e+37,False,,0.03884253331593105,1,True,True,True,True
seq_0002,31,256,0,bitflip,,mantissa,0.00390625,"[0.001,0.01)",16,0.00042629241943359375,0.0010466575622558594,0.0010466575622558594,True,0.10913085934706249,0.07635498044920312,0,True,True,True,True
seq_0003,4,64,5,numeric,1e-06,,0.0,"[0,1e-07)",16,0.0,0.0,0.0,False,0.0,0.0,0,False,False,False,False
seq_0003,4,64,5,numeric,1e-05,,0.0,"[0,1e-07)",16,0.0,0.0,0.0,False,0.0,0.0,0,False,False,False,False
seq_0003,4,64,5,numeric,0.0001,,0.0,"[0,1e-07)",16,0.0,0.0,0.0,False,0.0,0.0,0,False,False,False,False
seq_0003,4,64,5,numeric,0.001,,0.0,"[0,1e-07)",16,0.0,0.0,0.0,False,0.0,0.0,0,False,False,False,False
seq_0003,4,64,5,numeric,0.01,,0.015625,"[0.01,0.1)",16,0.0024492740631103516,0.003021240234375,0.003021240234375,True,0.15675354002903027,0.14363098143612013,0,True,True,True,True
seq_0003,4,64,5,numeric,0.1,,0.125,"[0.1,1)",16,0.01959371566772461,0.024341583251953125,0.024341583251953125,True,0.15674972534054288,0.14225006103401824,0,True,True,True,True
seq_0003,4,64,5,bitflip,,sign,2.484375,"[1,10)",16,0.38942861557006836,0.4837837219238281,0.4837837219238281,True,0.1567511408583292,0.14224996506787219,0,True,True,True,True
seq_0003,4,64,5,bitflip,,exponent,,nonfinite,16,,0.0,,False,,,16,True,True,True,True
seq_0003,4,64,5,bitflip,,mantissa,0.0078125,"[0.001,0.01)",16,0.001224517822265625,0.0015211105346679688,0.0015211105346679688,True,0.1567382812299375,0.14224243162241795,0,True,True,True,True
seq_0003,4,256,5,numeric,1e-06,,0.0,"[0,1e-07)",16,0.0,0.0,0.0,False,0.0,0.0,0,False,False,False,False
seq_0003,4,256,5,numeric,1e-05,,0.0,"[0,1e-07)",16,0.0,0.0,0.0,False,0.0,0.0,0,False,False,False,False
seq_0003,4,256,5,numeric,0.0001,,0.0,"[0,1e-07)",16,0.0,0.0,0.0,False,0.0,0.0,0,False,False,False,False
seq_0003,4,256,5,numeric,0.001,,0.0,"[0,1e-07)",16,0.0,0.0,0.0,False,0.0,0.0,0,False,False,False,False
seq_0003,4,256,5,numeric,0.01,,0.00048828125,"[0.0001,0.001)",16,4.458427429199219e-05,9.441375732421875e-05,9.441375732421875e-05,True,0.091308593563,0.08789062482,0,True,True,True,True
seq_0003,4,256,5,numeric,0.1,,0.00439453125,"[0.001,0.01)",16,0.0004038810729980469,0.0008497238159179688,0.0008497238159179688,True,0.09190538192353086,0.08729383678569134,0,True,True,True,True
seq_0003,4,256,5,bitflip,,sign,0.0859375,"[0.01,0.1)",16,0.007892608642578125,0.016615867614746094,0.016615867614746094,True,0.09184126420347676,0.08735240589386989,0,True,True,True,True
seq_0003,4,256,5,bitflip,,exponent,1.4621507953634075e+37,"[10,inf)",16,1.342854130543094e+36,2.8270614442164377e+36,2.8270614442164377e+36,True,0.09184101494875821,0.0873525467785922,0,True,True,True,True
seq_0003,4,256,5,bitflip,,mantissa,0.000244140625,"[0.0001,0.001)",16,2.2411346435546875e-05,4.7206878662109375e-05,4.7206878662109375e-05,True,0.091796874624,0.08789062464,0,True,True,True,True
seq_0004,18,64,1,numeric,1e-06,,0.0,"[0,1e-07)",16,0.0,0.0,0.0,False,0.0,0.0,0,False,False,False,False
seq_0004,18,64,1,numeric,1e-05,,0.0,"[0,1e-07)",16,0.0,0.0,0.0,False,0.0,0.0,0,False,False,False,False
seq_0004,18,64,1,numeric,0.0001,,0.0,"[0,1e-07)",16,0.0,0.0,0.0,False,0.0,0.0,0,False,False,False,False
seq_0004,18,64,1,numeric,0.001,,0.0,"[0,1e-07)",16,0.0,0.0,0.0,False,0.0,0.0,0,False,False,False,False
seq_0004,18,64,1,numeric,0.01,,0.015625,"[0.01,0.1)",16,0.0017154216766357422,0.0034095048904418945,0.0034095048904418945,True,0.10978698729766115,0.10426330565738966,0,True,True,True,True
seq_0004,18,64,1,numeric,0.1,,0.203125,"[0.1,1)",16,0.02230215072631836,0.04432368278503418,0.04432368278503418,True,0.10979520357518062,0.10427034818157802,0,True,True,True,True
seq_0004,18,64,1,bitflip,,sign,4.21875,"[1,10)",16,0.4631974697113037,0.9205681085586548,0.9205681085586548,True,0.10979495578339411,0.10427059597436765,0,True,True,True,True
seq_0004,18,64,1,bitflip,,exponent,2.109375,"[1,10)",16,0.2315986156463623,0.4602839946746826,0.4602839946746826,True,0.10979489926933451,0.10427065248837648,0,True,True,True,True
seq_0004,18,64,1,bitflip,,mantissa,0.015625,"[0.01,0.1)",16,0.0017154216766357422,0.0034095048904418945,0.0034095048904418945,True,0.10978698729766115,0.10426330565738966,0,True,True,True,True
seq_0004,18,256,1,numeric,1e-06,,0.0,"[0,1e-07)",16,0.0,0.0,0.0,False,0.0,0.0,0,False,False,False,False
seq_0004,18,256,1,numeric,1e-05,,0.0,"[0,1e-07)",16,0.0,0.0,0.0,False,0.0,0.0,0,False,False,False,False
seq_0004,18,256,1,numeric,0.0001,,0.0,"[0,1e-07)",16,0.0,0.0,0.0,False,0.0,0.0,0,False,False,False,False
seq_0004,18,256,1,numeric,0.001,,0.0,"[0,1e-07)",16,0.0,0.0,0.0,False,0.0,0.0,0,False,False,False,False
seq_0004,18,256,1,numeric,0.01,,0.001953125,"[0.001,0.01)",16,0.0002589225769042969,0.0005288124084472656,0.0005288124084472656,True,0.132568359307125,0.139404296803625,0,True,True,True,True
seq_0004,18,256,1,numeric,0.1,,0.0244140625,"[0.01,0.1)",16,0.0032368898391723633,0.006608724594116211,0.006608724594116211,True,0.13258300780706941,0.1394921874942864,0,True,True,True,True
seq_0004,18,256,1,bitflip,,sign,0.484375,"[0.1,1)",16,0.06421971321105957,0.13111519813537598,0.13111519813537598,True,0.13258263372578474,0.13948797410505479,0,True,True,True,True
seq_0004,18,256,1,bitflip,,exponent,8.241213573866478e+37,"[10,inf)",16,1.0926409133667404e+37,9.731332797952841e+36,1.0926409133667404e+37,False,0.13258252605315177,0.08528094137868573,0,True,True,True,True
seq_0004,18,256,1,bitflip,,mantissa,0.0009765625,"[0.0001,0.001)",16,0.00012946128845214844,0.0002644062042236328,0.0002644062042236328,True,0.13256835923925,0.13940429673225,0,True,True,True,True
seq_0005,31,64,1,numeric,1e-06,,0.0,"[0,1e-07)",16,0.0,0.0,0.0,False,0.0,0.0,0,False,False,False,False
seq_0005,31,64,1,numeric,1e-05,,0.0,"[0,1e-07)",16,0.0,0.0,0.0,False,0.0,0.0,0,False,False,False,False
seq_0005,31,64,1,numeric,0.0001,,0.0,"[0,1e-07)",16,0.0,0.0,0.0,False,0.0,0.0,0,False,False,False,False
seq_0005,31,64,1,numeric,0.001,,0.0,"[0,1e-07)",16,0.0,0.0,0.0,False,0.0,0.0,0,False,False,False,False
seq_0005,31,64,1,numeric,0.01,,0.0009765625,"[0.0001,0.001)",16,1.33514404296875e-05,4.3392181396484375e-05,4.3392181396484375e-05,True,0.013671874986000001,0.0229492187265,0,False,True,True,True
seq_0005,31,64,1,numeric,0.1,,0.013671875,"[0.01,0.1)",16,0.00017833709716796875,0.0006089210510253906,0.0006089210510253906,True,0.01304408482047449,0.02263532365905867,0,True,True,True,True
seq_0005,31,64,1,bitflip,,sign,0.2734375,"[0.1,1)",16,0.0035638809204101562,0.012178897857666016,0.012178897857666016,True,0.01303362165173805,0.022616141182953006,0,True,True,True,True
seq_0005,31,64,1,bitflip,,exponent,4.652297985247206e+37,"[10,inf)",16,6.063725437325158e+35,2.0721075340170898e+36,2.0721075340170898e+36,True,0.013033828565052577,0.022614986555916924,0,True,True,True,True
seq_0005,31,64,1,bitflip,,mantissa,0.0009765625,"[0.0001,0.001)",16,1.239776611328125e-05,4.38690185546875e-05,4.38690185546875e-05,True,0.012695312487,0.022460937477,0,False,True,True,True
seq_0005,31,256,1,numeric,1e-06,,0.0,"[0,1e-07)",16,0.0,0.0,0.0,False,0.0,0.0,0,False,False,False,False
seq_0005,31,256,1,numeric,1e-05,,0.0,"[0,1e-07)",16,0.0,0.0,0.0,False,0.0,0.0,0,False,False,False,False
seq_0005,31,256,1,numeric,0.0001,,0.0,"[0,1e-07)",16,0.0,0.0,0.0,False,0.0,0.0,0,False,False,False,False
seq_0005,31,256,1,numeric,0.001,,0.0,"[0,1e-07)",16,0.0,0.0,0.0,False,0.0,0.0,0,False,False,False,False
seq_0005,31,256,1,numeric,0.01,,0.015625,"[0.01,0.1)",16,0.0019960403442382812,0.0037546157836914062,0.0037546157836914062,True,0.12774658202307423,0.16088867186470313,0,True,True,True,True
seq_0005,31,256,1,numeric,0.1,,0.140625,"[0.1,1)",16,0.017965316772460938,0.033792972564697266,0.033792972564697266,True,0.1277533637143693,0.16089545355788362,0,True,True,True,True
seq_0005,31,256,1,bitflip,,sign,2.75,"[1,10)",16,0.35130977630615234,0.6608400344848633,0.6608400344848633,True,0.12774900956582713,0.16089439392083993,0,True,True,True,True
seq_0005,31,256,1,bitflip,,exponent,,nonfinite,16,,0.0,,False,,,16,True,True,True,True
seq_0005,31,256,1,bitflip,,mantissa,0.0078125,"[0.001,0.01)",16,0.0009975433349609375,0.0018773078918457031,0.0018773078918457031,True,0.12768554685865624,0.16088867185440625,0,True,True,True,True
seq_0006,4,64,4,numeric,1e-06,,0.0,"[0,1e-07)",16,0.0,0.0,0.0,False,0.0,0.0,0,False,False,False,False
seq_0006,4,64,4,numeric,1e-05,,0.0,"[0,1e-07)",16,0.0,0.0,0.0,False,0.0,0.0,0,False,False,False,False
seq_0006,4,64,4,numeric,0.0001,,0.0,"[0,1e-07)",16,0.0,0.0,0.0,False,0.0,0.0,0,False,False,False,False
seq_0006,4,64,4,numeric,0.001,,0.0,"[0,1e-07)",16,0.0,0.0,0.0,False,0.0,0.0,0,False,False,False,False
seq_0006,4,64,4,numeric,0.01,,0.00048828125,"[0.0001,0.001)",16,7.486343383789062e-05,0.00011348724365234375,0.00011348724365234375,True,0.153320312186,0.15136718719,0,True,True,True,True
seq_0006,4,64,4,numeric,0.1,,0.00537109375,"[0.001,0.01)",16,0.000820159912109375,0.0012464523315429688,0.0012464523315429688,True,0.15269886360793386,0.15189985792626445,0,True,True,True,True
seq_0006,4,64,4,bitflip,,sign,0.10693359375,"[0.1,1)",16,0.01631927490234375,0.024810791015625,0.024810791015625,True,0.15261130136843584,0.15191566780679852,0,True,True,True,True
seq_0006,4,64,4,bitflip,,exponent,1.8193808192306036e+37,"[10,inf)",16,2.776520848610638e+36,4.221316746666561e+36,4.221316746666561e+36,True,0.15260800923386666,0.15191746193524366,0,True,True,True,True
seq_0006,4,64,4,bitflip,,mantissa,0.000244140625,"[0.0001,0.001)",16,3.719329833984375e-05,5.6743621826171875e-05,5.6743621826171875e-05,True,0.152343749376,0.152343749376,0,True,True,True,True
seq_0006,4,256,4,numeric,1e-06,,0.0,"[0,1e-07)",16,0.0,0.0,0.0,False,0.0,0.0,0,False,False,False,False
seq_0006,4,256,4,numeric,1e-05,,0.0,"[0,1e-07)",16,0.0,0.0,0.0,False,0.0,0.0,0,False,False,False,False
seq_0006,4,256,4,numeric,0.0001,,0.0,"[0,1e-07)",16,0.0,0.0,0.0,False,0.0,0.0,0,False,False,False,False
seq_0006,4,256,4,numeric,0.001,,0.0,"[0,1e-07)",16,0.0,0.0,0.0,False,0.0,0.0,0,False,False,False,False
seq_0006,4,256,4,numeric,0.01,,0.03125,"[0.01,0.1)",16,0.00940847396850586,0.012947559356689453,0.012947559356689453,True,0.30107116698255326,0.3052139282128894,0,True,True,True,True
seq_0006,4,256,4,numeric,0.1,,0.328125,"[0.1,1)",16,0.09878945350646973,0.1359487771987915,0.1359487771987915,True,0.30107262020927594,0.3052164713532365,0,True,True,True,True
seq_0006,4,256,4,bitflip,,sign,6.46875,"[1,10)",16,1.9475646018981934,2.6801352500915527,2.6801352500915527,True,0.3010727886991911,0.3052159922134001,0,True,True,True,True
seq_0006,4,256,4,bitflip,,exponent,3.234375,"[1,10)",16,0.9737825393676758,1.3400675058364868,1.3400675058364868,True,0.3010728624131013,0.3052159553563745,0,True,True,True,True
seq_0006,4,256,4,bitflip,,mantissa,0.015625,"[0.01,0.1)",16,0.004704475402832031,0.0064737796783447266,0.0064737796783447266,True,0.30108642576198047,0.30520629880859185,0,True,True,True,True
seq_0007,18,64,7,numeric,1e-06,,0.0,"[0,1e-07)",16,0.0,0.0,0.0,False,0.0,0.0,0,False,False,False,False
seq_0007,18,64,7,numeric,1e-05,,0.0,"[0,1e-07)",16,0.0,0.0,0.0,False,0.0,0.0,0,False,False,False,False
seq_0007,18,64,7,numeric,0.0001,,0.0,"[0,1e-07)",16,0.0,0.0,0.0,False,0.0,0.0,0,False,False,False,False
seq_0007,18,64,7,numeric,0.001,,0.0,"[0,1e-07)",16,0.0,0.0,0.0,False,0.0,0.0,0,False,False,False,False
seq_0007,18,64,7,numeric,0.01,,0.00390625,"[0.001,0.01)",16,0.00021982192993164062,0.0009493827819824219,0.0009493827819824219,True,0.056274414048093746,0.10424804684831249,0,True,True,True,True
seq_0007,18,64,7,numeric,0.1,,0.041015625,"[0.01,0.1)",16,0.0023082494735717773,0.009969234466552734,0.009969234466552734,True,0.056277320497139814,0.104271298360553,0,True,True,True,True
seq_0007,18,64,7,bitflip,,sign,0.81640625,"[0.1,1)",16,0.04594618082046509,0.1984424591064453,0.1984424591064453,True,0.0562785755503572,0.10427053351138545,0,True,True,True,True
seq_0007,18,64,7,bitflip,,exponent,1.389043255595237e+38,"[10,inf)",16,7.817329340553742e+36,2.7624428914872737e+37,2.7624428914872737e+37,True,0.05627851623097105,0.09943689227674567,1,True,True,True,True
seq_0007,18,64,7,bitflip,,mantissa,0.001953125,"[0.001,0.01)",16,0.0001099705696105957,0.0004749298095703125,0.0004749298095703125,True,0.05630493161179687,0.104248046821625,0,True,True,True,True
seq_0007,18,256,7,numeric,1e-06,,0.0,"[0,1e-07)",16,0.0,0.0,0.0,False,0.0,0.0,0,False,False,False,False
seq_0007,18,256,7,numeric,1e-05,,0.0,"[0,1e-07)",16,0.0,0.0,0.0,False,0.0,0.0,0,False,False,False,False
seq_0007,18,256,7,numeric,0.0001,,0.0,"[0,1e-07)",16,0.0,0.0,0.0,False,0.0,0.0,0,False,False,False,False
seq_0007,18,256,7,numeric,0.001,,0.0,"[0,1e-07)",16,0.0,0.0,0.0,False,0.0,0.0,0,False,False,False,False
seq_0007,18,256,7,numeric,0.01,,0.015625,"[0.01,0.1)",16,0.0032368898391723633,0.004661083221435547,0.004661083221435547,True,0.20716094969377297,0.14364624022518166,0,True,True,True,True
seq_0007,18,256,7,numeric,0.1,,0.203125,"[0.1,1)",16,0.04207944869995117,0.06059408187866211,0.06059408187866211,True,0.20716036282950898,0.14362980769160058,0,True,True,True,True
seq_0007,18,256,7,bitflip,,sign,4.15625,"[1,10)",16,0.8610095977783203,1.239853858947754,1.239853858947754,True,0.20716020397668888,0.14363109617301525,0,True,True,True,True
seq_0007,18,256,7,bitflip,,exponent,2.078125,"[1,10)",16,0.43050479888916016,0.619926929473877,0.619926929473877,True,0.20716020397663903,0.1436310961729807,0,True,True,True,True
seq_0007,18,256,7,bitflip,,mantissa,0.015625,"[0.01,0.1)",16,0.0032368898391723633,0.004661083221435547,0.004661083221435547,True,0.20716094969377297,0.14364624022518166,0,True,True,True,True
seq_0008,31,64,0,numeric,1e-06,,0.0,"[0,1e-07)",16,0.0,0.0,0.0,False,0.0,0.0,0,False,False,False,False
seq_0008,31,64,0,numeric,1e-05,,0.0,"[0,1e-07)",16,0.0,0.0,0.0,False,0.0,0.0,0,False,False,False,False
seq_0008,31,64,0,numeric,0.0001,,0.0,"[0,1e-07)",16,0.0,0.0,0.0,False,0.0,0.0,0,False,False,False,False
seq_0008,31,64,0,numeric,0.001,,0.0,"[0,1e-07)",16,0.0,0.0,0.0,False,0.0,0.0,0,False,False,False,False
seq_0008,31,64,0,numeric,0.01,,0.015625,"[0.01,0.1)",16,0.0008630752563476562,0.0022439956665039062,0.0022439956665039062,True,0.05523681640271485,0.08663940429133009,0,True,True,True,True
seq_0008,31,64,0,numeric,0.1,,0.1328125,"[0.1,1)",16,0.007337093353271484,0.019075870513916016,0.019075870513916016,True,0.05524399701245169,0.08666274126772983,0,True,True,True,True
seq_0008,31,64,0,bitflip,,sign,2.734375,"[1,10)",16,0.15105438232421875,0.39274120330810547,0.39274120330810547,True,0.05524274553569408,0.08666207449773616,0,True,True,True,True
seq_0008,31,64,0,bitflip,,exponent,,nonfinite,16,,0.0,,False,,,16,True,True,True,True
seq_0008,31,64,0,bitflip,,mantissa,0.0078125,"[0.001,0.01)",16,0.0004315376281738281,0.0011219978332519531,0.0011219978332519531,True,0.05523681639917968,0.08666992186390625,0,True,True,True,True
seq_0008,31,256,0,numeric,1e-06,,0.0,"[0,1e-07)",16,0.0,0.0,0.0,False,0.0,0.0,0,False,False,False,False
seq_0008,31,256,0,numeric,1e-05,,0.0,"[0,1e-07)",16,0.0,0.0,0.0,False,0.0,0.0,0,False,False,False,False
seq_0008,31,256,0,numeric,0.0001,,0.0,"[0,1e-07)",16,0.0,0.0,0.0,False,0.0,0.0,0,False,False,False,False
seq_0008,31,256,0,numeric,0.001,,0.0,"[0,1e-07)",16,0.0,0.0,0.0,False,0.0,0.0,0,False,False,False,False
seq_0008,31,256,0,numeric,0.01,,0.001953125,"[0.001,0.01)",16,0.00010824203491210938,0.0002994537353515625,0.0002994537353515625,True,0.055419921846625,0.085693359331125,0,True,True,True,True
seq_0008,31,256,0,numeric,0.1,,0.015625,"[0.01,0.1)",16,0.0008630752563476562,0.0023956298828125,0.0023956298828125,True,0.05523681640271485,0.08563232421326954,0,True,True,True,True
seq_0008,31,256,0,bitflip,,sign,0.306640625,"[0.1,1)",16,0.016939640045166016,0.04700756072998047,0.04700756072998047,True,0.05524264779042495,0.08562649283411566,0,True,True,True,True
seq_0008,31,256,0,bitflip,,exponent,5.217219883455795e+37,"[10,inf)",16,2.882133890718053e+36,7.997922014188756e+36,7.997922014188756e+36,True,0.05524271460855083,0.08562620733953585,0,True,True,True,True
seq_0008,31,256,0,bitflip,,mantissa,0.0009765625,"[0.0001,0.001)",16,5.3882598876953125e-05,0.00014972686767578125,0.00014972686767578125,True,0.0551757811935,0.0854492186625,0,True,True,True,True
seq_0009,4,64,5,numeric,1e-06,,0.0,"[0,1e-07)",16,0.0,0.0,0.0,False,0.0,0.0,0,False,False,False,False
seq_0009,4,64,5,numeric,1e-05,,0.0,"[0,1e-07)",16,0.0,0.0,0.0,False,0.0,0.0,0,False,False,False,False
seq_0009,4,64,5,numeric,0.0001,,0.0,"[0,1e-07)",16,0.0,0.0,0.0,False,0.0,0.0,0,False,False,False,False
seq_0009,4,64,5,numeric,0.001,,0.0,"[0,1e-07)",16,0.0,0.0,0.0,False,0.0,0.0,0,False,False,False,False
seq_0009,4,64,5,numeric,0.01,,0.015625,"[0.01,0.1)",16,0.0003452301025390625,0.002762138843536377,0.002762138843536377,True,0.02209472656108594,0.07250976562035938,0,True,True,True,True
seq_0009,4,64,5,numeric,0.1,,0.1796875,"[0.1,1)",16,0.003970623016357422,0.03176456689834595,0.03176456689834595,True,0.022097380264822674,0.072505785070928,0,True,True,True,True
seq_0009,4,64,5,bitflip,,sign,3.59375,"[1,10)",16,0.07941150665283203,0.6352912187576294,0.6352912187576294,True,0.022097114894694937,0.0725060504415559,0,True,True,True,True
seq_0009,4,64,5,bitflip,,exponent,,nonfinite,16,,0.0,,False,,,16,True,True,True,True
seq_0009,4,64,5,bitflip,,mantissa,0.0078125,"[0.001,0.01)",16,0.00017261505126953125,0.0013810992240905762,0.0013810992240905762,True,0.022094726559671873,0.07250976561571874,0,True,True,True,True
seq_0009,4,256,5,numeric,1e-06,,0.0,"[0,1e-07)",16,0.0,0.0,0.0,False,0.0,0.0,0,False,False,False,False
seq_0009,4,256,5,numeric,1e-05,,0.0,"[0,1e-07)",16,0.0,0.0,0.0,False,0.0,0.0,0,False,False,False,False
seq_0009,4,256,5,numeric,0.0001,,0.0,"[0,1e-07)",16,0.0,0.0,0.0,False,0.0,0.0,0,False,False,False,False
seq_0009,4,256,5,numeric,0.001,,0.0,"[0,1e-07)",16,0.0,0.0,0.0,False,0.0,0.0,0,False,False,False,False
seq_0009,4,256,5,numeric,0.01,,0.015625,"[0.01,0.1)",16,0.002557039260864258,0.004488468170166016,0.004488468170166016,True,0.16365051268483888,0.1353454589757129,0,True,True,True,True
seq_0009,4,256,5,numeric,0.1,,0.234375,"[0.1,1)",16,0.038356781005859375,0.06732714176177979,0.06732714176177979,True,0.16365559895763507,0.13534444173119337,0,True,True,True,True
seq_0009,4,256,5,bitflip,,sign,4.625,"[1,10)",16,0.7569117546081543,1.3285870552062988,1.3285870552062988,True,0.1636565955909169,0.13534463418493695,0,True,True,True,True
seq_0009,4,256,5,bitflip,,exponent,2.3125,"[1,10)",16,0.37845587730407715,0.6642937660217285,0.6642937660217285,True,0.1636565955908815,0.1353446341849077,0,True,True,True,True
seq_0009,4,256,5,bitflip,,mantissa,0.015625,"[0.01,0.1)",16,0.002557039260864258,0.004488468170166016,0.004488468170166016,True,0.16365051268483888,0.1353454589757129,0,True,True,True,True
seq_0010,18,64,1,numeric,1e-06,,0.0,"[0,1e-07)",16,0.0,0.0,0.0,False,0.0,0.0,0,False,False,False,False
seq_0010,18,64,1,numeric,1e-05,,0.0,"[0,1e-07)",16,0.0,0.0,0.0,False,0.0,0.0,0,False,False,False,False
seq_0010,18,64,1,numeric,0.0001,,0.0,"[0,1e-07)",16,0.0,0.0,0.0,False,0.0,0.0,0,False,False,False,False
seq_0010,18,64,1,numeric,0.001,,0.0,"[0,1e-07)",16,0.0,0.0,0.0,False,0.0,0.0,0,False,False,False,False
seq_0010,18,64,1,numeric,0.01,,0.03125,"[0.01,0.1)",16,0.002632617950439453,0.005071043968200684,0.005071043968200684,True,0.0842437744113667,0.09598541259458472,0,True,True,True,True
seq_0010,18,64,1,numeric,0.1,,0.234375,"[0.1,1)",16,0.019744873046875,0.038033246994018555,0.038033246994018555,True,0.08424479166630722,0.09598388671834046,0,True,True,True,True
seq_0010,18,64,1,bitflip,,sign,4.8125,"[1,10)",16,0.4054298400878906,0.780950665473938,0.780950665473938,True,0.08424516157668704,0.09598422360108598,0,True,True,True,True
seq_0010,18,64,1,bitflip,,exponent,2.40625,"[1,10)",16,0.2027149200439453,0.3904752731323242,0.3904752731323242,True,0.08424516157666953,0.09598422360106604,0,True,True,True,True
seq_0010,18,64,1,bitflip,,mantissa,0.015625,"[0.01,0.1)",16,0.0013163089752197266,0.002535581588745117,0.002535581588745117,True,0.08424377440867091,0.09597778319698243,0,True,True,True,True
seq_0010,18,256,1,numeric,1e-06,,0.0,"[0,1e-07)",16,0.0,0.0,0.0,False,0.0,0.0,0,False,False,False,False
seq_0010,18,256,1,numeric,1e-05,,0.0,"[0,1e-07)",16,0.0,0.0,0.0,False,0.0,0.0,0,False,False,False,False
seq_0010,18,256,1,numeric,0.0001,,0.0,"[0,1e-07)",16,0.0,0.0,0.0,False,0.0,0.0,0,False,False,False,False
seq_0010,18,256,1,numeric,0.001,,0.0,"[0,1e-07)",16,0.0,0.0,0.0,False,0.0,0.0,0,False,False,False,False
seq_0010,18,256,1,numeric,0.01,,0.001953125,"[0.001,0.01)",16,0.0003452897071838379,0.0007390901446342468,0.0007390901446342468,True,0.17678832998760938,0.1546630858583125,0,True,True,True,True
seq_0010,18,256,1,numeric,0.1,,0.02734375,"[0.01,0.1)",16,0.0048337578773498535,0.010347224771976471,0.010347224771976471,True,0.17677743093661535,0.1546783447209057,0,True,True,True,True
seq_0010,18,256,1,bitflip,,sign,0.54296875,"[0.1,1)",16,0.09598422050476074,0.2054663896560669,0.2054663896560669,True,0.176776693878946,0.1546792229299647,0,True,True,True,True
seq_0010,18,256,1,bitflip,,exponent,9.238134570705165e+37,"[10,inf)",16,1.633086887021063e+37,1.658603806248237e+37,1.658603806248237e+37,True,0.17677669387927158,0.13051092024329755,0,True,True,True,True
seq_0010,18,256,1,bitflip,,mantissa,0.001953125,"[0.001,0.01)",16,0.0003452897071838379,0.0007390901446342468,0.0007390901446342468,True,0.17678832998760938,0.1546630858583125,0,True,True,True,True
seq_0011,31,64,1,numeric,1e-06,,0.0,"[0,1e-07)",16,0.0,0.0,0.0,False,0.0,0.0,0,False,False,False,False
seq_0011,31,64,1,numeric,1e-05,,0.0,"[0,1e-07)",16,0.0,0.0,0.0,False,0.0,0.0,0,False,False,False,False
seq_0011,31,64,1,numeric,0.0001,,0.0,"[0,1e-07)",16,0.0,0.0,0.0,False,0.0,0.0,0,False,False,False,False
seq_0011,31,64,1,numeric,0.001,,0.0,"[0,1e-07)",16,0.0,0.0,0.0,False,0.0,0.0,0,False,False,False,False
seq_0011,31,64,1,numeric,0.01,,0.00390625,"[0.001,0.01)",16,0.00040435791015625,0.0007658004760742188,0.0007658004760742188,True,0.10351562497349999,0.106933593722625,0,True,True,True,True
seq_0011,31,64,1,numeric,0.1,,0.04296875,"[0.01,0.1)",16,0.004450798034667969,0.008426666259765625,0.008426666259765625,True,0.10358220880440755,0.10703346945773631,0,True,True,True,True
seq_0011,31,64,1,bitflip,,sign,0.875,"[0.1,1)",16,0.09063339233398438,0.17159700393676758,0.17159700393676758,True,0.10358101981014949,0.10703277587878393,0,True,True,True,True
seq_0011,31,64,1,bitflip,,exponent,1.4887353552791058e+38,"[10,inf)",16,1.5420334458825696e+37,2.8990228630474237e+37,2.8990228630474237e+37,True,0.10358009168079921,0.07975666863577706,5,True,True,True,True
seq_0011,31,64,1,bitflip,,mantissa,0.001953125,"[0.001,0.01)",16,0.000202178955078125,0.0003829002380371094,0.0003829002380371094,True,0.103515624947,0.10693359369525,0,True,True,True,True
seq_0011,31,256,1,numeric,1e-06,,0.0,"[0,1e-07)",16,0.0,0.0,0.0,False,0.0,0.0,0,False,False,False,False
seq_0011,31,256,1,numeric,1e-05,,0.0,"[0,1e-07)",16,0.0,0.0,0.0,False,0.0,0.0,0,False,False,False,False
seq_0011,31,256,1,numeric,0.0001,,0.0,"[0,1e-07)",16,0.0,0.0,0.0,False,0.0,0.0,0,False,False,False,False
seq_0011,31,256,1,numeric,0.001,,0.0,"[0,1e-07)",16,0.0,0.0,0.0,False,0.0,0.0,0,False,False,False,False
seq_0011,31,256,1,numeric,0.01,,0.0009765625,"[0.0001,0.001)",16,9.012222290039062e-05,0.00010204315185546875,0.00010204315185546875,True,0.0922851561555,0.066406249932,0,True,True,True,True
seq_0011,31,256,1,numeric,0.1,,0.00732421875,"[0.001,0.01)",16,0.0006771087646484375,0.0007638931274414062,0.0007638931274414062,True,0.09244791665404443,0.06666666665756445,0,True,True,True,True
seq_0011,31,256,1,bitflip,,sign,0.1513671875,"[0.1,1)",16,0.014006614685058594,0.01578235626220703,0.01578235626220703,True,0.09253402217680803,0.06663936491891459,0,True,True,True,True
seq_0011,31,256,1,bitflip,,exponent,2.5753792418332745e+37,"[10,inf)",16,2.3830382993479952e+36,2.6853640939482263e+36,2.6853640939482263e+36,True,0.09253154877693423,0.06663652850735573,0,True,True,True,True
seq_0011,31,256,1,bitflip,,mantissa,0.00048828125,"[0.0001,0.001)",16,4.482269287109375e-05,5.054473876953125e-05,5.054473876953125e-05,True,0.091796874812,0.06835937486,0,True,True,True,True
seq_0012,4,64,4,numeric,1e-06,,0.0,"[0,1e-07)",16,0.0,0.0,0.0,False,0.0,0.0,0,False,False,False,False
seq_0012,4,64,4,numeric,1e-05,,0.0,"[0,1e-07)",16,0.0,0.0,0.0,False,0.0,0.0,0,False,False,False,False
seq_0012,4,64,4,numeric,0.0001,,0.0,"[0,1e-07)",16,0.0,0.0,0.0,False,0.0,0.0,0,False,False,False,False
seq_0012,4,64,4,numeric,0.001,,0.0,"[0,1e-07)",16,0.0,0.0,0.0,False,0.0,0.0,0,False,False,False,False
seq_0012,4,64,4,numeric,0.01,,0.00390625,"[0.001,0.01)",16,0.00042888522148132324,0.0006743669509887695,0.0006743669509887695,True,0.10979461667111132,0.10979461667111132,0,True,True,True,True
seq_0012,4,64,4,numeric,0.1,,0.0390625,"[0.01,0.1)",16,0.004288867115974426,0.006851375102996826,0.006851375102996826,True,0.10979499816613457,0.12498664855637066,0,True,True,True,True
seq_0012,4,64,4,bitflip,,sign,0.796875,"[0.1,1)",16,0.08749283850193024,0.13976836204528809,0.13976836204528809,True,0.10979493459051977,0.12498650831319047,0,True,True,True,True
seq_0012,4,64,4,bitflip,,exponent,1.3558125557006142e+38,"[10,inf)",16,1.4886130016431717e+37,2.3780359599319046e+37,2.3780359599319046e+37,True,0.10979489719166476,0.12498664855957031,0,True,True,True,True
seq_0012,4,64,4,bitflip,,mantissa,0.001953125,"[0.001,0.01)",16,0.00021444261074066162,0.0003425776958465576,0.0003425776958465576,True,0.10979461664300391,0.12499237054147265,0,True,True,True,True
seq_0012,4,256,4,numeric,1e-06,,0.0,"[0,1e-07)",16,0.0,0.0,0.0,False,0.0,0.0,0,False,False,False,False
seq_0012,4,256,4,numeric,1e-05,,0.0,"[0,1e-07)",16,0.0,0.0,0.0,False,0.0,0.0,0,False,False,False,False
seq_0012,4,256,4,numeric,0.0001,,0.0,"[0,1e-07)",16,0.0,0.0,0.0,False,0.0,0.0,0,False,False,False,False
seq_0012,4,256,4,numeric,0.001,,0.0,"[0,1e-07)",16,0.0,0.0,0.0,False,0.0,0.0,0,False,False,False,False
seq_0012,4,256,4,numeric,0.01,,0.0078125,"[0.001,0.01)",16,0.0009548664093017578,0.001607656478881836,0.001607656478881836,True,0.12222290037498046,0.14086914060696873,0,True,True,True,True
seq_0012,4,256,4,numeric,0.1,,0.0703125,"[0.01,0.1)",16,0.008594036102294922,0.014468908309936523,0.014468908309936523,True,0.12222629123090055,0.14086914062299652,0,True,True,True,True
seq_0012,4,256,4,bitflip,,sign,1.421875,"[1,10)",16,0.17378783226013184,0.29259228706359863,0.29259228706359863,True,0.12222440950154521,0.14086897294590023,0,True,True,True,True
seq_0012,4,256,4,bitflip,,exponent,2.419194952328547e+38,"[10,inf)",16,2.956849280478035e+37,0.0,2.956849280478035e+37,False,0.12222451430100661,0.12222451430100661,15,True,True,True,True
seq_0012,4,256,4,bitflip,,mantissa,0.00390625,"[0.001,0.01)",16,0.0004773139953613281,0.0008039474487304688,0.0008039474487304688,True,0.12219238278121873,0.14086914058893749,0,True,True,True,True
seq_0013,18,64,7,numeric,1e-06,,0.0,"[0,1e-07)",16,0.0,0.0,0.0,False,0.0,0.0,0,False,False,False,False
seq_0013,18,64,7,numeric,1e-05,,0.0,"[0,1e-07)",16,0.0,0.0,0.0,False,0.0,0.0,0,False,False,False,False
seq_0013,18,64,7,numeric,0.0001,,0.0,"[0,1e-07)",16,0.0,0.0,0.0,False,0.0,0.0,0,False,False,False,False
seq_0013,18,64,7,numeric,0.001,,0.0,"[0,1e-07)",16,0.0,0.0,0.0,False,0.0,0.0,0,False,False,False,False
seq_0013,18,64,7,numeric,0.01,,0.00390625,"[0.001,0.01)",16,0.0010249614715576172,0.0013270378112792969,0.0013270378112792969,True,0.2623901366515781,0.21960449213128122,0,True,True,True,True
seq_0013,18,64,7,numeric,0.1,,0.044921875,"[0.01,0.1)",16,0.011787652969360352,0.015262126922607422,0.015262126922607422,True,0.26240340522513694,0.21958856996793785,0,True,True,True,True
seq_0013,18,64,7,bitflip,,sign,0.91796875,"[0.1,1)",16,0.24087786674499512,0.3118734359741211,0.3118734359741211,True,0.2624031229219216,0.21958994763938844,0,True,True,True,True
seq_0013,18,64,7,bitflip,,exponent,1.5618428950472762e+38,"[10,inf)",16,,2.868824636918667e+37,2.868824636918667e+37,False,,0.16710920942590593,12,True,True,True,True
seq_0013,18,64,7,bitflip,,mantissa,0.001953125,"[0.001,0.01)",16,0.0005125999450683594,0.00066375732421875,0.00066375732421875,True,0.262451171740625,0.2196044920750625,0,True,True,True,True
seq_0013,18,256,7,numeric,1e-06,,0.0,"[0,1e-07)",16,0.0,0.0,0.0,False,0.0,0.0,0,False,False,False,False
seq_0013,18,256,7,numeric,1e-05,,0.0,"[0,1e-07)",16,0.0,0.0,0.0,False,0.0,0.0,0,False,False,False,False
seq_0013,18,256,7,numeric,0.0001,,0.0,"[0,1e-07)",16,0.0,0.0,0.0,False,0.0,0.0,0,False,False,False,False
seq_0013,18,256,7,numeric,0.001,,0.0,"[0,1e-07)",16,0.0,0.0,0.0,False,0.0,0.0,0,False,False,False,False
seq_0013,18,256,7,numeric,0.01,,0.0078125,"[0.001,0.01)",16,0.0008740425109863281,0.0013703107833862305,0.0013703107833862305,True,0.11187744139192968,0.11187744139192968,0,True,True,True,True
seq_0013,18,256,7,numeric,0.1,,0.08203125,"[0.01,0.1)",16,0.00917673110961914,0.014387965202331543,0.014387965202331543,True,0.11186872209685055,0.11186872209685055,0,True,True,True,True
seq_0013,18,256,7,bitflip,,sign,1.625,"[1,10)",16,0.18178296089172363,0.28501784801483154,0.28501784801483154,True,0.11186643747176109,0.11186643747176109,0,True,True,True,True
seq_0013,18,256,7,bitflip,,exponent,2.764794231232625e+38,"[10,inf)",16,,2.7301335200488967e+37,2.7301335200488967e+37,False,,0.09874635476332444,15,True,True,True,True
seq_0013,18,256,7,bitflip,,mantissa,0.00390625,"[0.001,0.01)",16,0.00043702125549316406,0.0006852149963378906,0.0006852149963378906,True,0.11187744137760937,0.11529541012673436,0,True,True,True,True
seq_0014,31,64,0,numeric,1e-06,,0.0,"[0,1e-07)",16,0.0,0.0,0.0,False,0.0,0.0,0,False,False,False,False
seq_0014,31,64,0,numeric,1e-05,,0.0,"[0,1e-07)",16,0.0,0.0,0.0,False,0.0,0.0,0,False,False,False,False
seq_0014,31,64,0,numeric,0.0001,,0.0,"[0,1e-07)",16,0.0,0.0,0.0,False,0.0,0.0,0,False,False,False,False
seq_0014,31,64,0,numeric,0.001,,0.0,"[0,1e-07)",16,0.0,0.0,0.0,False,0.0,0.0,0,False,False,False,False
seq_0014,31,64,0,numeric,0.01,,0.00390625,"[0.001,0.01)",16,0.0003561973571777344,0.0005908012390136719,0.0005908012390136719,True,0.09118652341415624,0.09527587888185936,0,True,True,True,True
seq_0014,31,64,0,numeric,0.1,,0.052734375,"[0.01,0.1)",16,0.0048067569732666016,0.007975101470947266,0.007975101470947266,True,0.09115035445429004,0.09529622395652623,0,True,True,True,True
seq_0014,31,64,0,bitflip,,sign,1.0546875,"[1,10)",16,0.09613513946533203,0.15949726104736328,0.15949726104736328,True,0.09115035445593209,0.09529373734076613,0,True,True,True,True
seq_0014,31,64,0,bitflip,,exponent,1.7944577943096364e+38,"[10,inf)",16,1.6356569218479657e+37,2.4534855095370086e+37,2.4534855095370086e+37,True,0.09115048161259404,0.09115048161259404,1,True,True,True,True
seq_0014,31,64,0,bitflip,,mantissa,0.00390625,"[0.001,0.01)",16,0.0003559589385986328,0.0005908012390136719,0.0005908012390136719,True,0.09112548825792187,0.09533691403809375,0,True,True,True,True
seq_0014,31,256,0,numeric,1e-06,,0.0,"[0,1e-07)",16,0.0,0.0,0.0,False,0.0,0.0,0,False,False,False,False
seq_0014,31,256,0,numeric,1e-05,,0.0,"[0,1e-07)",16,0.0,0.0,0.0,False,0.0,0.0,0,False,False,False,False
seq_0014,31,256,0,numeric,0.0001,,0.0,"[0,1e-07)",16,0.0,0.0,0.0,False,0.0,0.0,0,False,False,False,False
seq_0014,31,256,0,numeric,0.001,,0.0,"[0,1e-07)",16,0.0,0.0,0.0,False,0.0,0.0,0,False,False,False,False
seq_0014,31,256,0,numeric,0.01,,0.03125,"[0.01,0.1)",16,0.0014891624450683594,0.003452777862548828,0.003452777862548828,True,0.0476531982406626,0.06837463378687451,0,True,True,True,True
seq_0014,31,256,0,numeric,0.1,,0.25,"[0.1,1)",16,0.011911392211914062,0.02762138843536377,0.02762138843536377,True,0.04764556884746567,0.06836128234835938,0,True,True,True,True
seq_0014,31,256,0,bitflip,,sign,4.9375,"[1,10)",16,0.23525619506835938,0.5455217361450195,0.5455217361450195,True,0.04764682431763275,0.06836294826071598,0,True,True,True,True
seq_0014,31,256,0,bitflip,,exponent,2.46875,"[1,10)",16,0.11762809753417969,0.27276086807250977,0.27276086807250977,True,0.047646824317623106,0.06836304483531645,0,True,True,True,True
seq_0014,31,256,0,bitflip,,mantissa,0.015625,"[0.01,0.1)",16,0.0007443428039550781,0.001726388931274414,0.001726388931274414,True,0.047637939450076175,0.068359374995625,0,True,True,True,True
seq_0015,4,64,5,numeric,1e-06,,0.0,"[0,1e-07)",16,0.0,0.0,0.0,False,0.0,0.0,0,False,False,False,False
seq_0015,4,64,5,numeric,1e-05,,0.0,"[0,1e-07)",16,0.0,0.0,0.0,False,0.0,0.0,0,False,False,False,False
seq_0015,4,64,5,numeric,0.0001,,0.0,"[0,1e-07)",16,0.0,0.0,0.0,False,0.0,0.0,0,False,False,False,False
seq_0015,4,64,5,numeric,0.001,,0.0,"[0,1e-07)",16,0.0,0.0,0.0,False,0.0,0.0,0,False,False,False,False
seq_0015,4,64,5,numeric,0.01,,0.015625,"[0.01,0.1)",16,0.0011599063873291016,0.0010247230529785156,0.0011599063873291016,False,0.07423400878431154,0.05213928222322559,0,True,True,True,True
seq_0015,4,64,5,numeric,0.1,,0.21875,"[0.1,1)",16,0.016238093376159668,0.014350414276123047,0.016238093376159668,False,0.074231284004962,0.052134922572306314,0,True,True,True,True
seq_0015,4,64,5,bitflip,,sign,4.34375,"[1,10)",16,0.32244718074798584,0.28495311737060547,0.32244718074798584,False,0.07423244448872784,0.05213533030995877,0,True,True,True,True
seq_0015,4,64,5,bitflip,,exponent,2.171875,"[1,10)",16,0.16122353076934814,0.14247655868530273,0.16122353076934814,False,0.07423241704484554,0.05213533030994676,0,True,True,True,True
seq_0015,4,64,5,bitflip,,mantissa,0.015625,"[0.01,0.1)",16,0.0011599063873291016,0.0010247230529785156,0.0011599063873291016,False,0.07423400878431154,0.05213928222322559,0,True,True,True,True
seq_0015,4,256,5,numeric,1e-06,,0.0,"[0,1e-07)",16,0.0,0.0,0.0,False,0.0,0.0,0,False,False,False,False
seq_0015,4,256,5,numeric,1e-05,,0.0,"[0,1e-07)",16,0.0,0.0,0.0,False,0.0,0.0,0,False,False,False,False
seq_0015,4,256,5,numeric,0.0001,,0.0,"[0,1e-07)",16,0.0,0.0,0.0,False,0.0,0.0,0,False,False,False,False
seq_0015,4,256,5,numeric,0.001,,0.0,"[0,1e-07)",16,0.0,0.0,0.0,False,0.0,0.0,0,False,False,False,False
seq_0015,4,256,5,numeric,0.01,,0.0625,"[0.01,0.1)",16,0.010616958141326904,0.015191078186035156,0.015191078186035156,True,0.1698713302585125,0.1698713302585125,0,True,True,True,True
seq_0015,4,256,5,numeric,0.1,,0.5625,"[0.1,1)",16,0.09555262327194214,0.13672542572021484,0.13672542572021484,True,0.1698713302609285,0.1698713302609285,0,True,True,True,True
seq_0015,4,256,5,bitflip,,sign,11.0,"[10,inf)",16,1.8685848712921143,2.6737470626831055,2.6737470626831055,True,0.1698713519356313,0.1698713519356313,0,True,True,True,True
seq_0015,4,256,5,bitflip,,exponent,5.5,"[1,10)",16,0.9342924356460571,1.3368730545043945,1.3368730545043945,True,0.16987135193561587,0.16987135193561587,0,True,True,True,True
seq_0015,4,256,5,bitflip,,mantissa,0.03125,"[0.01,0.1)",16,0.00530850887298584,0.007596015930175781,0.007596015930175781,True,0.16987228393011097,0.16987609862737646,0,True,True,True,True
seq_0016,18,64,1,numeric,1e-06,,0.0,"[0,1e-07)",16,0.0,0.0,0.0,False,0.0,0.0,0,False,False,False,False
seq_0016,18,64,1,numeric,1e-05,,0.0,"[0,1e-07)",16,0.0,0.0,0.0,False,0.0,0.0,0,False,False,False,False
seq_0016,18,64,1,numeric,0.0001,,0.0,"[0,1e-07)",16,0.0,0.0,0.0,False,0.0,0.0,0,False,False,False,False
seq_0016,18,64,1,numeric,0.001,,0.0,"[0,1e-07)",16,0.0,0.0,0.0,False,0.0,0.0,0,False,False,False,False
seq_0016,18,64,1,numeric,0.01,,0.0078125,"[0.001,0.01)",16,0.0012624263763427734,0.0013380050659179688,0.0013380050659179688,True,0.1615905761511914,0.12426757810909374,0,True,True,True,True
seq_0016,18,64,1,numeric,0.1,,0.07421875,"[0.01,0.1)",16,0.011992692947387695,0.012710094451904297,0.012710094451904297,True,0.16158575760473073,0.1242932771364832,0,True,True,True,True
seq_0016,18,64,1,bitflip,,sign,1.453125,"[1,10)",16,0.2348031997680664,0.24885034561157227,0.24885034561157227,True,0.16158499768974094,0.12429579868103005,0,True,True,True,True
seq_0016,18,64,1,bitflip,,exponent,2.4723640721599435e+38,"[10,inf)",16,,2.6462396427354323e+37,2.6462396427354323e+37,False,,0.07319660084221953,9,True,True,True,True
seq_0016,18,64,1,bitflip,,mantissa,0.00390625,"[0.001,0.01)",16,0.0006313323974609375,0.0006690025329589844,0.0006690025329589844,True,0.16162109370862499,0.12438964840565624,0,True,True,True,True
seq_0016,18,256,1,numeric,1e-06,,0.0,"[0,1e-07)",16,0.0,0.0,0.0,False,0.0,0.0,0,False,False,False,False
seq_0016,18,256,1,numeric,1e-05,,0.0,"[0,1e-07)",16,0.0,0.0,0.0,False,0.0,0.0,0,False,False,False,False
seq_0016,18,256,1,numeric,0.0001,,0.0,"[0,1e-07)",16,0.0,0.0,0.0,False,0.0,0.0,0,False,False,False,False
seq_0016,18,256,1,numeric,0.001,,0.0,"[0,1e-07)",16,0.0,0.0,0.0,False,0.0,0.0,0,False,False,False,False
seq_0016,18,256,1,numeric,0.01,,0.015625,"[0.01,0.1)",16,0.0015749931335449219,0.0025463104248046875,0.0025463104248046875,True,0.10079956054042384,0.12292480467963282,0,True,True,True,True
seq_0016,18,256,1,numeric,0.1,,0.1875,"[0.1,1)",16,0.018903255462646484,0.030556201934814453,0.030556201934814453,True,0.10081736246691023,0.12291590372655799,0,True,True,True,True
seq_0016,18,256,1,bitflip,,sign,3.8125,"[1,10)",16,0.3843684196472168,0.6213078498840332,0.6213078498840332,True,0.10081794613694844,0.12291498653221034,0,True,True,True,True
seq_0016,18,256,1,bitflip,,exponent,,nonfinite,16,,0.0,,False,,,16,True,True,True,True
seq_0016,18,256,1,bitflip,,mantissa,0.0078125,"[0.001,0.01)",16,0.0007877349853515625,0.0012731552124023438,0.0012731552124023438,True,0.10083007811209374,0.12292480467176561,0,True,True,True,True
seq_0017,31,64,1,numeric,1e-06,,0.0,"[0,1e-07)",16,0.0,0.0,0.0,False,0.0,0.0,0,False,False,False,False
seq_0017,31,64,1,numeric,1e-05,,0.0,"[0,1e-07)",16,0.0,0.0,0.0,False,0.0,0.0,0,False,False,False,False
seq_0017,31,64,1,numeric,0.0001,,0.0,"[0,1e-07)",16,0.0,0.0,0.0,False,0.0,0.0,0,False,False,False,False
seq_0017,31,64,1,numeric,0.001,,0.0,"[0,1e-07)",16,0.0,0.0,0.0,False,0.0,0.0,0,False,False,False,False
seq_0017,31,64,1,numeric,0.01,,0.0625,"[0.01,0.1)",16,0.010703563690185547,0.01898956298828125,0.01898956298828125,True,0.1712570190402286,0.18505859374703904,0,True,True,True,True
seq_0017,31,64,1,numeric,0.1,,0.625,"[0.1,1)",16,0.10703277587890625,0.17867565155029297,0.17867565155029297,True,0.171252441405976,0.20716018676724668,0,True,True,True,True
seq_0017,31,64,1,bitflip,,sign,12.625,"[10,inf)",16,2.1620612144470215,3.8359155654907227,3.8359155654907227,True,0.17125237342153268,0.18506312606356826,0,True,True,True,True
seq_0017,31,64,1,bitflip,,exponent,6.3125,"[1,10)",16,1.0810308456420898,1.9179573059082031,1.9179573059082031,True,0.17125241119079898,0.1850630505249939,0,True,True,True,True
seq_0017,31,64,1,bitflip,,mantissa,0.03125,"[0.01,0.1)",16,0.005351543426513672,0.009494781494140625,0.009494781494140625,True,0.17124938964295752,0.18505859374407813,0,True,True,True,True
seq_0017,31,256,1,numeric,1e-06,,0.0,"[0,1e-07)",16,0.0,0.0,0.0,False,0.0,0.0,0,False,False,False,False
seq_0017,31,256,1,numeric,1e-05,,0.0,"[0,1e-07)",16,0.0,0.0,0.0,False,0.0,0.0,0,False,False,False,False
seq_0017,31,256,1,numeric,0.0001,,0.0,"[0,1e-07)",16,0.0,0.0,0.0,False,0.0,0.0,0,False,False,False,False
seq_0017,31,256,1,numeric,0.001,,0.0,"[0,1e-07)",16,0.0,0.0,0.0,False,0.0,0.0,0,False,False,False,False
seq_0017,31,256,1,numeric,0.01,,0.015625,"[0.01,0.1)",16,0.0007228851318359375,0.0005855560302734375,0.0007228851318359375,False,0.04626464843453906,0.023803710935976566,0,True,True,True,True
seq_0017,31,256,1,numeric,0.1,,0.1484375,"[0.1,1)",16,0.006867408752441406,0.005560874938964844,0.006867408752441406,False,0.04626464843718832,0.02382298519720793,0,True,True,True,True
seq_0017,31,256,1,bitflip,,sign,3.046875,"[1,10)",16,0.14096593856811523,0.11414051055908203,0.14096593856811523,False,0.0462657439402893,0.02382342998797295,0,True,True,True,True
seq_0017,31,256,1,bitflip,,exponent,,nonfinite,16,,0.0,,False,,,16,True,True,True,True
seq_0017,31,256,1,bitflip,,mantissa,0.0078125,"[0.001,0.01)",16,0.00036144256591796875,0.00029277801513671875,0.00036144256591796875,False,0.046264648431578126,0.023803710934453125,0,True,True,True,True
seq_0018,4,64,4,numeric,1e-06,,0.0,"[0,1e-07)",16,0.0,0.0,0.0,False,0.0,0.0,0,False,False,False,False
seq_0018,4,64,4,numeric,1e-05,,0.0,"[0,1e-07)",16,0.0,0.0,0.0,False,0.0,0.0,0,False,False,False,False
seq_0018,4,64,4,numeric,0.0001,,0.0,"[0,1e-07)",16,0.0,0.0,0.0,False,0.0,0.0,0,False,False,False,False
seq_0018,4,64,4,numeric,0.001,,0.0,"[0,1e-07)",16,0.0,0.0,0.0,False,0.0,0.0,0,False,False,False,False
seq_0018,4,64,4,numeric,0.01,,0.015625,"[0.01,0.1)",16,0.0011976510286331177,0.00244922935962677,0.00244922935962677,True,0.07664966582761396,0.09529113768921388,0,True,True,True,True
seq_0018,4,64,4,numeric,0.1,,0.1640625,"[0.1,1)",16,0.012575268745422363,0.025717005133628845,0.025717005133628845,True,0.07664925711448815,0.09529404413074356,0,True,True,True,True
seq_0018,4,64,4,bitflip,,sign,3.203125,"[1,10)",16,0.24551720917224884,0.5020937323570251,0.5020937323570251,True,0.07664927505862937,0.0952936684212736,0,True,True,True,True
seq_0018,4,64,4,bitflip,,exponent,,nonfinite,16,,0.0,,False,,,16,True,True,True,True
seq_0018,4,64,4,bitflip,,mantissa,0.0078125,"[0.001,0.01)",16,0.0005988329648971558,0.001224607229232788,0.001224607229232788,True,0.07665061949702466,0.09529113768311523,0,True,True,True,True
seq_0018,4,256,4,numeric,1e-06,,0.0,"[0,1e-07)",16,0.0,0.0,0.0,False,0.0,0.0,0,False,False,False,False
seq_0018,4,256,4,numeric,1e-05,,0.0,"[0,1e-07)",16,0.0,0.0,0.0,False,0.0,0.0,0,False,False,False,False
seq_0018,4,256,4,numeric,0.0001,,0.0,"[0,1e-07)",16,0.0,0.0,0.0,False,0.0,0.0,0,False,False,False,False
seq_0018,4,256,4,numeric,0.001,,0.0,"[0,1e-07)",16,0.0,0.0,0.0,False,0.0,0.0,0,False,False,False,False
seq_0018,4,256,4,numeric,0.01,,0.00390625,"[0.001,0.01)",16,0.0031719207763671875,0.003905773162841797,0.003905773162841797,True,0.812011718542125,0.9003906247694999,0,True,True,True,True
seq_0018,4,256,4,numeric,0.1,,0.0546875,"[0.01,0.1)",16,0.044409751892089844,0.05468177795410156,0.05468177795410156,True,0.8120640345833652,0.9004516601397846,0,True,True,True,True
seq_0018,4,256,4,bitflip,,sign,1.1171875,"[1,10)",16,0.9072327613830566,1.1170682907104492,1.1170682907104492,True,0.8120684857127783,0.9004559283481887,0,True,True,True,True
seq_0018,4,256,4,bitflip,,exponent,1.9007960339724297e+38,"[10,inf)",16,,0.0,,False,,,16,True,True,True,True
seq_0018,4,256,4,bitflip,,mantissa,0.00390625,"[0.001,0.01)",16,0.0031719207763671875,0.003905773162841797,0.003905773162841797,True,0.812011718542125,0.9003906247694999,0,True,True,True,True
seq_0019,18,64,7,numeric,1e-06,,0.0,"[0,1e-07)",16,0.0,0.0,0.0,False,0.0,0.0,0,False,False,False,False
seq_0019,18,64,7,numeric,1e-05,,0.0,"[0,1e-07)",16,0.0,0.0,0.0,False,0.0,0.0,0,False,False,False,False
seq_0019,18,64,7,numeric,0.0001,,0.0,"[0,1e-07)",16,0.0,0.0,0.0,False,0.0,0.0,0,False,False,False,False
seq_0019,18,64,7,numeric,0.001,,0.0,"[0,1e-07)",16,0.0,0.0,0.0,False,0.0,0.0,0,False,False,False,False
seq_0019,18,64,7,numeric,0.01,,0.0009765625,"[0.0001,0.001)",16,5.626678466796875e-05,0.0001888275146484375,0.0001888275146484375,True,0.057617187441,0.08618164053675,0,True,True,True,True
seq_0019,18,64,7,numeric,0.1,,0.0107421875,"[0.01,0.1)",16,0.0006155967712402344,0.0020766258239746094,0.0020766258239746094,True,0.057306463062847104,0.08633700283287189,0,True,True,True,True
seq_0019,18,64,7,bitflip,,sign,0.2138671875,"[0.1,1)",16,0.012257575988769531,0.0413508415222168,0.0413508415222168,True,0.057313962613887263,0.08631764590427676,0,True,True,True,True
seq_0019,18,64,7,bitflip,,exponent,3.638761638461207e+37,"[10,inf)",16,2.0855314785045317e+36,7.035527382923185e+36,7.035527382923185e+36,True,0.05731431969768925,0.08631674013181365,0,True,True,True,True
seq_0019,18,64,7,bitflip,,mantissa,0.00048828125,"[0.0001,0.001)",16,2.8133392333984375e-05,9.441375732421875e-05,9.441375732421875e-05,True,0.057617187382,0.086425781073,0,True,True,True,True
seq_0019,18,256,7,numeric,1e-06,,0.0,"[0,1e-07)",16,0.0,0.0,0.0,False,0.0,0.0,0,False,False,False,False
seq_0019,18,256,7,numeric,1e-05,,0.0,"[0,1e-07)",16,0.0,0.0,0.0,False,0.0,0.0,0,False,False,False,False
seq_0019,18,256,7,numeric,0.0001,,0.0,"[0,1e-07)",16,0.0,0.0,0.0,False,0.0,0.0,0,False,False,False,False
seq_0019,18,256,7,numeric,0.001,,0.0,"[0,1e-07)",16,0.0,0.0,0.0,False,0.0,0.0,0,False,False,False,False
seq_0019,18,256,7,numeric,0.01,,0.0029296875,"[0.001,0.01)",16,0.000376284122467041,0.0006635189056396484,0.0006635189056396484,True,0.12843831375824305,0.15738932286294444,0,True,True,True,True
seq_0019,18,256,7,numeric,0.1,,0.0244140625,"[0.01,0.1)",16,0.0031357407569885254,0.005529642105102539,0.005529642105102539,True,0.1284399414009891,0.1574414062435512,0,True,True,True,True
seq_0019,18,256,7,bitflip,,sign,0.4921875,"[0.1,1)",16,0.0632162094116211,0.11147809028625488,0.11147809028625488,True,0.12843928261382634,0.15744163876456108,0,True,True,True,True
seq_0019,18,256,7,bitflip,,exponent,8.37413637344497e+37,"[10,inf)",16,1.0755683218479267e+37,1.8967011675915245e+37,1.8967011675915245e+37,True,0.12843931288946242,0.1553701370481461,0,True,True,True,True
seq_0019,18,256,7,bitflip,,mantissa,0.0009765625,"[0.0001,0.001)",16,0.00012546777725219727,0.00022101402282714844,0.00022101402282714844,True,0.1284790037746875,0.1577148435885,0,True,True,True,True
seq_0020,31,64,0,numeric,1e-06,,0.0,"[0,1e-07)",16,0.0,0.0,0.0,False,0.0,0.0,0,False,False,False,False
seq_0020,31,64,0,numeric,1e-05,,0.0,"[0,1e-07)",16,0.0,0.0,0.0,False,0.0,0.0,0,False,False,False,False
seq_0020,31,64,0,numeric,0.0001,,0.0,"[0,1e-07)",16,0.0,0.0,0.0,False,0.0,0.0,0,False,False,False,False
seq_0020,31,64,0,numeric,0.001,,0.0,"[0,1e-07)",16,0.0,0.0,0.0,False,0.0,0.0,0,False,False,False,False
seq_0020,31,64,0,numeric,0.01,,0.03125,"[0.01,0.1)",16,0.007682323455810547,0.010056018829345703,0.010056018829345703,True,0.24583435057807082,0.2637939453040586,0,True,True,True,True
seq_0020,31,64,0,numeric,0.1,,0.28125,"[0.1,1)",16,0.06913995742797852,0.09050321578979492,0.09050321578979492,True,0.24583095974304955,0.26378377278552045,0,True,True,True,True
seq_0020,31,64,0,bitflip,,sign,5.75,"[1,10)",16,1.4135231971740723,1.8502860069274902,1.8502860069274902,True,0.245830121247622,0.26378407685648436,0,True,True,True,True
seq_0020,31,64,0,bitflip,,exponent,2.875,"[1,10)",16,0.7067618370056152,0.925142765045166,0.925142765045166,True,0.24583020417578066,0.26378399392823704,0,True,True,True,True
seq_0020,31,64,0,bitflip,,mantissa,0.015625,"[0.01,0.1)",16,0.003840923309326172,0.00502777099609375,0.00502777099609375,True,0.2458190917811426,0.2637939452956172,0,True,True,True,True
seq_0020,31,256,0,numeric,1e-06,,0.0,"[0,1e-07)",16,0.0,0.0,0.0,False,0.0,0.0,0,False,False,False,False
seq_0020,31,256,0,numeric,1e-05,,0.0,"[0,1e-07)",16,0.0,0.0,0.0,False,0.0,0.0,0,False,False,False,False
seq_0020,31,256,0,numeric,0.0001,,0.0,"[0,1e-07)",16,0.0,0.0,0.0,False,0.0,0.0,0,False,False,False,False
seq_0020,31,256,0,numeric,0.001,,0.0,"[0,1e-07)",16,0.0,0.0,0.0,False,0.0,0.0,0,False,False,False,False
seq_0020,31,256,0,numeric,0.01,,0.015625,"[0.01,0.1)",16,0.0017480850219726562,0.004380702972412109,0.004380702972412109,True,0.11187744139908985,0.14157104491281447,0,True,True,True,True
seq_0020,31,256,0,numeric,0.1,,0.1484375,"[0.1,1)",16,0.016604900360107422,0.04161500930786133,0.04161500930786133,True,0.11186459189891744,0.14155658922602005,0,True,True,True,True
seq_0020,31,256,0,bitflip,,sign,2.921875,"[1,10)",16,0.3268599510192871,0.8191680908203125,0.8191680908203125,True,0.11186650730068029,0.14155945803387535,0,True,True,True,True
seq_0020,31,256,0,bitflip,,exponent,,nonfinite,16,,0.0,,False,,,16,True,True,True,True
seq_0020,31,256,0,bitflip,,mantissa,0.0078125,"[0.001,0.01)",16,0.000873565673828125,0.002190113067626953,0.002190113067626953,True,0.11181640623568749,0.1415405273256328,0,True,True,True,True
seq_0021,4,64,5,numeric,1e-06,,0.0,"[0,1e-07)",16,0.0,0.0,0.0,False,0.0,0.0,0,False,False,False,False
seq_0021,4,64,5,numeric,1e-05,,0.0,"[0,1e-07)",16,0.0,0.0,0.0,False,0.0,0.0,0,False,False,False,False
seq_0021,4,64,5,numeric,0.0001,,0.0,"[0,1e-07)",16,0.0,0.0,0.0,False,0.0,0.0,0,False,False,False,False
seq_0021,4,64,5,numeric,0.001,,0.0,"[0,1e-07)",16,0.0,0.0,0.0,False,0.0,0.0,0,False,False,False,False
seq_0021,4,64,5,numeric,0.01,,0.001953125,"[0.001,0.01)",16,0.0007281303405761719,0.0008955001831054688,0.0008955001831054688,True,0.372802734184125,0.34814453107175,0,True,True,True,True
seq_0021,4,64,5,numeric,0.1,,0.017578125,"[0.01,0.1)",16,0.006554603576660156,0.008059978485107422,0.008059978485107422,True,0.3728841145621204,0.3480360242857562,0,True,True,True,True
seq_0021,4,64,5,bitflip,,sign,0.3515625,"[0.1,1)",16,0.13109350204467773,0.16119670867919922,0.16119670867919922,True,0.3728881835926894,0.34802924262053786,0,True,True,True,True
seq_0021,4,64,5,bitflip,,exponent,5.981525981032121e+37,"[10,inf)",16,2.2304413723063715e+37,2.742616582569584e+37,2.742616582569584e+37,True,0.37288835313585067,0.34802911546495224,0,True,True,True,True
seq_0021,4,64,5,bitflip,,mantissa,0.0009765625,"[0.0001,0.001)",16,0.0003643035888671875,0.0004477500915527344,0.0004477500915527344,True,0.373046874618,0.3481445308935,0,True,True,True,True
seq_0021,4,256,5,numeric,1e-06,,0.0,"[0,1e-07)",16,0.0,0.0,0.0,False,0.0,0.0,0,False,False,False,False
seq_0021,4,256,5,numeric,1e-05,,0.0,"[0,1e-07)",16,0.0,0.0,0.0,False,0.0,0.0,0,False,False,False,False
seq_0021,4,256,5,numeric,0.0001,,0.0,"[0,1e-07)",16,0.0,0.0,0.0,False,0.0,0.0,0,False,False,False,False
seq_0021,4,256,5,numeric,0.001,,0.0,"[0,1e-07)",16,0.0,0.0,0.0,False,0.0,0.0,0,False,False,False,False
seq_0021,4,256,5,numeric,0.01,,0.015625,"[0.01,0.1)",16,0.003387928009033203,0.00591278076171875,0.00591278076171875,True,0.21682739256424807,0.2693023681468272,0,True,True,True,True
seq_0021,4,256,5,numeric,0.1,,0.171875,"[0.1,1)",16,0.03726726770401001,0.06503963470458984,0.06503963470458984,True,0.21682773936752395,0.26930791681306376,0,True,True,True,True
seq_0021,4,256,5,bitflip,,sign,3.40625,"[1,10)",16,0.7385692596435547,1.2889680862426758,1.2889680862426758,True,0.2168276725558423,0.2693081777029384,0,True,True,True,True
seq_0021,4,256,5,bitflip,,exponent,,nonfinite,16,,0.0,,False,,,16,True,True,True,True
seq_0021,4,256,5,bitflip,,mantissa,0.0078125,"[0.001,0.01)",16,0.0016939640045166016,0.002956390380859375,0.002956390380859375,True,0.2168273925503711,0.26931762691865235,0,True,True,True,True
seq_0022,18,64,1,numeric,1e-06,,0.0,"[0,1e-07)",16,0.0,0.0,0.0,False,0.0,0.0,0,False,False,False,False
seq_0022,18,64,1,numeric,1e-05,,0.0,"[0,1e-07)",16,0.0,0.0,0.0,False,0.0,0.0,0,False,False,False,False
seq_0022,18,64,1,numeric,0.0001,,0.0,"[0,1e-07)",16,0.0,0.0,0.0,False,0.0,0.0,0,False,False,False,False
seq_0022,18,64,1,numeric,0.001,,0.0,"[0,1e-07)",16,0.0,0.0,0.0,False,0.0,0.0,0,False,False,False,False
seq_0022,18,64,1,numeric,0.01,,0.000244140625,"[0.0001,0.001)",16,1.811981201171875e-05,4.220008850097656e-05,4.220008850097656e-05,True,0.07421874969600001,0.07421874969600001,0,True,True,True,True
seq_0022,18,64,1,numeric,0.1,,0.0020751953125,"[0.001,0.01)",16,0.0001544952392578125,0.0003597736358642578,0.0003597736358642578,True,0.07444852937588928,0.07444852937588928,0,True,True,True,True
seq_0022,18,64,1,bitflip,,sign,0.040771484375,"[0.01,0.1)",16,0.003040790557861328,0.0070667266845703125,0.0070667266845703125,True,0.0745813061358953,0.0745813061358953,0,True,True,True,True
seq_0022,18,64,1,bitflip,,exponent,6.93690860300253e+36,"[10,inf)",16,5.17338470000186e+35,8.526503950801747e+35,8.526503950801747e+35,True,0.07457766846982306,0.08079247274798547,0,True,True,True,True
seq_0022,18,64,1,bitflip,,mantissa,0.0001220703125,"[0.0001,0.001)",16,9.059906005859375e-06,2.1219253540039062e-05,2.1219253540039062e-05,True,0.074218749392,0.074218749392,0,False,False,True,True
seq_0022,18,256,1,numeric,1e-06,,0.0,"[0,1e-07)",16,0.0,0.0,0.0,False,0.0,0.0,0,False,False,False,False
seq_0022,18,256,1,numeric,1e-05,,0.0,"[0,1e-07)",16,0.0,0.0,0.0,False,0.0,0.0,0,False,False,False,False
seq_0022,18,256,1,numeric,0.0001,,0.0,"[0,1e-07)",16,0.0,0.0,0.0,False,0.0,0.0,0,False,False,False,False
seq_0022,18,256,1,numeric,0.001,,0.0,"[0,1e-07)",16,0.0,0.0,0.0,False,0.0,0.0,0,False,False,False,False
seq_0022,18,256,1,numeric,0.01,,0.0009765625,"[0.0001,0.001)",16,0.00011587142944335938,0.00018072128295898438,0.00018072128295898438,True,0.1186523436285,0.14086914048075,0,True,True,True,True
seq_0022,18,256,1,numeric,0.1,,0.00830078125,"[0.001,0.01)",16,0.0009856224060058594,0.0015363693237304688,0.0015363693237304688,True,0.11873851101510725,0.14088350182126297,0,True,True,True,True
seq_0022,18,256,1,bitflip,,sign,0.1640625,"[0.1,1)",16,0.019485950469970703,0.03217458724975586,0.03217458724975586,True,0.11877150762576415,0.14777483258838497,0,True,True,True,True
seq_0022,18,256,1,bitflip,,exponent,2.7913787911483233e+37,"[10,inf)",16,3.3153718642797537e+36,5.782625263603311e+36,5.782625263603311e+36,True,0.11877183687119257,0.14708373660132998,0,True,True,True,True
seq_0022,18,256,1,bitflip,,mantissa,0.00048828125,"[0.0001,0.001)",16,5.817413330078125e-05,9.584426879882812e-05,9.584426879882812e-05,True,0.119140624756,0.147460937198,0,True,True,True,True
seq_0023,31,64,1,numeric,1e-06,,0.0,"[0,1e-07)",16,0.0,0.0,0.0,False,0.0,0.0,0,False,False,False,False
seq_0023,31,64,1,numeric,1e-05,,0.0,"[0,1e-07)",16,0.0,0.0,0.0,False,0.0,0.0,0,False,False,False,False
seq_0023,31,64,1,numeric,0.0001,,0.0,"[0,1e-07)",16,0.0,0.0,0.0,False,0.0,0.0,0,False,False,False,False
seq_0023,31,64,1,numeric,0.001,,0.0,"[0,1e-07)",16,0.0,0.0,0.0,False,0.0,0.0,0,False,False,False,False
seq_0023,31,64,1,numeric,0.01,,0.001953125,"[0.001,0.01)",16,0.00032901763916015625,0.00025653839111328125,0.00032901763916015625,False,0.16845703116375,0.06103515621875,0,True,True,True,True
seq_0023,31,64,1,numeric,0.1,,0.015625,"[0.01,0.1)",16,0.0026330947875976562,0.0020503997802734375,0.0026330947875976562,False,0.16851806639546485,0.06079101562110938,0,True,True,True,True
seq_0023,31,64,1,bitflip,,sign,0.318359375,"[0.1,1)",16,0.05364036560058594,0.04176902770996094,0.05364036560058594,False,0.16848998274486954,0.06076854869612814,0,True,True,True,True
seq_0023,31,64,1,bitflip,,exponent,5.416604082823532e+37,"[10,inf)",16,9.126451763993738e+36,7.106662864005592e+36,9.126451763993738e+36,False,0.168490286985058,0.05765958797712267,0,True,True,True,True
seq_0023,31,64,1,bitflip,,mantissa,0.0009765625,"[0.0001,0.001)",16,0.00016498565673828125,0.0001277923583984375,0.00016498565673828125,False,0.168945312327,0.060546874938,0,True,True,True,True
seq_0023,31,256,1,numeric,1e-06,,0.0,"[0,1e-07)",16,0.0,0.0,0.0,False,0.0,0.0,0,False,False,False,False
seq_0023,31,256,1,numeric,1e-05,,0.0,"[0,1e-07)",16,0.0,0.0,0.0,False,0.0,0.0,0,False,False,False,False
seq_0023,31,256,1,numeric,0.0001,,0.0,"[0,1e-07)",16,0.0,0.0,0.0,False,0.0,0.0,0,False,False,False,False
seq_0023,31,256,1,numeric,0.001,,0.0,"[0,1e-07)",16,0.0,0.0,0.0,False,0.0,0.0,0,False,False,False,False
seq_0023,31,256,1,numeric,0.01,,0.015625,"[0.01,0.1)",16,0.0008196830749511719,0.002017498016357422,0.002017498016357422,True,0.05245971679351758,0.06665039062073438,0,True,True,True,True
seq_0023,31,256,1,numeric,0.1,,0.1640625,"[0.1,1)",16,0.008609771728515625,0.02707672119140625,0.02707672119140625,True,0.05247860863063251,0.08320835658431425,0,True,True,True,True
seq_0023,31,256,1,bitflip,,sign,3.3125,"[1,10)",16,0.1738414764404297,0.546687126159668,0.546687126159668,True,0.052480445717849725,0.08320934367627204,0,True,True,True,True
seq_0023,31,256,1,bitflip,,exponent,,nonfinite,16,,0.0,,False,,,16,True,True,True,True
seq_0023,31,256,1,bitflip,,mantissa,0.0078125,"[0.001,0.01)",16,0.0004100799560546875,0.00128936767578125,0.00128936767578125,True,0.05249023436828125,0.08319091795810156,0,True,True,True,True
seq_0024,4,64,4,numeric,1e-06,,0.0,"[0,1e-07)",16,0.0,0.0,0.0,False,0.0,0.0,0,False,False,False,False
seq_0024,4,64,4,numeric,1e-05,,0.0,"[0,1e-07)",16,0.0,0.0,0.0,False,0.0,0.0,0,False,False,False,False
seq_0024,4,64,4,numeric,0.0001,,0.0,"[0,1e-07)",16,0.0,0.0,0.0,False,0.0,0.0,0,False,False,False,False
seq_0024,4,64,4,numeric,0.001,,0.0,"[0,1e-07)",16,0.0,0.0,0.0,False,0.0,0.0,0,False,False,False,False
seq_0024,4,64,4,numeric,0.01,,0.015625,"[0.01,0.1)",16,0.0014674663543701172,0.004272937774658203,0.004272937774658203,True,0.09391784667367677,0.17332458494984473,0,True,True,True,True
seq_0024,4,64,4,numeric,0.1,,0.1484375,"[0.1,1)",16,0.013940095901489258,0.04059028625488281,0.04059028625488281,True,0.09391222501992653,0.17332378186560865,0,True,True,True,True
seq_0024,4,64,4,bitflip,,sign,2.984375,"[1,10)",16,0.2802700996398926,0.8160810470581055,0.8160810470581055,True,0.09391249412014196,0.17332402573824363,0,True,True,True,True
seq_0024,4,64,4,bitflip,,exponent,,nonfinite,16,,0.0,,False,,,16,True,True,True,True
seq_0024,4,64,4,bitflip,,mantissa,0.0078125,"[0.001,0.01)",16,0.0007336139678955078,0.00213623046875,0.00213623046875,True,0.09390258787860546,0.17332458493875194,0,True,True,True,True
seq_0024,4,256,4,numeric,1e-06,,0.0,"[0,1e-07)",16,0.0,0.0,0.0,False,0.0,0.0,0,False,False,False,False
seq_0024,4,256,4,numeric,1e-05,,0.0,"[0,1e-07)",16,0.0,0.0,0.0,False,0.0,0.0,0,False,False,False,False
seq_0024,4,256,4,numeric,0.0001,,0.0,"[0,1e-07)",16,0.0,0.0,0.0,False,0.0,0.0,0,False,False,False,False
seq_0024,4,256,4,numeric,0.001,,0.0,"[0,1e-07)",16,0.0,0.0,0.0,False,0.0,0.0,0,False,False,False,False
seq_0024,4,256,4,numeric,0.01,,0.00146484375,"[0.001,0.01)",16,5.817413330078125e-05,0.00047138333320617676,0.00047138333320617676,True,0.03971354163955555,0.15881347645408334,0,True,True,True,True
seq_0024,4,256,4,numeric,0.1,,0.01220703125,"[0.01,0.1)",16,0.00048470497131347656,0.003928095102310181,0.003928095102310181,True,0.039707031246747196,0.1588232421744892,0,True,True,True,True
seq_0024,4,256,4,bitflip,,sign,0.248046875,"[0.1,1)",16,0.009848833084106445,0.07981887459754944,0.07981887459754944,True,0.03970553180348166,0.15882284810159888,0,True,True,True,True
seq_0024,4,256,4,bitflip,,exponent,4.220298886617108e+37,"[10,inf)",16,1.67569924716912e+36,1.3580449898196641e+37,1.3580449898196641e+37,True,0.039705700761689916,0.15882280304675966,0,True,True,True,True
seq_0024,4,256,4,bitflip,,mantissa,0.00048828125,"[0.0001,0.001)",16,1.9371509552001953e-05,0.0001571178436279297,0.0001571178436279297,True,0.03967285148125,0.15881347623725,0,True,True,True,True
seq_0025,18,64,7,numeric,1e-06,,0.0,"[0,1e-07)",16,0.0,0.0,0.0,False,0.0,0.0,0,False,False,False,False
seq_0025,18,64,7,numeric,1e-05,,0.0,"[0,1e-07)",16,0.0,0.0,0.0,False,0.0,0.0,0,False,False,False,False
seq_0025,18,64,7,numeric,0.0001,,0.0,"[0,1e-07)",16,0.0,0.0,0.0,False,0.0,0.0,0,False,False,False,False
seq_0025,18,64,7,numeric,0.001,,0.0,"[0,1e-07)",16,0.0,0.0,0.0,False,0.0,0.0,0,False,False,False,False
seq_0025,18,64,7,numeric,0.01,,0.000244140625,"[0.0001,0.001)",16,5.1915645599365234e-05,6.198883056640625e-05,6.198883056640625e-05,True,0.212646483504,0.16845703056,0,True,True,True,True
seq_0025,18,64,7,numeric,0.1,,0.0023193359375,"[0.001,0.01)",16,0.0004932880401611328,0.0005893707275390625,0.0005893707275390625,True,0.21268503280303602,0.16848273019051524,0,True,True,True,True
seq_0025,18,64,7,bitflip,,sign,0.046875,"[0.01,0.1)",16,0.009969592094421387,0.011911869049072266,0.011911869049072266,True,0.212684631343119,0.16849136352179614,0,True,True,True,True
seq_0025,18,64,7,bitflip,,exponent,7.975367974709495e+36,"[10,inf)",16,1.6962367714560676e+36,1.751309376414008e+36,1.751309376414008e+36,True,0.21268445253372192,0.17677668730417886,0,True,True,True,True
seq_0025,18,64,7,bitflip,,mantissa,0.0001220703125,"[0.0001,0.001)",16,2.5957822799682617e-05,3.0994415283203125e-05,3.0994415283203125e-05,True,0.212646482633,0.1712646470345,0,True,True,True,True
seq_0025,18,256,7,numeric,1e-06,,0.0,"[0,1e-07)",16,0.0,0.0,0.0,False,0.0,0.0,0,False,False,False,False
seq_0025,18,256,7,numeric,1e-05,,0.0,"[0,1e-07)",16,0.0,0.0,0.0,False,0.0,0.0,0,False,False,False,False
seq_0025,18,256,7,numeric,0.0001,,0.0,"[0,1e-07)",16,0.0,0.0,0.0,False,0.0,0.0,0,False,False,False,False
seq_0025,18,256,7,numeric,0.001,,0.0,"[0,1e-07)",16,0.0,0.0,0.0,False,0.0,0.0,0,False,False,False,False
seq_0025,18,256,7,numeric,0.01,,0.03125,"[0.01,0.1)",16,0.0032799243927001953,0.008028030395507812,0.008028030395507812,True,0.10495758056304762,0.11531829833615356,0,True,True,True,True
seq_0025,18,256,7,numeric,0.1,,0.328125,"[0.1,1)",16,0.03444027900695801,0.0842885971069336,0.0842885971069336,True,0.10496085030659977,0.11531902494849529,0,True,True,True,True
seq_0025,18,256,7,bitflip,,sign,6.65625,"[1,10)",16,0.6986477375030518,1.709848403930664,1.709848403930664,True,0.10496116244175727,0.11531915798991445,0,True,True,True,True
seq_0025,18,256,7,bitflip,,exponent,3.328125,"[1,10)",16,0.34932374954223633,0.854924201965332,0.854924201965332,True,0.10496112662298783,0.1153191938086508,0,True,True,True,True
seq_0025,18,256,7,bitflip,,mantissa,0.015625,"[0.01,0.1)",16,0.0016400814056396484,0.0040130615234375,0.0040130615234375,True,0.10496520995421973,0.11531829833246339,0,True,True,True,True
seq_0026,31,64,0,numeric,1e-06,,0.0,"[0,1e-07)",16,0.0,0.0,0.0,False,0.0,0.0,0,False,False,False,False
seq_0026,31,64,0,numeric,1e-05,,0.0,"[0,1e-07)",16,0.0,0.0,0.0,False,0.0,0.0,0,False,False,False,False
seq_0026,31,64,0,numeric,0.0001,,0.0,"[0,1e-07)",16,0.0,0.0,0.0,False,0.0,0.0,0,False,False,False,False
seq_0026,31,64,0,numeric,0.001,,0.0,"[0,1e-07)",16,0.0,0.0,0.0,False,0.0,0.0,0,False,False,False,False
seq_0026,31,64,0,numeric,0.01,,0.015625,"[0.01,0.1)",16,0.0008521080017089844,0.0041217803955078125,0.0041217803955078125,True,0.05453491210588477,0.08908081054117384,0,True,True,True,True
seq_0026,31,64,0,numeric,0.1,,0.171875,"[0.1,1)",16,0.00937652587890625,0.045337677001953125,0.045337677001953125,True,0.05455433238604623,0.0890808105463567,0,True,True,True,True
seq_0026,31,64,0,bitflip,,sign,3.5,"[1,10)",16,0.1909322738647461,0.9232439994812012,0.9232439994812012,True,0.05455207824705473,0.08907890319821674,0,True,True,True,True
seq_0026,31,64,0,bitflip,,exponent,,nonfinite,16,,0.0,,False,,,16,True,True,True,True
seq_0026,31,64,0,bitflip,,mantissa,0.0078125,"[0.001,0.01)",16,0.00042629241943359375,0.0020608901977539062,0.0020608901977539062,True,0.05456542968051562,0.08911132811359375,0,True,True,True,True
seq_0026,31,256,0,numeric,1e-06,,0.0,"[0,1e-07)",16,0.0,0.0,0.0,False,0.0,0.0,0,False,False,False,False
seq_0026,31,256,0,numeric,1e-05,,0.0,"[0,1e-07)",16,0.0,0.0,0.0,False,0.0,0.0,0,False,False,False,False
seq_0026,31,256,0,numeric,0.0001,,0.0,"[0,1e-07)",16,0.0,0.0,0.0,False,0.0,0.0,0,False,False,False,False
seq_0026,31,256,0,numeric,0.001,,0.0,"[0,1e-07)",16,0.0,0.0,0.0,False,0.0,0.0,0,False,False,False,False
seq_0026,31,256,0,numeric,0.01,,0.0078125,"[0.001,0.01)",16,0.00023317337036132812,0.0014026165008544922,0.0014026165008544922,True,0.029846191402429684,0.08424377440327929,0,True,True,True,True
seq_0026,31,256,0,numeric,0.1,,0.078125,"[0.01,0.1)",16,0.002333402633666992,0.014026403427124023,0.014026403427124023,True,0.029867553710555193,0.08424530029189041,0,True,True,True,True
seq_0026,31,256,0,bitflip,,sign,1.578125,"[1,10)",16,0.04713153839111328,0.2833346128463745,0.2833346128463745,True,0.0298655292775182,0.08424513410808399,0,True,True,True,True
seq_0026,31,256,0,bitflip,,exponent,2.68504055148553e+38,"[10,inf)",16,8.019032833459657e+36,2.7255441178158304e+37,2.7255441178158304e+37,True,0.029865593013196887,0.05351638321829314,9,True,True,True,True
seq_0026,31,256,0,bitflip,,mantissa,0.00390625,"[0.001,0.01)",16,0.00011682510375976562,0.0007014274597167969,0.0007014274597167969,True,0.029907226554843746,0.08425903318155469,0,True,True,True,True
seq_0027,4,64,5,numeric,1e-06,,0.0,"[0,1e-07)",16,0.0,0.0,0.0,False,0.0,0.0,0,False,False,False,False
seq_0027,4,64,5,numeric,1e-05,,0.0,"[0,1e-07)",16,0.0,0.0,0.0,False,0.0,0.0,0,False,False,False,False
seq_0027,4,64,5,numeric,0.0001,,0.0,"[0,1e-07)",16,0.0,0.0,0.0,False,0.0,0.0,0,False,False,False,False
seq_0027,4,64,5,numeric,0.001,,0.0,"[0,1e-07)",16,0.0,0.0,0.0,False,0.0,0.0,0,False,False,False,False
seq_0027,4,64,5,numeric,0.01,,0.0078125,"[0.001,0.01)",16,0.0010897517204284668,0.0025031864643096924,0.0025031864643096924,True,0.13948822019698925,0.1698608398220078,0,True,True,True,True
seq_0027,4,64,5,numeric,0.1,,0.06640625,"[0.01,0.1)",16,0.00926285982131958,0.02127707004547119,0.02127707004547119,True,0.13948777142482963,0.1698716107511184,0,True,True,True,True
seq_0027,4,64,5,bitflip,,sign,1.3046875,"[1,10)",16,0.18198806047439575,0.2666754722595215,0.2666754722595215,True,0.13948785473475928,0.13948785473475928,0,True,True,True,True
seq_0027,4,64,5,bitflip,,exponent,2.2198107529608095e+38,"[10,inf)",16,,2.927752389190756e+37,2.927752389190756e+37,False,,0.1042706266848627,1,True,True,True,True
seq_0027,4,64,5,bitflip,,mantissa,0.00390625,"[0.001,0.01)",16,0.0005448460578918457,0.0012515932321548462,0.0012515932321548462,True,0.13948059078460545,0.1699218749565,0,True,True,True,True
seq_0027,4,256,5,numeric,1e-06,,0.0,"[0,1e-07)",16,0.0,0.0,0.0,False,0.0,0.0,0,False,False,False,False
seq_0027,4,256,5,numeric,1e-05,,0.0,"[0,1e-07)",16,0.0,0.0,0.0,False,0.0,0.0,0,False,False,False,False
seq_0027,4,256,5,numeric,0.0001,,0.0,"[0,1e-07)",16,0.0,0.0,0.0,False,0.0,0.0,0,False,False,False,False
seq_0027,4,256,5,numeric,0.001,,0.0,"[0,1e-07)",16,0.0,0.0,0.0,False,0.0,0.0,0,False,False,False,False
seq_0027,4,256,5,numeric,0.01,,0.00390625,"[0.001,0.01)",16,0.001953125,0.0018668174743652344,0.001953125,False,0.49999999987199995,0.3977432249958339,0,True,True,True,True
seq_0027,4,256,5,numeric,0.1,,0.037109375,"[0.01,0.1)",16,0.018552780151367188,0.017733097076416016,0.018552780151367188,False,0.4999486019602119,0.39774764210482455,0,True,True,True,True
seq_0027,4,256,5,bitflip,,sign,0.734375,"[0.1,1)",16,0.36714839935302734,0.3509211540222168,0.36714839935302734,False,0.4999467565651437,0.3977475267770099,0,True,True,True,True
seq_0027,4,256,5,bitflip,,exponent,1.249474316037821e+38,"[10,inf)",16,,0.0,,False,,,16,True,True,True,True
seq_0027,4,256,5,bitflip,,mantissa,0.001953125,"[0.001,0.01)",16,0.0009765625,0.0009331703186035156,0.0009765625,False,0.499999999744,0.39775085428853907,0,True,True,True,True
seq_0028,18,64,1,numeric,1e-06,,0.0,"[0,1e-07)",16,0.0,0.0,0.0,False,0.0,0.0,0,False,False,False,False
seq_0028,18,64,1,numeric,1e-05,,0.0,"[0,1e-07)",16,0.0,0.0,0.0,False,0.0,0.0,0,False,False,False,False
seq_0028,18,64,1,numeric,0.0001,,0.0,"[0,1e-07)",16,0.0,0.0,0.0,False,0.0,0.0,0,False,False,False,False
seq_0028,18,64,1,numeric,0.001,,0.0,"[0,1e-07)",16,0.0,0.0,0.0,False,0.0,0.0,0,False,False,False,False
seq_0028,18,64,1,numeric,0.01,,6.103515625e-05,"[1e-05,0.0001)",16,1.6689300537109375e-06,8.508563041687012e-06,8.508563041687012e-06,True,0.02734374955200001,0.08789062356000003,0,False,False,False,False
seq_0028,18,64,1,numeric,0.1,,0.000579833984375,"[0.0001,0.001)",16,1.6510486602783203e-05,8.083879947662354e-05,8.083879947662354e-05,True,0.028474506529839336,0.087171052481241,0,True,True,True,True
seq_0028,18,64,1,bitflip,,sign,0.011474609375,"[0.01,0.1)",16,0.0003269314765930176,0.0016005635261535645,0.0016005635261535645,True,0.02849173038315527,0.08801529254552105,0,True,True,True,True
seq_0028,18,64,1,bitflip,,exponent,1.9523036188090952e+36,"[10,inf)",16,5.561044038740827e+34,3.0872222087969836e+35,3.0872222087969836e+35,True,0.028484524564540134,0.08907888290729929,0,True,True,True,True
seq_0028,18,64,1,bitflip,,mantissa,3.0517578125e-05,"[1e-05,0.0001)",16,8.344650268554688e-07,4.217028617858887e-06,4.217028617858887e-06,True,0.027343749104000028,0.0937499969280001,0,False,False,False,False
seq_0028,18,256,1,numeric,1e-06,,0.0,"[0,1e-07)",16,0.0,0.0,0.0,False,0.0,0.0,0,False,False,False,False
seq_0028,18,256,1,numeric,1e-05,,0.0,"[0,1e-07)",16,0.0,0.0,0.0,False,0.0,0.0,0,False,False,False,False
seq_0028,18,256,1,numeric,0.0001,,0.0,"[0,1e-07)",16,0.0,0.0,0.0,False,0.0,0.0,0,False,False,False,False
seq_0028,18,256,1,numeric,0.001,,0.0,"[0,1e-07)",16,0.0,0.0,0.0,False,0.0,0.0,0,False,False,False,False
seq_0028,18,256,1,numeric,0.01,,0.005859375,"[0.001,0.01)",16,0.0005178451538085938,0.0009307861328125,0.0009307861328125,True,0.08837890623491666,0.09049479165122222,0,True,True,True,True
seq_0028,18,256,1,numeric,0.1,,0.05078125,"[0.01,0.1)",16,0.004488468170166016,0.008065223693847656,0.008065223693847656,True,0.0883882962722979,0.09046349158475703,0,True,True,True,True
seq_0028,18,256,1,bitflip,,sign,1.0,"[1,10)",16,0.08838820457458496,0.15882301330566406,0.15882301330566406,True,0.08838820457449656,0.09046030044546617,0,True,True,True,True
seq_0028,18,256,1,bitflip,,exponent,1.7014118346046923e+38,"[10,inf)",16,1.503849781562735e+37,2.702229995036673e+37,2.702229995036673e+37,True,0.0883883461356163,0.09045995026826859,0,True,True,True,True
seq_0028,18,256,1,bitflip,,mantissa,0.00390625,"[0.001,0.01)",16,0.00034546852111816406,0.0006203651428222656,0.0006203651428222656,True,0.08843994138360936,0.09045410153934375,0,True,True,True,True
seq_0029,31,64,1,numeric,1e-06,,0.0,"[0,1e-07)",16,0.0,0.0,0.0,False,0.0,0.0,0,False,False,False,False
seq_0029,31,64,1,numeric,1e-05,,0.0,"[0,1e-07)",16,0.0,0.0,0.0,False,0.0,0.0,0,False,False,False,False
seq_0029,31,64,1,numeric,0.0001,,0.0,"[0,1e-07)",16,0.0,0.0,0.0,False,0.0,0.0,0,False,False,False,False
seq_0029,31,64,1,numeric,0.001,,0.0,"[0,1e-07)",16,0.0,0.0,0.0,False,0.0,0.0,0,False,False,False,False
seq_0029,31,64,1,numeric,0.01,,0.03125,"[0.01,0.1)",16,0.0012569427490234375,0.004099845886230469,0.004099845886230469,True,0.04022216796746289,0.07113647460709864,0,True,True,True,True
seq_0029,31,64,1,numeric,0.1,,0.34375,"[0.1,1)",16,0.013826370239257812,0.06456518173217773,0.06456518173217773,True,0.04022216796863299,0.07699446244650898,0,True,True,True,True
seq_0029,31,64,1,bitflip,,sign,6.75,"[1,10)",16,0.27151012420654297,0.8856096267700195,0.8856096267700195,True,0.04022372210466707,0.07112495987502564,0,True,True,True,True
seq_0029,31,64,1,bitflip,,exponent,3.375,"[1,10)",16,0.1357555389404297,0.6339106559753418,0.6339106559753418,True,0.040223863389745027,0.07699457804359698,0,True,True,True,True
seq_0029,31,64,1,bitflip,,mantissa,0.015625,"[0.01,0.1)",16,0.0006284713745117188,0.0029349327087402344,0.0029349327087402344,True,0.04022216796617578,0.07699584960444728,0,True,True,True,True
seq_0029,31,256,1,numeric,1e-06,,0.0,"[0,1e-07)",16,0.0,0.0,0.0,False,0.0,0.0,0,False,False,False,False
seq_0029,31,256,1,numeric,1e-05,,0.0,"[0,1e-07)",16,0.0,0.0,0.0,False,0.0,0.0,0,False,False,False,False
seq_0029,31,256,1,numeric,0.0001,,0.0,"[0,1e-07)",16,0.0,0.0,0.0,False,0.0,0.0,0,False,False,False,False
seq_0029,31,256,1,numeric,0.001,,0.0,"[0,1e-07)",16,0.0,0.0,0.0,False,0.0,0.0,0,False,False,False,False
seq_0029,31,256,1,numeric,0.01,,0.0078125,"[0.001,0.01)",16,0.0004477500915527344,0.0007333755493164062,0.0007333755493164062,True,0.05731201171141406,0.06896972655367187,0,True,True,True,True
seq_0029,31,256,1,numeric,0.1,,0.078125,"[0.01,0.1)",16,0.004477500915527344,0.007336616516113281,0.007336616516113281,True,0.0573120117180164,0.06905517578036609,0,True,True,True,True
seq_0029,31,256,1,bitflip,,sign,1.578125,"[1,10)",16,0.09044933319091797,0.14820575714111328,0.14820575714111328,True,0.05731442895262457,0.0690537254408597,0,True,True,True,True
seq_0029,31,256,1,bitflip,,exponent,2.68504055148553e+38,"[10,inf)",16,1.5389127436349278e+37,2.6328385476500595e+37,2.6328385476500595e+37,True,0.0573143203659813,0.0573143203659813,0,True,True,True,True
seq_0029,31,256,1,bitflip,,mantissa,0.00390625,"[0.001,0.01)",16,0.00022363662719726562,0.00036716461181640625,0.00036716461181640625,True,0.057250976547843745,0.0690917968573125,0,True,True,True,True
seq_0030,4,64,4,numeric,1e-06,,0.0,"[0,1e-07)",16,0.0,0.0,0.0,False,0.0,0.0,0,False,False,False,False
seq_0030,4,64,4,numeric,1e-05,,0.0,"[0,1e-07)",16,0.0,0.0,0.0,False,0.0,0.0,0,False,False,False,False
seq_0030,4,64,4,numeric,0.0001,,0.0,"[0,1e-07)",16,0.0,0.0,0.0,False,0.0,0.0,0,False,False,False,False
seq_0030,4,64,4,numeric,0.001,,0.0,"[0,1e-07)",16,0.0,0.0,0.0,False,0.0,0.0,0,False,False,False,False
seq_0030,4,64,4,numeric,0.01,,0.001953125,"[0.001,0.01)",16,0.00018215179443359375,0.0005042552947998047,0.0005042552947998047,True,0.09326171870225,0.135986328055375,0,True,True,True,True
seq_0030,4,64,4,numeric,0.1,,0.0185546875,"[0.01,0.1)",16,0.001729726791381836,0.004791736602783203,0.004791736602783203,True,0.09322317022523893,0.13602487663740584,0,True,True,True,True
seq_0030,4,64,4,bitflip,,sign,0.380859375,"[0.1,1)",16,0.03550434112548828,0.09836077690124512,0.09836077690124512,True,0.09322165464719114,0.13603578225124538,0,True,True,True,True
seq_0030,4,64,4,bitflip,,exponent,6.479986479451465e+37,"[10,inf)",16,6.040778505387989e+36,1.6735193635057025e+37,1.6735193635057025e+37,True,0.09322208502353765,0.16641869178185095,0,True,True,True,True
seq_0030,4,64,4,bitflip,,mantissa,0.0009765625,"[0.0001,0.001)",16,9.107589721679688e-05,0.0002522468566894531,0.0002522468566894531,True,0.0932617186545,0.1362304686105,0,True,True,True,True
seq_0030,4,256,4,numeric,1e-06,,0.0,"[0,1e-07)",16,0.0,0.0,0.0,False,0.0,0.0,0,False,False,False,False
seq_0030,4,256,4,numeric,1e-05,,0.0,"[0,1e-07)",16,0.0,0.0,0.0,False,0.0,0.0,0,False,False,False,False
seq_0030,4,256,4,numeric,0.0001,,0.0,"[0,1e-07)",16,0.0,0.0,0.0,False,0.0,0.0,0,False,False,False,False
seq_0030,4,256,4,numeric,0.001,,0.0,"[0,1e-07)",16,0.0,0.0,0.0,False,0.0,0.0,0,False,False,False,False
seq_0030,4,256,4,numeric,0.01,,0.0078125,"[0.001,0.01)",16,0.0011761188507080078,0.0021039247512817383,0.0021039247512817383,True,0.15054321287135547,0.17263793943102734,0,True,True,True,True
seq_0030,4,256,4,numeric,0.1,,0.08203125,"[0.01,0.1)",16,0.01234889030456543,0.02209162712097168,0.02209162712097168,True,0.15053885323477198,0.17263357979700264,0,True,True,True,True
seq_0030,4,256,4,bitflip,,sign,1.640625,"[1,10)",16,0.24697375297546387,0.4418337345123291,0.4418337345123291,True,0.15053638276590525,0.17263314383360012,0,True,True,True,True
seq_0030,4,256,4,bitflip,,exponent,2.7913787911483233e+38,"[10,inf)",16,,2.7949355652024437e+37,2.7949355652024437e+37,False,,0.08907887595040458,13,True,True,True,True
seq_0030,4,256,4,bitflip,,mantissa,0.00390625,"[0.001,0.01)",16,0.0005881786346435547,0.0010519027709960938,0.0010519027709960938,True,0.1505737304302031,0.17260742183081249,0,True,True,True,True
seq_0031,18,64,7,numeric,1e-06,,0.0,"[0,1e-07)",16,0.0,0.0,0.0,False,0.0,0.0,0,False,False,False,False
seq_0031,18,64,7,numeric,1e-05,,0.0,"[0,1e-07)",16,0.0,0.0,0.0,False,0.0,0.0,0,False,False,False,False
seq_0031,18,64,7,numeric,0.0001,,0.0,"[0,1e-07)",16,0.0,0.0,0.0,False,0.0,0.0,0,False,False,False,False
seq_0031,18,64,7,numeric,0.001,,0.0,"[0,1e-07)",16,0.0,0.0,0.0,False,0.0,0.0,0,False,False,False,False
seq_0031,18,64,7,numeric,0.01,,0.03125,"[0.01,0.1)",16,0.001262664794921875,0.007984399795532227,0.007984399795532227,True,0.040405273436207034,0.1318893432574983,0,True,True,True,True
seq_0031,18,64,7,numeric,0.1,,0.234375,"[0.1,1)",16,0.009467601776123047,0.059882164001464844,0.059882164001464844,True,0.04039510091128598,0.1318929036452706,0,True,True,True,True
seq_0031,18,64,7,bitflip,,sign,4.78125,"[1,10)",16,0.1931447982788086,1.2215980291366577,1.2215980291366577,True,0.04039629767921949,0.13189198612384906,0,True,True,True,True
seq_0031,18,64,7,bitflip,,exponent,2.390625,"[1,10)",16,0.0965723991394043,0.6107990741729736,0.6107990741729736,True,0.04039629767921104,0.13189198612382147,0,True,True,True,True
seq_0031,18,64,7,bitflip,,mantissa,0.015625,"[0.01,0.1)",16,0.0006313323974609375,0.003992319107055664,0.003992319107055664,True,0.04040527343491407,0.13188171385874708,0,True,True,True,True
seq_0031,18,256,7,numeric,1e-06,,0.0,"[0,1e-07)",16,0.0,0.0,0.0,False,0.0,0.0,0,False,False,False,False
seq_0031,18,256,7,numeric,1e-05,,0.0,"[0,1e-07)",16,0.0,0.0,0.0,False,0.0,0.0,0,False,False,False,False
seq_0031,18,256,7,numeric,0.0001,,0.0,"[0,1e-07)",16,0.0,0.0,0.0,False,0.0,0.0,0,False,False,False,False
seq_0031,18,256,7,numeric,0.001,,0.0,"[0,1e-07)",16,0.0,0.0,0.0,False,0.0,0.0,0,False,False,False,False
seq_0031,18,256,7,numeric,0.01,,0.001953125,"[0.001,0.01)",16,0.00026154518127441406,0.00042057037353515625,0.00042057037353515625,True,0.1339111327439375,0.122314453062375,0,True,True,True,True
seq_0031,18,256,7,numeric,0.1,,0.01953125,"[0.01,0.1)",16,0.0026166439056396484,0.004208087921142578,0.004208087921142578,True,0.13397216796189063,0.12221679686874251,0,True,True,True,True
seq_0031,18,256,7,bitflip,,sign,0.39453125,"[0.1,1)",16,0.052852630615234375,0.08500027656555176,0.08500027656555176,True,0.13396310334124462,0.12222501546998724,0,True,True,True,True
seq_0031,18,256,7,bitflip,,exponent,6.712601378713825e+37,"[10,inf)",16,8.99244144696531e+36,2.0395227971770782e+37,2.0395227971770782e+37,True,0.13396358489990234,0.13396358489990234,0,True,True,True,True
seq_0031,18,256,7,bitflip,,mantissa,0.0009765625,"[0.0001,0.001)",16,0.0001308917999267578,0.00021076202392578125,0.00021076202392578125,True,0.13403320298775,0.1215820311255,0,True,True,True,True
seq_0032,31,64,0,numeric,1e-06,,0.0,"[0,1e-07)",16,0.0,0.0,0.0,False,0.0,0.0,0,False,False,False,False
seq_0032,31,64,0,numeric,1e-05,,0.0,"[0,1e-07)",16,0.0,0.0,0.0,False,0.0,0.0,0,False,False,False,False
seq_0032,31,64,0,numeric,0.0001,,0.0,"[0,1e-07)",16,0.0,0.0,0.0,False,0.0,0.0,0,False,False,False,False
seq_0032,31,64,0,numeric,0.001,,0.0,"[0,1e-07)",16,0.0,0.0,0.0,False,0.0,0.0,0,False,False,False,False
seq_0032,31,64,0,numeric,0.01,,0.015625,"[0.01,0.1)",16,0.0010247230529785156,0.0036468505859375,0.0036468505859375,True,0.06558227538642775,0.12222290038280274,0,True,True,True,True
seq_0032,31,64,0,numeric,0.1,,0.21875,"[0.1,1)",16,0.014349937438964844,0.0510563850402832,0.0510563850402832,True,0.06559971400639654,0.12222508021707518,0,True,True,True,True
seq_0032,31,64,0,bitflip,,sign,4.46875,"[1,10)",16,0.2931532859802246,1.0430083274841309,1.0430083274841309,True,0.06560073532423139,0.12222450096287693,0,True,True,True,True
seq_0032,31,64,0,bitflip,,exponent,2.234375,"[1,10)",16,0.1465768814086914,0.5215039253234863,0.5215039253234863,True,0.06560084202903532,0.1222246076676682,0,True,True,True,True
seq_0032,31,64,0,bitflip,,mantissa,0.015625,"[0.01,0.1)",16,0.0010251998901367188,0.0036468505859375,0.0036468505859375,True,0.06561279296455079,0.12222290038280274,0,True,True,True,True
seq_0032,31,256,0,numeric,1e-06,,0.0,"[0,1e-07)",16,0.0,0.0,0.0,False,0.0,0.0,0,False,False,False,False
seq_0032,31,256,0,numeric,1e-05,,0.0,"[0,1e-07)",16,0.0,0.0,0.0,False,0.0,0.0,0,False,False,False,False
seq_0032,31,256,0,numeric,0.0001,,0.0,"[0,1e-07)",16,0.0,0.0,0.0,False,0.0,0.0,0,False,False,False,False
seq_0032,31,256,0,numeric,0.001,,0.0,"[0,1e-07)",16,0.0,0.0,0.0,False,0.0,0.0,0,False,False,False,False
seq_0032,31,256,0,numeric,0.01,,0.0009765625,"[0.0001,0.001)",16,6.580352783203125e-05,0.0001316070556640625,0.0001316070556640625,True,0.067382812431,0.08789062491,0,True,True,True,True
seq_0032,31,256,0,numeric,0.1,,0.00830078125,"[0.001,0.01)",16,0.000553131103515625,0.001140594482421875,0.001140594482421875,True,0.06663602940373702,0.10498046873735294,0,True,True,True,True
seq_0032,31,256,0,bitflip,,sign,0.1630859375,"[0.1,1)",16,0.010867118835449219,0.02477550506591797,0.02477550506591797,True,0.06663430950557944,0.09598381362216594,0,True,True,True,True
seq_0032,31,256,0,bitflip,,exponent,2.774763441201012e+37,"[10,inf)",16,1.8490059405229973e+36,4.215350549116587e+36,4.215350549116587e+36,True,0.0666365252283519,0.09598422478772924,0,True,True,True,True
seq_0032,31,256,0,bitflip,,mantissa,0.00048828125,"[0.0001,0.001)",16,3.1948089599609375e-05,7.390975952148438e-05,7.390975952148438e-05,True,0.065429687366,0.096679687302,0,True,True,True,True
seq_0033,4,64,5,numeric,1e-06,,0.0,"[0,1e-07)",16,0.0,0.0,0.0,False,0.0,0.0,0,False,False,False,False
seq_0033,4,64,5,numeric,1e-05,,0.0,"[0,1e-07)",16,0.0,0.0,0.0,False,0.0,0.0,0,False,False,False,False
seq_0033,4,64,5,numeric,0.0001,,0.0,"[0,1e-07)",16,0.0,0.0,0.0,False,0.0,0.0,0,False,False,False,False
seq_0033,4,64,5,numeric,0.001,,0.0,"[0,1e-07)",16,0.0,0.0,0.0,False,0.0,0.0,0,False,False,False,False
seq_0033,4,64,5,numeric,0.01,,0.0078125,"[0.001,0.01)",16,0.0011973381042480469,0.0018124580383300781,0.0018124580383300781,True,0.1532592773241328,0.1532592773241328,0,True,True,True,True
seq_0033,4,64,5,numeric,0.1,,0.06640625,"[0.01,0.1)",16,0.010179996490478516,0.015224218368530273,0.015224218368530273,True,0.15329877067783854,0.15329877067783854,0,True,True,True,True
seq_0033,4,64,5,bitflip,,sign,1.3203125,"[1,10)",16,0.20240211486816406,0.3172788619995117,0.3172788619995117,True,0.15329864321364128,0.15329864321364128,0,True,True,True,True
seq_0033,4,64,5,bitflip,,exponent,2.246395312876508e+38,"[10,inf)",16,,2.9007668967432177e+37,2.9007668967432177e+37,False,,0.1187718408347587,14,True,True,True,True
seq_0033,4,64,5,bitflip,,mantissa,0.00390625,"[0.001,0.01)",16,0.000598907470703125,0.00093841552734375,0.00093841552734375,True,0.15332031246074998,0.15332031246074998,0,True,True,True,True
seq_0033,4,256,5,numeric,1e-06,,0.0,"[0,1e-07)",16,0.0,0.0,0.0,False,0.0,0.0,0,False,False,False,False
seq_0033,4,256,5,numeric,1e-05,,0.0,"[0,1e-07)",16,0.0,0.0,0.0,False,0.0,0.0,0,False,False,False,False
seq_0033,4,256,5,numeric,0.0001,,0.0,"[0,1e-07)",16,0.0,0.0,0.0,False,0.0,0.0,0,False,False,False,False
seq_0033,4,256,5,numeric,0.001,,0.0,"[0,1e-07)",16,0.0,0.0,0.0,False,0.0,0.0,0,False,False,False,False
seq_0033,4,256,5,numeric,0.01,,0.005859375,"[0.001,0.01)",16,0.0006918907165527344,0.0020875930786132812,0.0020875930786132812,True,0.11808268227151388,0.21679687496299999,0,True,True,True,True
seq_0033,4,256,5,numeric,0.1,,0.05078125,"[0.01,0.1)",16,0.005996227264404297,0.01809406280517578,0.01809406280517578,True,0.11807955228132859,0.2168250450678456,0,True,True,True,True
seq_0033,4,256,5,bitflip,,sign,0.984375,"[0.1,1)",16,0.11623620986938477,0.35074806213378906,0.35074806213378906,True,0.11808122907354077,0.2168278769839067,0,True,True,True,True
seq_0033,4,256,5,bitflip,,exponent,1.674827274688994e+38,"[10,inf)",16,1.97765789846426e+37,2.8797474750805933e+37,2.8797474750805933e+37,True,0.11808130476209852,0.07457766457209511,0,True,True,True,True
seq_0033,4,256,5,bitflip,,mantissa,0.001953125,"[0.001,0.01)",16,0.0002307891845703125,0.0006957054138183594,0.0006957054138183594,True,0.1181640624395,0.216796874889,0,True,True,True,True
seq_0034,18,64,1,numeric,1e-06,,0.0,"[0,1e-07)",16,0.0,0.0,0.0,False,0.0,0.0,0,False,False,False,False
seq_0034,18,64,1,numeric,1e-05,,0.0,"[0,1e-07)",16,0.0,0.0,0.0,False,0.0,0.0,0,False,False,False,False
seq_0034,18,64,1,numeric,0.0001,,0.0,"[0,1e-07)",16,0.0,0.0,0.0,False,0.0,0.0,0,False,False,False,False
seq_0034,18,64,1,numeric,0.001,,0.0,"[0,1e-07)",16,0.0,0.0,0.0,False,0.0,0.0,0,False,False,False,False
seq_0034,18,64,1,numeric,0.01,,0.03125,"[0.01,0.1)",16,0.013120174407958984,0.012602269649505615,0.013120174407958984,False,0.41984558104125247,0.3121223449607152,0,True,True,True,True
seq_0034,18,64,1,numeric,0.1,,0.4375,"[0.1,1)",16,0.18368202447891235,0.18368196487426758,0.18368202447891235,False,0.4198446273794115,0.3052159718097795,0,True,True,True,True
seq_0034,18,64,1,bitflip,,sign,8.5,"[1,10)",16,3.5686795711517334,3.5686795711517334,3.5686795711517334,False,0.4198446554295663,0.30521603191596536,0,True,True,True,True
seq_0034,18,64,1,bitflip,,exponent,4.25,"[1,10)",16,1.7843396663665771,1.7843396663665771,1.7843396663665771,False,0.4198446273802723,0.30521600386668485,0,True,True,True,True
seq_0034,18,64,1,bitflip,,mantissa,0.03125,"[0.01,0.1)",16,0.013120174407958984,0.012602269649505615,0.013120174407958984,False,0.41984558104125247,0.3121223449607152,0,True,True,True,True
seq_0034,18,256,1,numeric,1e-06,,0.0,"[0,1e-07)",16,0.0,0.0,0.0,False,0.0,0.0,0,False,False,False,False
seq_0034,18,256,1,numeric,1e-05,,0.0,"[0,1e-07)",16,0.0,0.0,0.0,False,0.0,0.0,0,False,False,False,False
seq_0034,18,256,1,numeric,0.0001,,0.0,"[0,1e-07)",16,0.0,0.0,0.0,False,0.0,0.0,0,False,False,False,False
seq_0034,18,256,1,numeric,0.001,,0.0,"[0,1e-07)",16,0.0,0.0,0.0,False,0.0,0.0,0,False,False,False,False
seq_0034,18,256,1,numeric,0.01,,0.015625,"[0.01,0.1)",16,0.0034313201904296875,0.004294395446777344,0.004294395446777344,True,0.21960449217344533,0.1339721679601758,0,True,True,True,True
seq_0034,18,256,1,numeric,0.1,,0.140625,"[0.1,1)",16,0.030879974365234375,0.03864765167236328,0.03864765167236328,True,0.2195909288178829,0.13396538628376958,0,True,True,True,True
seq_0034,18,256,1,bitflip,,sign,2.75,"[1,10)",16,0.6038713455200195,0.7557897567749023,0.7557897567749023,True,0.21958958018901814,0.1339634982021885,0,True,True,True,True
seq_0034,18,256,1,bitflip,,exponent,,nonfinite,16,,0.0,,False,,,16,True,True,True,True
seq_0034,18,256,1,bitflip,,mantissa,0.0078125,"[0.001,0.01)",16,0.00171661376953125,0.0021467208862304688,0.0021467208862304688,True,0.219726562471875,0.13391113279535938,0,True,True,True,True
seq_0035,31,64,1,numeric,1e-06,,0.0,"[0,1e-07)",16,0.0,0.0,0.0,False,0.0,0.0,0,False,False,False,False
seq_0035,31,64,1,numeric,1e-05,,0.0,"[0,1e-07)",16,0.0,0.0,0.0,False,0.0,0.0,0,False,False,False,False
seq_0035,31,64,1,numeric,0.0001,,0.0,"[0,1e-07)",16,0.0,0.0,0.0,False,0.0,0.0,0,False,False,False,False
seq_0035,31,64,1,numeric,0.001,,0.0,"[0,1e-07)",16,0.0,0.0,0.0,False,0.0,0.0,0,False,False,False,False
seq_0035,31,64,1,numeric,0.01,,0.000244140625,"[0.0001,0.001)",16,2.288818359375e-05,5.53131103515625e-05,5.53131103515625e-05,True,0.093749999616,0.109374999552,0,True,True,True,True
seq_0035,31,64,1,numeric,0.1,,0.003662109375,"[0.001,0.01)",16,0.00033855438232421875,0.000823974609375,0.000823974609375,True,0.09244791664142223,0.11119791663630223,0,True,True,True,True
seq_0035,31,64,1,bitflip,,sign,0.07177734375,"[0.01,0.1)",16,0.006642341613769531,0.016157150268554688,0.016157150268554688,True,0.09254092261775833,0.11118197278756665,0,True,True,True,True
seq_0035,31,64,1,bitflip,,exponent,1.2212282211273915e+37,"[10,inf)",16,1.130021378420638e+36,2.7491563920161616e+36,2.7491563920161616e+36,True,0.09253154806539315,0.11117596528968032,0,True,True,True,True
seq_0035,31,64,1,bitflip,,mantissa,0.000244140625,"[0.0001,0.001)",16,2.288818359375e-05,5.435943603515625e-05,5.435943603515625e-05,True,0.093749999616,0.11328124953600001,0,True,True,True,True
seq_0035,31,256,1,numeric,1e-06,,0.0,"[0,1e-07)",16,0.0,0.0,0.0,False,0.0,0.0,0,False,False,False,False
seq_0035,31,256,1,numeric,1e-05,,0.0,"[0,1e-07)",16,0.0,0.0,0.0,False,0.0,0.0,0,False,False,False,False
seq_0035,31,256,1,numeric,0.0001,,0.0,"[0,1e-07)",16,0.0,0.0,0.0,False,0.0,0.0,0,False,False,False,False
seq_0035,31,256,1,numeric,0.001,,0.0,"[0,1e-07)",16,0.0,0.0,0.0,False,0.0,0.0,0,False,False,False,False
seq_0035,31,256,1,numeric,0.01,,0.0078125,"[0.001,0.01)",16,0.000591278076171875,0.0008792877197265625,0.0008792877197265625,True,0.0756835937403125,0.07385253905304687,0,True,True,True,True
seq_0035,31,256,1,numeric,0.1,,0.0859375,"[0.01,0.1)",16,0.006497383117675781,0.009258270263671875,0.009258270263671875,True,0.07560591264116567,0.059725674715214096,0,True,True,True,True
seq_0035,31,256,1,bitflip,,sign,1.703125,"[1,10)",16,0.12877845764160156,0.18346691131591797,0.18346691131591797,True,0.07561303934915285,0.05973101974623786,0,True,True,True,True
seq_0035,31,256,1,bitflip,,exponent,2.8977170308111166e+38,"[10,inf)",16,2.191064341711482e+37,2.961438682711101e+37,2.961438682711101e+37,True,0.07561346806517434,0.09253155419585901,5,True,True,True,True
seq_0035,31,256,1,bitflip,,mantissa,0.00390625,"[0.001,0.01)",16,0.0002956390380859375,0.00043964385986328125,0.00043964385986328125,True,0.075683593730625,0.07373046873112499,0,True,True,True,True
seq_0036,4,64,4,numeric,1e-06,,0.0,"[0,1e-07)",16,0.0,0.0,0.0,False,0.0,0.0,0,False,False,False,False
seq_0036,4,64,4,numeric,1e-05,,0.0,"[0,1e-07)",16,0.0,0.0,0.0,False,0.0,0.0,0,False,False,False,False
seq_0036,4,64,4,numeric,0.0001,,0.0,"[0,1e-07)",16,0.0,0.0,0.0,False,0.0,0.0,0,False,False,False,False
seq_0036,4,64,4,numeric,0.001,,0.0,"[0,1e-07)",16,0.0,0.0,0.0,False,0.0,0.0,0,False,False,False,False
seq_0036,4,64,4,numeric,0.01,,0.0078125,"[0.001,0.01)",16,0.000960230827331543,0.0017695426940917969,0.0017695426940917969,True,0.12290954588270507,0.13949584959151953,0,True,True,True,True
seq_0036,4,64,4,numeric,0.1,,0.09375,"[0.01,0.1)",16,0.011523246765136719,0.02123403549194336,0.02123403549194336,True,0.12291463216014724,0.13948694864760067,0,True,True,True,True
seq_0036,4,64,4,bitflip,,sign,1.921875,"[1,10)",16,0.23622703552246094,0.43529486656188965,0.43529486656188965,True,0.12291488027178563,0.1394879100767821,0,True,True,True,True
seq_0036,4,64,4,bitflip,,exponent,3.269900869630893e+38,"[10,inf)",16,,2.935370969298128e+37,2.935370969298128e+37,False,,0.0897694176774684,13,True,True,True,True
seq_0036,4,64,4,bitflip,,mantissa,0.00390625,"[0.001,0.01)",16,0.0004801750183105469,0.0008847713470458984,0.0008847713470458984,True,0.12292480465603124,0.13946533199554687,0,True,True,True,True
seq_0036,4,256,4,numeric,1e-06,,0.0,"[0,1e-07)",16,0.0,0.0,0.0,False,0.0,0.0,0,False,False,False,False
seq_0036,4,256,4,numeric,1e-05,,0.0,"[0,1e-07)",16,0.0,0.0,0.0,False,0.0,0.0,0,False,False,False,False
seq_0036,4,256,4,numeric,0.0001,,0.0,"[0,1e-07)",16,0.0,0.0,0.0,False,0.0,0.0,0,False,False,False,False
seq_0036,4,256,4,numeric,0.001,,0.0,"[0,1e-07)",16,0.0,0.0,0.0,False,0.0,0.0,0,False,False,False,False
seq_0036,4,256,4,numeric,0.01,,0.001953125,"[0.001,0.01)",16,0.00029271841049194336,0.00033715367317199707,0.00033715367317199707,True,0.14987182609514063,0.11874389642357812,0,True,True,True,True
seq_0036,4,256,4,numeric,0.1,,0.02734375,"[0.01,0.1)",16,0.004097402095794678,0.004720449447631836,0.004720449447631836,True,0.14984784806929663,0.11877005440413856,0,True,True,True,True
seq_0036,4,256,4,bitflip,,sign,0.53515625,"[0.1,1)",16,0.08019089698791504,0.09238588809967041,0.09238588809967041,True,0.14984576371436417,0.11877182452325834,0,True,True,True,True
seq_0036,4,256,4,bitflip,,exponent,9.105211771126674e+37,"[10,inf)",16,1.3643782989834644e+37,1.5718644336324404e+37,1.5718644336324404e+37,True,0.1498458611704137,0.11877183844573307,0,True,True,True,True
seq_0036,4,256,4,bitflip,,mantissa,0.001953125,"[0.001,0.01)",16,0.00029265880584716797,0.00033718347549438477,0.00033718347549438477,True,0.14984130851703126,0.11876678460716016,0,True,True,True,True
seq_0037,18,64,7,numeric,1e-06,,0.0,"[0,1e-07)",16,0.0,0.0,0.0,False,0.0,0.0,0,False,False,False,False
seq_0037,18,64,7,numeric,1e-05,,0.0,"[0,1e-07)",16,0.0,0.0,0.0,False,0.0,0.0,0,False,False,False,False
seq_0037,18,64,7,numeric,0.0001,,0.0,"[0,1e-07)",16,0.0,0.0,0.0,False,0.0,0.0,0,False,False,False,False
seq_0037,18,64,7,numeric,0.001,,0.0,"[0,1e-07)",16,0.0,0.0,0.0,False,0.0,0.0,0,False,False,False,False
seq_0037,18,64,7,numeric,0.01,,0.00048828125,"[0.0001,0.001)",16,1.9669532775878906e-05,6.708502769470215e-05,6.708502769470215e-05,True,0.0402832030425,0.0759277342195,0,True,True,True,True
seq_0037,18,64,7,numeric,0.1,,0.00439453125,"[0.001,0.01)",16,0.00017756223678588867,0.0006038844585418701,0.0006038844585418701,True,0.04040527342830555,0.07595486109382715,0,True,True,True,True
seq_0037,18,64,7,bitflip,,sign,0.087890625,"[0.01,0.1)",16,0.0035504698753356934,0.01207759976387024,0.01207759976387024,True,0.04039645724780427,0.07595893012066353,0,True,True,True,True
seq_0037,18,64,7,bitflip,,exponent,1.4953814952580304e+37,"[10,inf)",16,6.040778584616152e+35,2.0548972756430913e+36,2.0548972756430913e+36,True,0.04039623737335205,0.07595873408847385,0,True,True,True,True
seq_0037,18,64,7,bitflip,,mantissa,0.000244140625,"[0.0001,0.001)",16,9.834766387939453e-06,3.254413604736328e-05,3.254413604736328e-05,True,0.04028320296,0.06835937472,0,False,True,True,True
seq_0037,18,256,7,numeric,1e-06,,0.0,"[0,1e-07)",16,0.0,0.0,0.0,False,0.0,0.0,0,False,False,False,False
seq_0037,18,256,7,numeric,1e-05,,0.0,"[0,1e-07)",16,0.0,0.0,0.0,False,0.0,0.0,0,False,False,False,False
seq_0037,18,256,7,numeric,0.0001,,0.0,"[0,1e-07)",16,0.0,0.0,0.0,False,0.0,0.0,0,False,False,False,False
seq_0037,18,256,7,numeric,0.001,,0.0,"[0,1e-07)",16,0.0,0.0,0.0,False,0.0,0.0,0,False,False,False,False
seq_0037,18,256,7,numeric,0.01,,0.015625,"[0.01,0.1)",16,0.002201080322265625,0.004661083221435547,0.004661083221435547,True,0.14086914061598438,0.14500427245165723,0,True,True,True,True
seq_0037,18,256,7,numeric,0.1,,0.171875,"[0.1,1)",16,0.024211883544921875,0.05127215385437012,0.05127215385437012,True,0.1408691406241804,0.14501259543594605,0,True,True,True,True
seq_0037,18,256,7,bitflip,,sign,3.4375,"[1,10)",16,0.4842371940612793,1.0254433155059814,1.0254433155059814,True,0.1408690019086948,0.14501217928795496,0,True,True,True,True
seq_0037,18,256,7,bitflip,,exponent,,nonfinite,16,,0.0,,False,,,16,True,True,True,True
seq_0037,18,256,7,bitflip,,mantissa,0.0078125,"[0.001,0.01)",16,0.0011005401611328125,0.0023305416107177734,0.0023305416107177734,True,0.14086914060696873,0.1450195312314375,0,True,True,True,True
seq_0038,31,64,0,numeric,1e-06,,0.0,"[0,1e-07)",16,0.0,0.0,0.0,False,0.0,0.0,0,False,False,False,False
seq_0038,31,64,0,numeric,1e-05,,0.0,"[0,1e-07)",16,0.0,0.0,0.0,False,0.0,0.0,0,False,False,False,False
seq_0038,31,64,0,numeric,0.0001,,0.0,"[0,1e-07)",16,0.0,0.0,0.0,False,0.0,0.0,0,False,False,False,False
seq_0038,31,64,0,numeric,0.001,,0.0,"[0,1e-07)",16,0.0,0.0,0.0,False,0.0,0.0,0,False,False,False,False
seq_0038,31,64,0,numeric,0.01,,0.00390625,"[0.001,0.01)",16,0.0003533363342285156,0.0005340576171875,0.0005340576171875,True,0.09045410153934375,0.07141113279421875,0,True,True,True,True
seq_0038,31,64,0,numeric,0.1,,0.05078125,"[0.01,0.1)",16,0.004593849182128906,0.006943225860595703,0.006943225860595703,True,0.09046349158475703,0.07146747295532341,0,True,True,True,True
seq_0038,31,64,0,bitflip,,sign,1.0234375,"[1,10)",16,0.09257984161376953,0.13993024826049805,0.13993024826049805,True,0.09045969256909099,0.07147030429978703,0,True,True,True,True
seq_0038,31,64,0,bitflip,,exponent,1.7412886744782398e+38,"[10,inf)",16,1.5751688184520554e+37,2.3807895505657203e+37,2.3807895505657203e+37,True,0.09045994736766087,0.07147026062011719,0,True,True,True,True
seq_0038,31,64,0,bitflip,,mantissa,0.00390625,"[0.001,0.01)",16,0.0003533363342285156,0.0005340576171875,0.0005340576171875,True,0.09045410153934375,0.0715332031066875,0,True,True,True,True
seq_0038,31,256,0,numeric,1e-06,,0.0,"[0,1e-07)",16,0.0,0.0,0.0,False,0.0,0.0,0,False,False,False,False
seq_0038,31,256,0,numeric,1e-05,,0.0,"[0,1e-07)",16,0.0,0.0,0.0,False,0.0,0.0,0,False,False,False,False
seq_0038,31,256,0,numeric,0.0001,,0.0,"[0,1e-07)",16,0.0,0.0,0.0,False,0.0,0.0,0,False,False,False,False
seq_0038,31,256,0,numeric,0.001,,0.0,"[0,1e-07)",16,0.0,0.0,0.0,False,0.0,0.0,0,False,False,False,False
seq_0038,31,256,0,numeric,0.01,,0.00390625,"[0.001,0.01)",16,0.0001125335693359375,0.0006747245788574219,0.0006747245788574219,True,0.028808593742624997,0.07214355466903125,0,True,True,True,True
seq_0038,31,256,0,numeric,0.1,,0.05078125,"[0.01,0.1)",16,0.0014638900756835938,0.008766651153564453,0.008766651153564453,True,0.028827373797509246,0.0721529447101176,0,True,True,True,True
seq_0038,31,256,0,bitflip,,sign,0.9921875,"[0.1,1)",16,0.028604507446289062,0.17128467559814453,0.17128467559814453,True,0.028829739788356772,0.07216085599156113,0,True,True,True,True
seq_0038,31,256,0,bitflip,,exponent,1.6881195546468432e+38,"[10,inf)",16,4.866813622769627e+36,2.8909456469528895e+37,2.8909456469528895e+37,True,0.02882979235311193,0.08493567639448511,4,True,True,True,True
seq_0038,31,256,0,bitflip,,mantissa,0.001953125,"[0.001,0.01)",16,5.6743621826171875e-05,0.0003371238708496094,0.0003371238708496094,True,0.029052734360125,0.072021484338125,0,True,True,True,True
seq_0039,4,64,5,numeric,1e-06,,0.0,"[0,1e-07)",16,0.0,0.0,0.0,False,0.0,0.0,0,False,False,False,False
seq_0039,4,64,5,numeric,1e-05,,0.0,"[0,1e-07)",16,0.0,0.0,0.0,False,0.0,0.0,0,False,False,False,False
seq_0039,4,64,5,numeric,0.0001,,0.0,"[0,1e-07)",16,0.0,0.0,0.0,False,0.0,0.0,0,False,False,False,False
seq_0039,4,64,5,numeric,0.001,,0.0,"[0,1e-07)",16,0.0,0.0,0.0,False,0.0,0.0,0,False,False,False,False
seq_0039,4,64,5,numeric,0.01,,0.015625,"[0.01,0.1)",16,0.0010142326354980469,0.002826690673828125,0.002826690673828125,True,0.06491088866772071,0.08700561522880665,0,True,True,True,True
seq_0039,4,64,5,numeric,0.1,,0.203125,"[0.1,1)",16,0.013184905052185059,0.03674936294555664,0.03674936294555664,True,0.06491030179505304,0.08700678898695147,0,True,True,True,True
seq_0039,4,64,5,bitflip,,sign,4.03125,"[1,10)",16,0.2616691589355469,0.7293334007263184,0.7293334007263184,True,0.06491017896073971,0.08700733036955811,0,True,True,True,True
seq_0039,4,64,5,bitflip,,exponent,2.015625,"[1,10)",16,0.13083457946777344,0.3646667003631592,0.3646667003631592,True,0.06491017896072361,0.0870073895121298,0,True,True,True,True
seq_0039,4,64,5,bitflip,,mantissa,0.015625,"[0.01,0.1)",16,0.0010142326354980469,0.0028269290924072266,0.0028269290924072266,True,0.06491088866772071,0.08700561522880665,0,True,True,True,True
seq_0039,4,256,5,numeric,1e-06,,0.0,"[0,1e-07)",16,0.0,0.0,0.0,False,0.0,0.0,0,False,False,False,False
seq_0039,4,256,5,numeric,1e-05,,0.0,"[0,1e-07)",16,0.0,0.0,0.0,False,0.0,0.0,0,False,False,False,False
seq_0039,4,256,5,numeric,0.0001,,0.0,"[0,1e-07)",16,0.0,0.0,0.0,False,0.0,0.0,0,False,False,False,False
seq_0039,4,256,5,numeric,0.001,,0.0,"[0,1e-07)",16,0.0,0.0,0.0,False,0.0,0.0,0,False,False,False,False
seq_0039,4,256,5,numeric,0.01,,0.015625,"[0.01,0.1)",16,0.0017156600952148438,0.0037114620208740234,0.0037114620208740234,True,0.10980224608672266,0.15054321288099023,0,True,True,True,True
seq_0039,4,256,5,numeric,0.1,,0.125,"[0.1,1)",16,0.013724327087402344,0.029692888259887695,0.029692888259887695,True,0.10979461669834038,0.15053749084352225,0,True,True,True,True
seq_0039,4,256,5,bitflip,,sign,2.546875,"[1,10)",16,0.279632568359375,0.6049940586090088,0.6049940586090088,True,0.10979438266866855,0.15053647281196159,0,True,True,True,True
seq_0039,4,256,5,bitflip,,exponent,,nonfinite,16,,0.0,,False,,,16,True,True,True,True
seq_0039,4,256,5,bitflip,,mantissa,0.0078125,"[0.001,0.01)",16,0.0008573532104492188,0.0018558502197265625,0.0018558502197265625,True,0.10974121092345313,0.15054321287135547,0,True,True,True,True
seq_0040,18,64,1,numeric,1e-06,,0.0,"[0,1e-07)",16,0.0,0.0,0.0,False,0.0,0.0,0,False,False,False,False
seq_0040,18,64,1,numeric,1e-05,,0.0,"[0,1e-07)",16,0.0,0.0,0.0,False,0.0,0.0,0,False,False,False,False
seq_0040,18,64,1,numeric,0.0001,,0.0,"[0,1e-07)",16,0.0,0.0,0.0,False,0.0,0.0,0,False,False,False,False
seq_0040,18,64,1,numeric,0.001,,0.0,"[0,1e-07)",16,0.0,0.0,0.0,False,0.0,0.0,0,False,False,False,False
seq_0040,18,64,1,numeric,0.01,,0.00390625,"[0.001,0.01)",16,0.0006394386291503906,0.0010037422180175781,0.0010037422180175781,True,0.16369628902059374,0.14636230465003122,0,True,True,True,True
seq_0040,18,64,1,numeric,0.1,,0.05859375,"[0.01,0.1)",16,0.009589195251464844,0.011167287826538086,0.011167287826538086,True,0.16365559895554027,0.14362792968504876,0,True,True,True,True
seq_0040,18,64,1,bitflip,,sign,1.1484375,"[1,10)",16,0.18794918060302734,0.29500865936279297,0.29500865936279297,True,0.16365642936847993,0.14639344507321436,0,True,True,True,True
seq_0040,18,64,1,bitflip,,exponent,1.9539651538038263e+38,"[10,inf)",16,,2.536645163622821e+37,2.536645163622821e+37,False,,0.07872087128308354,1,True,True,True,True
seq_0040,18,64,1,bitflip,,mantissa,0.00390625,"[0.001,0.01)",16,0.0006392002105712891,0.0007445812225341797,0.0007445812225341797,True,0.16363525386435937,0.12426757809318749,0,True,True,True,True
seq_0040,18,256,1,numeric,1e-06,,0.0,"[0,1e-07)",16,0.0,0.0,0.0,False,0.0,0.0,0,False,False,False,False
seq_0040,18,256,1,numeric,1e-05,,0.0,"[0,1e-07)",16,0.0,0.0,0.0,False,0.0,0.0,0,False,False,False,False
seq_0040,18,256,1,numeric,0.0001,,0.0,"[0,1e-07)",16,0.0,0.0,0.0,False,0.0,0.0,0,False,False,False,False
seq_0040,18,256,1,numeric,0.001,,0.0,"[0,1e-07)",16,0.0,0.0,0.0,False,0.0,0.0,0,False,False,False,False
seq_0040,18,256,1,numeric,0.01,,0.0078125,"[0.001,0.01)",16,0.001758575439453125,0.0018663406372070312,0.0018663406372070312,True,0.2250976562211875,0.1961669921623906,0,True,True,True,True
seq_0040,18,256,1,numeric,0.1,,0.06640625,"[0.01,0.1)",16,0.014948844909667969,0.01586627960205078,0.01586627960205078,True,0.22511201745984535,0.1961023667249881,0,True,True,True,True
seq_0040,18,256,1,bitflip,,sign,1.3515625,"[1,10)",16,0.30425548553466797,0.3229217529296875,0.3229217529296875,True,0.22511388525091724,0.1961112490966757,0,True,True,True,True
seq_0040,18,256,1,bitflip,,exponent,2.2995644327079045e+38,"[10,inf)",16,,2.7947520093955307e+37,2.7947520093955307e+37,False,,0.10565169009170092,12,True,True,True,True
seq_0040,18,256,1,bitflip,,mantissa,0.00390625,"[0.001,0.01)",16,0.0008792877197265625,0.0009336471557617188,0.0009336471557617188,True,0.22509765619237498,0.19604492182481248,0,True,True,True,True
seq_0041,31,64,1,numeric,1e-06,,0.0,"[0,1e-07)",16,0.0,0.0,0.0,False,0.0,0.0,0,False,False,False,False
seq_0041,31,64,1,numeric,1e-05,,0.0,"[0,1e-07)",16,0.0,0.0,0.0,False,0.0,0.0,0,False,False,False,False
seq_0041,31,64,1,numeric,0.0001,,0.0,"[0,1e-07)",16,0.0,0.0,0.0,False,0.0,0.0,0,False,False,False,False
seq_0041,31,64,1,numeric,0.001,,0.0,"[0,1e-07)",16,0.0,0.0,0.0,False,0.0,0.0,0,False,False,False,False
seq_0041,31,64,1,numeric,0.01,,0.015625,"[0.01,0.1)",16,0.002330780029296875,0.0033445358276367188,0.0033445358276367188,True,0.14916992186545314,0.08908081054117384,0,True,True,True,True
seq_0041,31,64,1,numeric,0.1,,0.1171875,"[0.1,1)",16,0.01747894287109375,0.02508544921875,0.02508544921875,True,0.14915364583206056,0.08907877604090653,0,True,True,True,True
seq_0041,31,64,1,bitflip,,sign,2.421875,"[1,10)",16,0.3612356185913086,0.5184402465820312,0.5184402465820312,True,0.14915535219247872,0.08907903855843095,0,True,True,True,True
seq_0041,31,64,1,bitflip,,exponent,,nonfinite,16,,0.0,,False,,,16,True,True,True,True
seq_0041,31,64,1,bitflip,,mantissa,0.0078125,"[0.001,0.01)",16,0.0011653900146484375,0.0016727447509765625,0.0016727447509765625,True,0.14916992185590625,0.08905029295735156,0,True,True,True,True
seq_0041,31,256,1,numeric,1e-06,,0.0,"[0,1e-07)",16,0.0,0.0,0.0,False,0.0,0.0,0,False,False,False,False
seq_0041,31,256,1,numeric,1e-05,,0.0,"[0,1e-07)",16,0.0,0.0,0.0,False,0.0,0.0,0,False,False,False,False
seq_0041,31,256,1,numeric,0.0001,,0.0,"[0,1e-07)",16,0.0,0.0,0.0,False,0.0,0.0,0,False,False,False,False
seq_0041,31,256,1,numeric,0.001,,0.0,"[0,1e-07)",16,0.0,0.0,0.0,False,0.0,0.0,0,False,False,False,False
seq_0041,31,256,1,numeric,0.01,,0.0625,"[0.01,0.1)",16,0.004337787628173828,0.022960662841796875,0.022960662841796875,True,0.06940460204967076,0.28034973144082687,0,True,True,True,True
seq_0041,31,256,1,numeric,0.1,,0.625,"[0.1,1)",16,0.04337453842163086,0.22960281372070312,0.22960281372070312,True,0.06939926147449833,0.28035583496048894,0,True,True,True,True
seq_0041,31,256,1,bitflip,,sign,12.75,"[10,inf)",16,0.8848328590393066,4.683891773223877,4.683891773223877,True,0.06939865561092057,0.28035679985492973,0,True,True,True,True
seq_0041,31,256,1,bitflip,,exponent,6.375,"[1,10)",16,0.4424161911010742,2.3419456481933594,2.3419456481933594,True,0.06939861821192232,0.2803569120518862,0,True,True,True,True
seq_0041,31,256,1,bitflip,,mantissa,0.03125,"[0.01,0.1)",16,0.0021691322326660156,0.011480331420898438,0.011480331420898438,True,0.06941223144309132,0.2803344726472793,0,True,True,True,True
seq_0042,4,64,4,numeric,1e-06,,0.0,"[0,1e-07)",16,0.0,0.0,0.0,False,0.0,0.0,0,False,False,False,False
seq_0042,4,64,4,numeric,1e-05,,0.0,"[0,1e-07)",16,0.0,0.0,0.0,False,0.0,0.0,0,False,False,False,False
seq_0042,4,64,4,numeric,0.0001,,0.0,"[0,1e-07)",16,0.0,0.0,0.0,False,0.0,0.0,0,False,False,False,False
seq_0042,4,64,4,numeric,0.001,,0.0,"[0,1e-07)",16,0.0,0.0,0.0,False,0.0,0.0,0,False,False,False,False
seq_0042,4,64,4,numeric,0.01,,0.015625,"[0.01,0.1)",16,0.0022766590118408203,0.00274050235748291,0.00274050235748291,True,0.14570617674848732,0.09667205809928174,0,True,True,True,True
seq_0042,4,64,4,numeric,0.1,,0.1328125,"[0.1,1)",16,0.01935124397277832,0.023294806480407715,0.023294806480407715,True,0.1457034840292338,0.09667519962013606,0,True,True,True,True
seq_0042,4,64,4,bitflip,,sign,2.6875,"[1,10)",16,0.3915759325027466,0.4713757038116455,0.4713757038116455,True,0.1457026725591073,0.0966747417006022,0,True,True,True,True
seq_0042,4,64,4,bitflip,,exponent,,nonfinite,16,,0.0,,False,,,16,True,True,True,True
seq_0042,4,64,4,bitflip,,mantissa,0.0078125,"[0.001,0.01)",16,0.0011383295059204102,0.0013703107833862305,0.0013703107833862305,True,0.1457061767391621,0.096679687487625,0,True,True,True,True
seq_0042,4,256,4,numeric,1e-06,,0.0,"[0,1e-07)",16,0.0,0.0,0.0,False,0.0,0.0,0,False,False,False,False
seq_0042,4,256,4,numeric,1e-05,,0.0,"[0,1e-07)",16,0.0,0.0,0.0,False,0.0,0.0,0,False,False,False,False
seq_0042,4,256,4,numeric,0.0001,,0.0,"[0,1e-07)",16,0.0,0.0,0.0,False,0.0,0.0,0,False,False,False,False
seq_0042,4,256,4,numeric,0.001,,0.0,"[0,1e-07)",16,0.0,0.0,0.0,False,0.0,0.0,0,False,False,False,False
seq_0042,4,256,4,numeric,0.01,,0.00390625,"[0.001,0.01)",16,0.000911712646484375,0.001132965087890625,0.001132965087890625,True,0.23339843744024996,0.15881347652184374,0,True,True,True,True
seq_0042,4,256,4,numeric,0.1,,0.037109375,"[0.01,0.1)",16,0.008661270141601562,0.010762691497802734,0.010762691497802734,True,0.23339843749371053,0.1588199013115097,0,True,True,True,True
seq_0042,4,256,4,bitflip,,sign,0.75,"[0.1,1)",16,0.17505037784576416,0.21751809120178223,0.21751809120178223,True,0.233400503794041,0.1588226954140135,0,True,True,True,True
seq_0042,4,256,4,bitflip,,exponent,1.2760588759535192e+38,"[10,inf)",16,2.978327591657942e+37,2.9959507238324347e+37,2.9959507238324347e+37,True,0.2334004839261373,0.1436310609181722,1,True,True,True,True
seq_0042,4,256,4,bitflip,,mantissa,0.001953125,"[0.001,0.01)",16,0.0004558563232421875,0.0006959438323974609,0.0006959438323974609,True,0.2333984373805,0.15185546867225,0,True,True,True,True
seq_0043,18,64,7,numeric,1e-06,,0.0,"[0,1e-07)",16,0.0,0.0,0.0,False,0.0,0.0,0,False,False,False,False
seq_0043,18,64,7,numeric,1e-05,,0.0,"[0,1e-07)",16,0.0,0.0,0.0,False,0.0,0.0,0,False,False,False,False
seq_0043,18,64,7,numeric,0.0001,,0.0,"[0,1e-07)",16,0.0,0.0,0.0,False,0.0,0.0,0,False,False,False,False
seq_0043,18,64,7,numeric,0.001,,0.0,"[0,1e-07)",16,0.0,0.0,0.0,False,0.0,0.0,0,False,False,False,False
seq_0043,18,64,7,numeric,0.01,,0.00390625,"[0.001,0.01)",16,0.00021982192993164062,0.0006260871887207031,0.0006260871887207031,True,0.056274414048093746,0.11669921872012498,0,True,True,True,True
seq_0043,18,64,7,numeric,0.1,,0.037109375,"[0.01,0.1)",16,0.0020880699157714844,0.0059452056884765625,0.0059452056884765625,True,0.056267989307694256,0.11671206825343387,0,True,True,True,True
seq_0043,18,64,7,bitflip,,sign,0.73046875,"[0.1,1)",16,0.04111003875732422,0.11702394485473633,0.11702394485473633,True,0.056278983539361456,0.11670052431467981,0,True,True,True,True
seq_0043,18,64,7,bitflip,,exponent,1.2428281760588963e+38,"[10,inf)",16,6.99445296817459e+36,1.9910588667845727e+37,1.9910588667845727e+37,True,0.05627851945193694,0.11670023872253092,0,True,True,True,True
seq_0043,18,64,7,bitflip,,mantissa,0.001953125,"[0.001,0.01)",16,0.00010919570922851562,0.00031280517578125,0.00031280517578125,True,0.055908203096375,0.11669921869025,0,True,True,True,True
seq_0043,18,256,7,numeric,1e-06,,0.0,"[0,1e-07)",16,0.0,0.0,0.0,False,0.0,0.0,0,False,False,False,False
seq_0043,18,256,7,numeric,1e-05,,0.0,"[0,1e-07)",16,0.0,0.0,0.0,False,0.0,0.0,0,False,False,False,False
seq_0043,18,256,7,numeric,0.0001,,0.0,"[0,1e-07)",16,0.0,0.0,0.0,False,0.0,0.0,0,False,False,False,False
seq_0043,18,256,7,numeric,0.001,,0.0,"[0,1e-07)",16,0.0,0.0,0.0,False,0.0,0.0,0,False,False,False,False
seq_0043,18,256,7,numeric,0.01,,0.015625,"[0.01,0.1)",16,0.0029778480529785156,0.004208087921142578,0.004208087921142578,True,0.19058227537842776,0.19058227537842776,0,True,True,True,True
seq_0043,18,256,7,numeric,0.1,,0.1875,"[0.1,1)",16,0.035735130310058594,0.050495147705078125,0.050495147705078125,True,0.19058736165262935,0.19058736165262935,0,True,True,True,True
seq_0043,18,256,7,bitflip,,sign,3.6875,"[1,10)",16,0.7027907371520996,0.9930741786956787,0.9930741786956787,True,0.19058731854967023,0.19058731854967023,0,True,True,True,True
seq_0043,18,256,7,bitflip,,exponent,,nonfinite,16,,0.0,,False,,,16,True,True,True,True
seq_0043,18,256,7,bitflip,,mantissa,0.0078125,"[0.001,0.01)",16,0.0014891624450683594,0.0021038055419921875,0.0021038055419921875,True,0.19061279294435154,0.19061279294435154,0,True,True,True,True
seq_0044,31,64,0,numeric,1e-06,,0.0,"[0,1e-07)",16,0.0,0.0,0.0,False,0.0,0.0,0,False,False,False,False
seq_0044,31,64,0,numeric,1e-05,,0.0,"[0,1e-07)",16,0.0,0.0,0.0,False,0.0,0.0,0,False,False,False,False
seq_0044,31,64,0,numeric,0.0001,,0.0,"[0,1e-07)",16,0.0,0.0,0.0,False,0.0,0.0,0,False,False,False,False
seq_0044,31,64,0,numeric,0.001,,0.0,"[0,1e-07)",16,0.0,0.0,0.0,False,0.0,0.0,0,False,False,False,False
seq_0044,31,64,0,numeric,0.01,,0.0625,"[0.01,0.1)",16,0.0076389312744140625,0.013120174407958984,0.013120174407958984,True,0.12222290038866943,0.1187744140605996,0,True,True,True,True
seq_0044,31,64,0,numeric,0.1,,0.46875,"[0.1,1)",16,0.057292938232421875,0.09840154647827148,0.09840154647827148,True,0.1222249348955726,0.11877136230443412,0,True,True,True,True
seq_0044,31,64,0,bitflip,,sign,9.5625,"[1,10)",16,1.168771743774414,2.007382392883301,2.007382392883301,True,0.12222449608097169,0.11877182106565343,0,True,True,True,True
seq_0044,31,64,0,bitflip,,exponent,4.78125,"[1,10)",16,0.584385871887207,1.0036911964416504,1.0036911964416504,True,0.12222449608095891,0.118771821065641,0,True,True,True,True
seq_0044,31,64,0,bitflip,,mantissa,0.03125,"[0.01,0.1)",16,0.0038194656372070312,0.006560325622558594,0.006560325622558594,True,0.12222290038671388,0.11877441405869922,0,True,True,True,True
seq_0044,31,256,0,numeric,1e-06,,0.0,"[0,1e-07)",16,0.0,0.0,0.0,False,0.0,0.0,0,False,False,False,False
seq_0044,31,256,0,numeric,1e-05,,0.0,"[0,1e-07)",16,0.0,0.0,0.0,False,0.0,0.0,0,False,False,False,False
seq_0044,31,256,0,numeric,0.0001,,0.0,"[0,1e-07)",16,0.0,0.0,0.0,False,0.0,0.0,0,False,False,False,False
seq_0044,31,256,0,numeric,0.001,,0.0,"[0,1e-07)",16,0.0,0.0,0.0,False,0.0,0.0,0,False,False,False,False
seq_0044,31,256,0,numeric,0.01,,0.0078125,"[0.001,0.01)",16,0.0009062290191650391,0.0017910003662109375,0.0017910003662109375,True,0.11599731443827734,0.11599731443827734,0,True,True,True,True
seq_0044,31,256,0,numeric,0.1,,0.09375,"[0.01,0.1)",16,0.010875701904296875,0.021492958068847656,0.021492958068847656,True,0.11600748697792924,0.11600748697792924,0,True,True,True,True
seq_0044,31,256,0,bitflip,,sign,1.8828125,"[1,10)",16,0.21842420101165771,0.43164873123168945,0.43164873123168945,True,0.11600953414720887,0.11600953414720887,0,True,True,True,True
seq_0044,31,256,0,bitflip,,exponent,3.2034394698416473e+38,"[10,inf)",16,,2.1457212403316783e+37,2.1457212403316783e+37,False,,0.05317111430821082,2,True,True,True,True
seq_0044,31,256,0,bitflip,,mantissa,0.00390625,"[0.001,0.01)",16,0.00045299530029296875,0.0008955001831054688,0.0008955001831054688,True,0.11596679684531248,0.11596679684531248,0,True,True,True,True
seq_0045,4,64,5,numeric,1e-06,,0.0,"[0,1e-07)",16,0.0,0.0,0.0,False,0.0,0.0,0,False,False,False,False
seq_0045,4,64,5,numeric,1e-05,,0.0,"[0,1e-07)",16,0.0,0.0,0.0,False,0.0,0.0,0,False,False,False,False
seq_0045,4,64,5,numeric,0.0001,,0.0,"[0,1e-07)",16,0.0,0.0,0.0,False,0.0,0.0,0,False,False,False,False
seq_0045,4,64,5,numeric,0.001,,0.0,"[0,1e-07)",16,0.0,0.0,0.0,False,0.0,0.0,0,False,False,False,False
seq_0045,4,64,5,numeric,0.01,,0.00390625,"[0.001,0.01)",16,0.00024139881134033203,0.0004856586456298828,0.0004856586456298828,True,0.06179809568730468,0.07604980466803124,0,True,True,True,True
seq_0045,4,64,5,numeric,0.1,,0.04296875,"[0.01,0.1)",16,0.002655625343322754,0.0053408145904541016,0.0053408145904541016,True,0.06180364435225484,0.07594992897550516,0,True,True,True,True
seq_0045,4,64,5,bitflip,,sign,0.84375,"[0.1,1)",16,0.052146077156066895,0.10487484931945801,0.10487484931945801,True,0.06180275811082085,0.07595881709337063,0,True,True,True,True
seq_0045,4,64,5,bitflip,,exponent,1.4355662354477091e+38,"[10,inf)",16,8.872199716931262e+36,1.7843529710800371e+37,1.7843529710800371e+37,True,0.061802789017006206,0.07595873762060094,0,True,True,True,True
seq_0045,4,64,5,bitflip,,mantissa,0.001953125,"[0.001,0.01)",16,0.0001207590103149414,0.00024271011352539062,0.00024271011352539062,True,0.06182861324959375,0.075927734336125,0,True,True,True,True
seq_0045,4,256,5,numeric,1e-06,,0.0,"[0,1e-07)",16,0.0,0.0,0.0,False,0.0,0.0,0,False,False,False,False
seq_0045,4,256,5,numeric,1e-05,,0.0,"[0,1e-07)",16,0.0,0.0,0.0,False,0.0,0.0,0,False,False,False,False
seq_0045,4,256,5,numeric,0.0001,,0.0,"[0,1e-07)",16,0.0,0.0,0.0,False,0.0,0.0,0,False,False,False,False
seq_0045,4,256,5,numeric,0.001,,0.0,"[0,1e-07)",16,0.0,0.0,0.0,False,0.0,0.0,0,False,False,False,False
seq_0045,4,256,5,numeric,0.01,,0.000244140625,"[0.0001,0.001)",16,1.33514404296875e-05,5.1975250244140625e-05,5.1975250244140625e-05,True,0.054687499776,0.12109374950400001,0,False,False,True,True
seq_0045,4,256,5,numeric,0.1,,0.0025634765625,"[0.001,0.01)",16,0.00014448165893554688,0.0005414485931396484,0.0005414485931396484,True,0.056361607120870745,0.1223958332855873,0,True,True,True,True
seq_0045,4,256,5,bitflip,,sign,0.05078125,"[0.01,0.1)",16,0.002857685089111328,0.010730266571044922,0.010730266571044922,True,0.05627441406139183,0.12222055288220858,0,True,True,True,True
seq_0045,4,256,5,bitflip,,exponent,8.639981972601953e+36,"[10,inf)",16,4.86245377621463e+35,1.8256574010300436e+36,1.8256574010300436e+36,True,0.05627851761304415,0.12222451430100661,0,True,True,True,True
seq_0045,4,256,5,bitflip,,mantissa,0.0001220703125,"[0.0001,0.001)",16,6.67572021484375e-06,2.5510787963867188e-05,2.5510787963867188e-05,True,0.05468749955200001,0.11718749904000002,0,False,False,True,True
seq_0046,18,64,1,numeric,1e-06,,0.0,"[0,1e-07)",16,0.0,0.0,0.0,False,0.0,0.0,0,False,False,False,False
seq_0046,18,64,1,numeric,1e-05,,0.0,"[0,1e-07)",16,0.0,0.0,0.0,False,0.0,0.0,0,False,False,False,False
seq_0046,18,64,1,numeric,0.0001,,0.0,"[0,1e-07)",16,0.0,0.0,0.0,False,0.0,0.0,0,False,False,False,False
seq_0046,18,64,1,numeric,0.001,,0.0,"[0,1e-07)",16,0.0,0.0,0.0,False,0.0,0.0,0,False,False,False,False
seq_0046,18,64,1,numeric,0.01,,3.814697265625e-06,"[1e-06,1e-05)",16,3.5762786865234375e-07,4.76837158203125e-07,4.76837158203125e-07,True,0.09374997542400644,0.07812497952000537,0,False,False,False,False
seq_0046,18,64,1,numeric,0.1,,4.9591064453125e-05,"[1e-05,0.0001)",16,4.172325134277344e-06,5.185604095458984e-06,5.185604095458984e-06,True,0.08413461368804737,0.05769230652894677,0,False,False,False,False
seq_0046,18,64,1,bitflip,,sign,0.0009765625,"[0.0001,0.001)",16,8.225440979003906e-05,0.0001004934310913086,0.0001004934310913086,True,0.08422851553875,0.06420898430925,0,True,True,True,True
seq_0046,18,64,1,bitflip,,exponent,1.661534994731145e+35,"[10,inf)",16,1.3997625708687338e+34,1.7554398277279656e+34,1.7554398277279656e+34,True,0.08424514532089233,0.06387439370155334,0,True,True,True,True
seq_0046,18,64,1,bitflip,,mantissa,3.814697265625e-06,"[1e-06,1e-05)",16,3.5762786865234375e-07,4.76837158203125e-07,4.76837158203125e-07,True,0.09374997542400644,0.07812497952000537,0,False,False,False,False
seq_0046,18,256,1,numeric,1e-06,,0.0,"[0,1e-07)",16,0.0,0.0,0.0,False,0.0,0.0,0,False,False,False,False
seq_0046,18,256,1,numeric,1e-05,,0.0,"[0,1e-07)",16,0.0,0.0,0.0,False,0.0,0.0,0,False,False,False,False
seq_0046,18,256,1,numeric,0.0001,,0.0,"[0,1e-07)",16,0.0,0.0,0.0,False,0.0,0.0,0,False,False,False,False
seq_0046,18,256,1,numeric,0.001,,0.0,"[0,1e-07)",16,0.0,0.0,0.0,False,0.0,0.0,0,False,False,False,False
seq_0046,18,256,1,numeric,0.01,,0.00390625,"[0.001,0.01)",16,0.0005340576171875,0.0014238357543945312,0.0014238357543945312,True,0.136718749965,0.14233398433856248,0,True,True,True,True
seq_0046,18,256,1,numeric,0.1,,0.052734375,"[0.01,0.1)",16,0.007210254669189453,0.019227027893066406,0.019227027893066406,True,0.13672779224277762,0.14224356191859894,0,True,True,True,True
seq_0046,18,256,1,bitflip,,sign,1.0625,"[1,10)",16,0.14527130126953125,0.38739013671875,0.38739013671875,True,0.13672593060648897,0.14225006103502236,0,True,True,True,True
seq_0046,18,256,1,bitflip,,exponent,1.8077500742674856e+38,"[10,inf)",16,2.4716593091322406e+37,2.3093787357729434e+37,2.4716593091322406e+37,False,0.13672572023728313,0.10358009618871353,0,True,True,True,True
seq_0046,18,256,1,bitflip,,mantissa,0.00390625,"[0.001,0.01)",16,0.0005340576171875,0.0014238357543945312,0.0014238357543945312,True,0.136718749965,0.14233398433856248,0,True,True,True,True
seq_0047,31,64,1,numeric,1e-06,,0.0,"[0,1e-07)",16,0.0,0.0,0.0,False,0.0,0.0,0,False,False,False,False
seq_0047,31,64,1,numeric,1e-05,,0.0,"[0,1e-07)",16,0.0,0.0,0.0,False,0.0,0.0,0,False,False,False,False
seq_0047,31,64,1,numeric,0.0001,,0.0,"[0,1e-07)",16,0.0,0.0,0.0,False,0.0,0.0,0,False,False,False,False
seq_0047,31,64,1,numeric,0.001,,0.0,"[0,1e-07)",16,0.0,0.0,0.0,False,0.0,0.0,0,False,False,False,False
seq_0047,31,64,1,numeric,0.01,,0.015625,"[0.01,0.1)",16,0.0013380050659179688,0.0022225379943847656,0.0022225379943847656,True,0.08563232421326954,0.10079956054042384,0,True,True,True,True
seq_0047,31,64,1,numeric,0.1,,0.140625,"[0.1,1)",16,0.012041330337524414,0.020003795623779297,0.020003795623779297,True,0.08562723795512026,0.0811377631287633,0,True,True,True,True
seq_0047,31,64,1,bitflip,,sign,2.796875,"[1,10)",16,0.2394857406616211,0.3978555202484131,0.3978555202484131,True,0.08562618660524172,0.08113771577118258,0,True,True,True,True
seq_0047,31,64,1,bitflip,,exponent,,nonfinite,16,,0.0,,False,,,16,True,True,True,True
seq_0047,31,64,1,bitflip,,mantissa,0.0078125,"[0.001,0.01)",16,0.0006690025329589844,0.0011112689971923828,0.0011112689971923828,True,0.08563232420778906,0.10083007811209374,0,True,True,True,True
seq_0047,31,256,1,numeric,1e-06,,0.0,"[0,1e-07)",16,0.0,0.0,0.0,False,0.0,0.0,0,False,False,False,False
seq_0047,31,256,1,numeric,1e-05,,0.0,"[0,1e-07)",16,0.0,0.0,0.0,False,0.0,0.0,0,False,False,False,False
seq_0047,31,256,1,numeric,0.0001,,0.0,"[0,1e-07)",16,0.0,0.0,0.0,False,0.0,0.0,0,False,False,False,False
seq_0047,31,256,1,numeric,0.001,,0.0,"[0,1e-07)",16,0.0,0.0,0.0,False,0.0,0.0,0,False,False,False,False
seq_0047,31,256,1,numeric,0.01,,0.00390625,"[0.001,0.01)",16,0.0001544952392578125,0.000423431396484375,0.000423431396484375,True,0.039550781239874995,0.042968749988999994,0,True,True,True,True
seq_0047,31,256,1,numeric,0.1,,0.044921875,"[0.01,0.1)",16,0.0017824172973632812,0.004870414733886719,0.004870414733886719,True,0.03967815896650804,0.04282014266209026,0,True,True,True,True
seq_0047,31,256,1,bitflip,,sign,0.92578125,"[0.1,1)",16,0.036759376525878906,0.10036754608154297,0.10036754608154297,True,0.03970633076208791,0.04281320048782295,0,True,True,True,True
seq_0047,31,256,1,bitflip,,exponent,1.5751351750051253e+38,"[10,inf)",16,6.254184948635211e+36,1.70766441977827e+37,1.70766441977827e+37,True,0.039705703027137725,0.04281310391325488,0,True,True,True,True
seq_0047,31,256,1,bitflip,,mantissa,0.001953125,"[0.001,0.01)",16,7.82012939453125e-05,0.0002117156982421875,0.0002117156982421875,True,0.0400390624795,0.04248046872825,0,True,True,True,True
seq_0048,4,64,4,numeric,1e-06,,0.0,"[0,1e-07)",16,0.0,0.0,0.0,False,0.0,0.0,0,False,False,False,False
seq_0048,4,64,4,numeric,1e-05,,0.0,"[0,1e-07)",16,0.0,0.0,0.0,False,0.0,0.0,0,False,False,False,False
seq_0048,4,64,4,numeric,0.0001,,0.0,"[0,1e-07)",16,0.0,0.0,0.0,False,0.0,0.0,0,False,False,False,False
seq_0048,4,64,4,numeric,0.001,,0.0,"[0,1e-07)",16,0.0,0.0,0.0,False,0.0,0.0,0,False,False,False,False
seq_0048,4,64,4,numeric,0.01,,0.0078125,"[0.001,0.01)",16,0.004596233367919922,0.006171703338623047,0.006171703338623047,True,0.5883178710184452,0.6822509764751719,0,True,True,True,True
seq_0048,4,64,4,numeric,0.1,,0.0859375,"[0.01,0.1)",16,0.05055999755859375,0.06788825988769531,0.06788825988769531,True,0.5883345170386084,0.682248202229277,0,True,True,True,True
seq_0048,4,64,4,bitflip,,sign,1.6875,"[1,10)",16,0.9928150177001953,1.333076000213623,1.333076000213623,True,0.5883348253034708,0.6822475857200818,0,True,True,True,True
seq_0048,4,64,4,bitflip,,exponent,2.8711324708954183e+38,"[10,inf)",16,,0.0,,False,,,16,True,True,True,True
seq_0048,4,64,4,bitflip,,mantissa,0.00390625,"[0.001,0.01)",16,0.0022983551025390625,0.003086090087890625,0.003086090087890625,True,0.5883789060993749,0.6822509763878437,0,True,True,True,True
seq_0048,4,256,4,numeric,1e-06,,0.0,"[0,1e-07)",16,0.0,0.0,0.0,False,0.0,0.0,0,False,False,False,False
seq_0048,4,256,4,numeric,1e-05,,0.0,"[0,1e-07)",16,0.0,0.0,0.0,False,0.0,0.0,0,False,False,False,False
seq_0048,4,256,4,numeric,0.0001,,0.0,"[0,1e-07)",16,0.0,0.0,0.0,False,0.0,0.0,0,False,False,False,False
seq_0048,4,256,4,numeric,0.001,,0.0,"[0,1e-07)",16,0.0,0.0,0.0,False,0.0,0.0,0,False,False,False,False
seq_0048,4,256,4,numeric,0.01,,0.0078125,"[0.001,0.01)",16,0.0008792877197265625,0.0020500123500823975,0.0020500123500823975,True,0.11254882811059375,0.11254882811059375,0,True,True,True,True
seq_0048,4,256,4,numeric,0.1,,0.07421875,"[0.01,0.1)",16,0.008353948593139648,0.019475221633911133,0.019475221633911133,True,0.11255846525341763,0.11255846525341763,0,True,True,True,True
seq_0048,4,256,4,bitflip,,sign,1.46875,"[1,10)",16,0.16531801223754883,0.3854042589664459,0.3854042589664459,True,0.11255694450208427,0.11255694450208427,0,True,True,True,True
seq_0048,4,256,4,bitflip,,exponent,2.498948632075642e+38,"[10,inf)",16,2.8127425067139697e+37,3.0025594934716646e+37,3.0025594934716646e+37,True,0.11255703581140396,0.11048543199579766,5,True,True,True,True
seq_0048,4,256,4,bitflip,,mantissa,0.00390625,"[0.001,0.01)",16,0.0004398822784423828,0.0010250210762023926,0.0010250210762023926,True,0.11260986325242187,0.11260986325242187,0,True,True,True,True
seq_0049,18,64,7,numeric,1e-06,,0.0,"[0,1e-07)",16,0.0,0.0,0.0,False,0.0,0.0,0,False,False,False,False
seq_0049,18,64,7,numeric,1e-05,,0.0,"[0,1e-07)",16,0.0,0.0,0.0,False,0.0,0.0,0,False,False,False,False
seq_0049,18,64,7,numeric,0.0001,,0.0,"[0,1e-07)",16,0.0,0.0,0.0,False,0.0,0.0,0,False,False,False,False
seq_0049,18,64,7,numeric,0.001,,0.0,"[0,1e-07)",16,0.0,0.0,0.0,False,0.0,0.0,0,False,False,False,False
seq_0049,18,64,7,numeric,0.01,,0.0029296875,"[0.001,0.01)",16,0.00011539459228515625,0.00041294097900390625,0.00041294097900390625,True,0.03938802081988889,0.07871500648354861,0,True,True,True,True
seq_0049,18,64,7,numeric,0.1,,0.0244140625,"[0.01,0.1)",16,0.0009608268737792969,0.0034389495849609375,0.0034389495849609375,True,0.039355468748388,0.0787207031217756,0,True,True,True,True
seq_0049,18,64,7,bitflip,,sign,0.494140625,"[0.1,1)",16,0.019449710845947266,0.06960916519165039,0.06960916519165039,True,0.0393606796565409,0.07872087682172804,0,True,True,True,True
seq_0049,18,64,7,bitflip,,exponent,8.407367073339593e+37,"[10,inf)",16,3.309176221971138e+36,1.2888370982399638e+37,1.2888370982399638e+37,True,0.03936043464147997,0.07457767079470186,0,True,True,True,True
seq_0049,18,64,7,bitflip,,mantissa,0.0009765625,"[0.0001,0.001)",16,3.838539123535156e-05,0.00013780593872070312,0.00013780593872070312,True,0.03930664058475,0.07873535148187501,0,True,True,True,True
seq_0049,18,256,7,numeric,1e-06,,0.0,"[0,1e-07)",16,0.0,0.0,0.0,False,0.0,0.0,0,False,False,False,False
seq_0049,18,256,7,numeric,1e-05,,0.0,"[0,1e-07)",16,0.0,0.0,0.0,False,0.0,0.0,0,False,False,False,False
seq_0049,18,256,7,numeric,0.0001,,0.0,"[0,1e-07)",16,0.0,0.0,0.0,False,0.0,0.0,0,False,False,False,False
seq_0049,18,256,7,numeric,0.001,,0.0,"[0,1e-07)",16,0.0,0.0,0.0,False,0.0,0.0,0,False,False,False,False
seq_0049,18,256,7,numeric,0.01,,0.0078125,"[0.001,0.01)",16,0.0013594627380371094,0.002319812774658203,0.002319812774658203,True,0.17401123044647654,0.1684570312284375,0,True,True,True,True
seq_0049,18,256,7,numeric,0.1,,0.08203125,"[0.01,0.1)",16,0.01427459716796875,0.02435755729675293,0.02435755729675293,True,0.1740141369026406,0.16849190848008885,0,True,True,True,True
seq_0049,18,256,7,bitflip,,sign,1.6796875,"[1,10)",16,0.2922900915145874,0.498748779296875,0.498748779296875,True,0.17401456611090657,0.16849052961472527,0,True,True,True,True
seq_0049,18,256,7,bitflip,,exponent,2.857840190937569e+38,"[10,inf)",16,,1.2185965784813177e+37,1.2185965784813177e+37,False,,0.042640473121820496,15,True,True,True,True
seq_0049,18,256,7,bitflip,,mantissa,0.00390625,"[0.001,0.01)",16,0.0006797313690185547,0.0011599063873291016,0.0011599063873291016,True,0.1740112304242031,0.16845703120687497,0,True,True,True,True
seq_0050,31,64,0,numeric,1e-06,,0.0,"[0,1e-07)",16,0.0,0.0,0.0,False,0.0,0.0,0,False,False,False,False
seq_0050,31,64,0,numeric,1e-05,,0.0,"[0,1e-07)",16,0.0,0.0,0.0,False,0.0,0.0,0,False,False,False,False
seq_0050,31,64,0,numeric,0.0001,,0.0,"[0,1e-07)",16,0.0,0.0,0.0,False,0.0,0.0,0,False,False,False,False
seq_0050,31,64,0,numeric,0.001,,0.0,"[0,1e-07)",16,0.0,0.0,0.0,False,0.0,0.0,0,False,False,False,False
seq_0050,31,64,0,numeric,0.01,,0.015625,"[0.01,0.1)",16,0.0019636154174804688,0.003582477569580078,0.003582477569580078,True,0.12567138671070704,0.15536499022443165,0,True,True,True,True
seq_0050,31,64,0,numeric,0.1,,0.140625,"[0.1,1)",16,0.017673492431640625,0.03223896026611328,0.03223896026611328,True,0.12567816840188406,0.1553717719172979,0,True,True,True,True
seq_0050,31,64,0,bitflip,,sign,2.828125,"[1,10)",16,0.35543107986450195,0.6483688354492188,0.6483688354492188,True,0.12567728790784574,0.15537021700184422,0,True,True,True,True
seq_0050,31,64,0,bitflip,,exponent,,nonfinite,16,,0.0,,False,,,16,True,True,True,True
seq_0050,31,64,0,bitflip,,mantissa,0.0078125,"[0.001,0.01)",16,0.0009818077087402344,0.0017914772033691406,0.0017914772033691406,True,0.12567138670266406,0.15533447263636718,0,True,True,True,True
seq_0050,31,256,0,numeric,1e-06,,0.0,"[0,1e-07)",16,0.0,0.0,0.0,False,0.0,0.0,0,False,False,False,False
seq_0050,31,256,0,numeric,1e-05,,0.0,"[0,1e-07)",16,0.0,0.0,0.0,False,0.0,0.0,0,False,False,False,False
seq_0050,31,256,0,numeric,0.0001,,0.0,"[0,1e-07)",16,0.0,0.0,0.0,False,0.0,0.0,0,False,False,False,False
seq_0050,31,256,0,numeric,0.001,,0.0,"[0,1e-07)",16,0.0,0.0,0.0,False,0.0,0.0,0,False,False,False,False
seq_0050,31,256,0,numeric,0.01,,0.0009765625,"[0.0001,0.001)",16,0.00011992454528808594,0.0002498626708984375,0.0002498626708984375,True,0.12280273424925,0.088867187409,0,True,True,True,True
seq_0050,31,256,0,numeric,0.1,,0.013671875,"[0.01,0.1)",16,0.001680612564086914,0.0034928321838378906,0.0034928321838378906,True,0.12292480467850893,0.08907645088634183,0,True,True,True,True
seq_0050,31,256,0,bitflip,,sign,0.27734375,"[0.1,1)",16,0.03408980369567871,0.07086038589477539,0.07086038589477539,True,0.12291534853608851,0.08907866142133375,0,True,True,True,True
seq_0050,31,256,0,bitflip,,exponent,4.718759385036451e+37,"[10,inf)",16,5.800064966735951e+36,1.2056315552024234e+37,1.2056315552024234e+37,True,0.12291503959978131,0.08907888305019325,0,True,True,True,True
seq_0050,31,256,0,bitflip,,mantissa,0.0009765625,"[0.0001,0.001)",16,0.00011992454528808594,0.0002498626708984375,0.0002498626708984375,True,0.12280273424925,0.088867187409,0,True,True,True,True
seq_0051,4,64,5,numeric,1e-06,,0.0,"[0,1e-07)",16,0.0,0.0,0.0,False,0.0,0.0,0,False,False,False,False
seq_0051,4,64,5,numeric,1e-05,,0.0,"[0,1e-07)",16,0.0,0.0,0.0,False,0.0,0.0,0,False,False,False,False
seq_0051,4,64,5,numeric,0.0001,,0.0,"[0,1e-07)",16,0.0,0.0,0.0,False,0.0,0.0,0,False,False,False,False
seq_0051,4,64,5,numeric,0.001,,0.0,"[0,1e-07)",16,0.0,0.0,0.0,False,0.0,0.0,0,False,False,False,False
seq_0051,4,64,5,numeric,0.01,,0.015625,"[0.01,0.1)",16,0.005157351493835449,0.006042152643203735,0.006042152643203735,True,0.33007049558434426,0.31626129148366555,0,True,True,True,True
seq_0051,4,64,5,numeric,0.1,,0.21875,"[0.1,1)",16,0.0722038745880127,0.08761151134967804,0.08761151134967804,True,0.3300748552579777,0.3300748552579777,0,True,True,True,True
seq_0051,4,64,5,bitflip,,sign,4.46875,"[1,10)",16,1.475023865699768,1.7280610799789429,1.7280610799789429,True,0.3300752706460281,0.316264572677008,0,True,True,True,True
seq_0051,4,64,5,bitflip,,exponent,2.234375,"[1,10)",16,0.7375120520591736,0.8948888778686523,0.8948888778686523,True,0.33007532399836353,0.33007532399836353,0,True,True,True,True
seq_0051,4,64,5,bitflip,,mantissa,0.015625,"[0.01,0.1)",16,0.005157470703125,0.006257951259613037,0.006257951259613037,True,0.330078124978875,0.330078124978875,0,True,True,True,True
seq_0051,4,256,5,numeric,1e-06,,0.0,"[0,1e-07)",16,0.0,0.0,0.0,False,0.0,0.0,0,False,False,False,False
seq_0051,4,256,5,numeric,1e-05,,0.0,"[0,1e-07)",16,0.0,0.0,0.0,False,0.0,0.0,0,False,False,False,False
seq_0051,4,256,5,numeric,0.0001,,0.0,"[0,1e-07)",16,0.0,0.0,0.0,False,0.0,0.0,0,False,False,False,False
seq_0051,4,256,5,numeric,0.001,,0.0,"[0,1e-07)",16,0.0,0.0,0.0,False,0.0,0.0,0,False,False,False,False
seq_0051,4,256,5,numeric,0.01,,0.001953125,"[0.001,0.01)",16,0.0004909634590148926,0.0005395412445068359,0.0005395412445068359,True,0.2513732908869219,0.1904296874025,0,True,True,True,True
seq_0051,4,256,5,numeric,0.1,,0.01953125,"[0.01,0.1)",16,0.0049092769622802734,0.0053948163986206055,0.0053948163986206055,True,0.2513549804558806,0.1905761718652425,0,True,True,True,True
seq_0051,4,256,5,bitflip,,sign,0.3984375,"[0.1,1)",16,0.10014903545379639,0.1100538969039917,0.1100538969039917,True,0.25135444192262285,0.19058766084510992,0,True,True,True,True
seq_0051,4,256,5,bitflip,,exponent,6.779062778503071e+37,"[10,inf)",16,1.7039470343931008e+37,1.8724692657778017e+37,1.8724692657778017e+37,True,0.2513543671252681,0.19058738035314224,0,True,True,True,True
seq_0051,4,256,5,bitflip,,mantissa,0.0009765625,"[0.0001,0.001)",16,0.0002454519271850586,0.00026977062225341797,0.00026977062225341797,True,0.251342773180125,0.1909179685545,0,True,True,True,True
seq_0052,18,64,1,numeric,1e-06,,0.0,"[0,1e-07)",16,0.0,0.0,0.0,False,0.0,0.0,0,False,False,False,False
seq_0052,18,64,1,numeric,1e-05,,0.0,"[0,1e-07)",16,0.0,0.0,0.0,False,0.0,0.0,0,False,False,False,False
seq_0052,18,64,1,numeric,0.0001,,0.0,"[0,1e-07)",16,0.0,0.0,0.0,False,0.0,0.0,0,False,False,False,False
seq_0052,18,64,1,numeric,0.001,,0.0,"[0,1e-07)",16,0.0,0.0,0.0,False,0.0,0.0,0,False,False,False,False
seq_0052,18,64,1,numeric,0.01,,0.03125,"[0.01,0.1)",16,0.004315853118896484,0.004618167877197266,0.004618167877197266,True,0.13810729980026806,0.0821685790989331,0,True,True,True,True
seq_0052,18,64,1,numeric,0.1,,0.234375,"[0.1,1)",16,0.03236865997314453,0.03463459014892578,0.03463459014892578,True,0.13810628255149407,0.08217366536423272,0,True,True,True,True
seq_0052,18,64,1,bitflip,,sign,4.75,"[1,10)",16,0.6560072898864746,0.7019286155700684,0.7019286155700684,True,0.13810679787080768,0.0821735984400526,0,True,True,True,True
seq_0052,18,64,1,bitflip,,exponent,2.375,"[1,10)",16,0.3280038833618164,0.3509640693664551,0.3509640693664551,True,0.13810689825754877,0.0821735984400353,0,True,True,True,True
seq_0052,18,64,1,bitflip,,mantissa,0.015625,"[0.01,0.1)",16,0.0021576881408691406,0.0023088455200195312,0.0023088455200195312,True,0.13809204100678713,0.08218383788536524,0,True,True,True,True
seq_0052,18,256,1,numeric,1e-06,,0.0,"[0,1e-07)",16,0.0,0.0,0.0,False,0.0,0.0,0,False,False,False,False
seq_0052,18,256,1,numeric,1e-05,,0.0,"[0,1e-07)",16,0.0,0.0,0.0,False,0.0,0.0,0,False,False,False,False
seq_0052,18,256,1,numeric,0.0001,,0.0,"[0,1e-07)",16,0.0,0.0,0.0,False,0.0,0.0,0,False,False,False,False
seq_0052,18,256,1,numeric,0.001,,0.0,"[0,1e-07)",16,0.0,0.0,0.0,False,0.0,0.0,0,False,False,False,False
seq_0052,18,256,1,numeric,0.01,,0.03125,"[0.01,0.1)",16,0.005826473236083984,0.008717894554138184,0.008717894554138184,True,0.1864471435487212,0.14846801757337402,0,True,True,True,True
seq_0052,18,256,1,numeric,0.1,,0.265625,"[0.1,1)",16,0.04952430725097656,0.07410287857055664,0.07410287857055664,True,0.186444450826504,0.14846532485008446,0,True,True,True,True
seq_0052,18,256,1,bitflip,,sign,5.1875,"[1,10)",16,0.9671792984008789,1.4471862316131592,1.4471862316131592,True,0.1864442021013383,0.1484650301645751,0,True,True,True,True
seq_0052,18,256,1,bitflip,,exponent,2.59375,"[1,10)",16,0.48358964920043945,0.7235932350158691,0.7235932350158691,True,0.18644420210130236,0.14846480036350637,0,True,True,True,True
seq_0052,18,256,1,bitflip,,mantissa,0.015625,"[0.01,0.1)",16,0.0029129981994628906,0.004359006881713867,0.004359006881713867,True,0.18643188475369338,0.14845275877956154,0,True,True,True,True
seq_0053,31,64,1,numeric,1e-06,,0.0,"[0,1e-07)",16,0.0,0.0,0.0,False,0.0,0.0,0,False,False,False,False
seq_0053,31,64,1,numeric,1e-05,,0.0,"[0,1e-07)",16,0.0,0.0,0.0,False,0.0,0.0,0,False,False,False,False
seq_0053,31,64,1,numeric,0.0001,,0.0,"[0,1e-07)",16,0.0,0.0,0.0,False,0.0,0.0,0,False,False,False,False
seq_0053,31,64,1,numeric,0.001,,0.0,"[0,1e-07)",16,0.0,0.0,0.0,False,0.0,0.0,0,False,False,False,False
seq_0053,31,64,1,numeric,0.01,,0.0078125,"[0.001,0.01)",16,0.00027179718017578125,0.0007390975952148438,0.0007390975952148438,True,0.034790039058046875,0.040039062494874995,0,True,True,True,True
seq_0053,31,64,1,numeric,0.1,,0.08203125,"[0.01,0.1)",16,0.00284576416015625,0.007760047912597656,0.007760047912597656,True,0.034691220237672335,0.04005068824355938,0,True,True,True,True
seq_0053,31,64,1,bitflip,,sign,1.65625,"[1,10)",16,0.05747032165527344,0.15668582916259766,0.15668582916259766,True,0.0346990621314649,0.04005115437055365,0,True,True,True,True
seq_0053,31,64,1,bitflip,,exponent,2.8179633510640217e+38,"[10,inf)",16,9.778144599318069e+36,2.6658821423160888e+37,2.6658821423160888e+37,True,0.03469933203931125,0.03832463498385447,0,True,True,True,True
seq_0053,31,64,1,bitflip,,mantissa,0.00390625,"[0.001,0.01)",16,0.00013637542724609375,0.000370025634765625,0.000370025634765625,True,0.034912109366062496,0.04003906248975,0,True,True,True,True
seq_0053,31,256,1,numeric,1e-06,,0.0,"[0,1e-07)",16,0.0,0.0,0.0,False,0.0,0.0,0,False,False,False,False
seq_0053,31,256,1,numeric,1e-05,,0.0,"[0,1e-07)",16,0.0,0.0,0.0,False,0.0,0.0,0,False,False,False,False
seq_0053,31,256,1,numeric,0.0001,,0.0,"[0,1e-07)",16,0.0,0.0,0.0,False,0.0,0.0,0,False,False,False,False
seq_0053,31,256,1,numeric,0.001,,0.0,"[0,1e-07)",16,0.0,0.0,0.0,False,0.0,0.0,0,False,False,False,False
seq_0053,31,256,1,numeric,0.01,,0.03125,"[0.01,0.1)",16,0.0030641555786132812,0.010660171508789062,0.010660171508789062,True,0.09805297851248732,0.08908081054402442,0,True,True,True,True
seq_0053,31,256,1,numeric,0.1,,0.28125,"[0.1,1)",16,0.027578353881835938,0.09594154357910156,0.09594154357910156,True,0.09805636935729026,0.0890774197045444,0,True,True,True,True
seq_0053,31,256,1,bitflip,,sign,5.53125,"[1,10)",16,0.5423712730407715,1.8868408203125,1.8868408203125,True,0.09805582337458503,0.08907891397420706,0,True,True,True,True
seq_0053,31,256,1,bitflip,,exponent,2.765625,"[1,10)",16,0.27118539810180664,0.94342041015625,0.94342041015625,True,0.09805573716671949,0.08907891397419095,0,True,True,True,True
seq_0053,31,256,1,bitflip,,mantissa,0.015625,"[0.01,0.1)",16,0.0015320777893066406,0.005330085754394531,0.005330085754394531,True,0.09805297850934962,0.08911132811929688,0,True,True,True,True
seq_0054,4,64,4,numeric,1e-06,,0.0,"[0,1e-07)",16,0.0,0.0,0.0,False,0.0,0.0,0,False,False,False,False
seq_0054,4,64,4,numeric,1e-05,,0.0,"[0,1e-07)",16,0.0,0.0,0.0,False,0.0,0.0,0,False,False,False,False
seq_0054,4,64,4,numeric,0.0001,,0.0,"[0,1e-07)",16,0.0,0.0,0.0,False,0.0,0.0,0,False,False,False,False
seq_0054,4,64,4,numeric,0.001,,0.0,"[0,1e-07)",16,0.0,0.0,0.0,False,0.0,0.0,0,False,False,False,False
seq_0054,4,64,4,numeric,0.01,,0.0078125,"[0.001,0.01)",16,0.0008469820022583008,0.0032584667205810547,0.0032584667205810547,True,0.10841369627518554,0.15536499021448827,0,True,True,True,True
seq_0054,4,64,4,numeric,0.1,,0.0625,"[0.01,0.1)",16,0.006775856018066406,0.026067495346069336,0.026067495346069336,True,0.10841369628732787,0.1553688049291547,0,True,True,True,True
seq_0054,4,64,4,bitflip,,sign,1.265625,"[1,10)",16,0.13721126317977905,0.5278701782226562,0.5278701782226562,True,0.10841383757406074,0.15537026487738495,0,True,True,True,True
seq_0054,4,64,4,bitflip,,exponent,2.1533493531715637e+38,"[10,inf)",16,2.3345284166212314e+37,0.0,2.3345284166212314e+37,False,0.10841382580038941,0.10841382580038941,15,True,True,True,True
seq_0054,4,64,4,bitflip,,mantissa,0.00390625,"[0.001,0.01)",16,0.0004234910011291504,0.0016291141510009766,0.0016291141510009766,True,0.10841369626130858,0.15533447261648436,0,True,True,True,True
seq_0054,4,256,4,numeric,1e-06,,0.0,"[0,1e-07)",16,0.0,0.0,0.0,False,0.0,0.0,0,False,False,False,False
seq_0054,4,256,4,numeric,1e-05,,0.0,"[0,1e-07)",16,0.0,0.0,0.0,False,0.0,0.0,0,False,False,False,False
seq_0054,4,256,4,numeric,0.0001,,0.0,"[0,1e-07)",16,0.0,0.0,0.0,False,0.0,0.0,0,False,False,False,False
seq_0054,4,256,4,numeric,0.001,,0.0,"[0,1e-07)",16,0.0,0.0,0.0,False,0.0,0.0,0,False,False,False,False
seq_0054,4,256,4,numeric,0.01,,0.0078125,"[0.001,0.01)",16,0.0018990039825439453,0.0037331879138946533,0.0037331879138946533,True,0.2430725097345117,0.26930999752412205,0,True,True,True,True
seq_0054,4,256,4,numeric,0.1,,0.07421875,"[0.01,0.1)",16,0.018040180206298828,0.03546540439128876,0.03546540439128876,True,0.24306769119738286,0.2693079898195622,0,True,True,True,True
seq_0054,4,256,4,bitflip,,sign,1.484375,"[1,10)",16,0.36080408096313477,0.684707760810852,0.684707760810852,True,0.2430680124381586,0.28173787970272957,0,True,True,True,True
seq_0054,4,256,4,bitflip,,exponent,2.52553319199134e+38,"[10,inf)",16,,0.0,,False,,,16,True,True,True,True
seq_0054,4,256,4,bitflip,,mantissa,0.00390625,"[0.001,0.01)",16,0.0009493827819824219,0.0018665939569473267,0.0018665939569473267,True,0.24304199212528121,0.2693023680951211,0,True,True,True,True
seq_0055,18,64,7,numeric,1e-06,,0.0,"[0,1e-07)",16,0.0,0.0,0.0,False,0.0,0.0,0,False,False,False,False
seq_0055,18,64,7,numeric,1e-05,,0.0,"[0,1e-07)",16,0.0,0.0,0.0,False,0.0,0.0,0,False,False,False,False
seq_0055,18,64,7,numeric,0.0001,,0.0,"[0,1e-07)",16,0.0,0.0,0.0,False,0.0,0.0,0,False,False,False,False
seq_0055,18,64,7,numeric,0.001,,0.0,"[0,1e-07)",16,0.0,0.0,0.0,False,0.0,0.0,0,False,False,False,False
seq_0055,18,64,7,numeric,0.01,,0.015625,"[0.01,0.1)",16,0.0021255016326904297,0.0032584667205810547,0.0032584667205810547,True,0.13603210448348146,0.1256790161052378,0,True,True,True,True
seq_0055,18,64,7,numeric,0.1,,0.1640625,"[0.1,1)",16,0.022318243980407715,0.03421378135681152,0.03421378135681152,True,0.13603501092737025,0.12567719959000778,0,True,True,True,True
seq_0055,18,64,7,bitflip,,sign,3.203125,"[1,10)",16,0.4357377290725708,0.6679837703704834,0.6679837703704834,True,0.1360351934665162,0.12567715528530757,0,True,True,True,True
seq_0055,18,64,7,bitflip,,exponent,,nonfinite,16,,0.0,,False,,,16,True,True,True,True
seq_0055,18,64,7,bitflip,,mantissa,0.0078125,"[0.001,0.01)",16,0.0010628700256347656,0.0016292333602905273,0.0016292333602905273,True,0.13604736326383593,0.12567138670266406,0,True,True,True,True
seq_0055,18,256,7,numeric,1e-06,,0.0,"[0,1e-07)",16,0.0,0.0,0.0,False,0.0,0.0,0,False,False,False,False
seq_0055,18,256,7,numeric,1e-05,,0.0,"[0,1e-07)",16,0.0,0.0,0.0,False,0.0,0.0,0,False,False,False,False
seq_0055,18,256,7,numeric,0.0001,,0.0,"[0,1e-07)",16,0.0,0.0,0.0,False,0.0,0.0,0,False,False,False,False
seq_0055,18,256,7,numeric,0.001,,0.0,"[0,1e-07)",16,0.0,0.0,0.0,False,0.0,0.0,0,False,False,False,False
seq_0055,18,256,7,numeric,0.01,,0.015625,"[0.01,0.1)",16,0.004143238067626953,0.00634428858757019,0.00634428858757019,True,0.2651672363111543,0.2913970947079131,0,True,True,True,True
seq_0055,18,256,7,numeric,0.1,,0.21875,"[0.1,1)",16,0.05800485610961914,0.08881986141204834,0.08881986141204834,True,0.2651650564999039,0.2914047241197616,0,True,True,True,True
seq_0055,18,256,7,bitflip,,sign,4.34375,"[1,10)",16,1.151810646057129,1.7637099027633667,1.7637099027633667,True,0.26516504081884634,0.2914054376615224,0,True,True,True,True
seq_0055,18,256,7,bitflip,,exponent,2.171875,"[1,10)",16,0.5759052634239197,0.8818550109863281,0.8818550109863281,True,0.26516501337492004,0.29140543766145527,0,True,True,True,True
seq_0055,18,256,7,bitflip,,mantissa,0.015625,"[0.01,0.1)",16,0.004143238067626953,0.00634428858757019,0.00634428858757019,True,0.2651672363111543,0.2913970947079131,0,True,True,True,True
seq_0056,31,64,0,numeric,1e-06,,0.0,"[0,1e-07)",16,0.0,0.0,0.0,False,0.0,0.0,0,False,False,False,False
seq_0056,31,64,0,numeric,1e-05,,0.0,"[0,1e-07)",16,0.0,0.0,0.0,False,0.0,0.0,0,False,False,False,False
seq_0056,31,64,0,numeric,0.0001,,0.0,"[0,1e-07)",16,0.0,0.0,0.0,False,0.0,0.0,0,False,False,False,False
seq_0056,31,64,0,numeric,0.001,,0.0,"[0,1e-07)",16,0.0,0.0,0.0,False,0.0,0.0,0,False,False,False,False
seq_0056,31,64,0,numeric,0.01,,0.00390625,"[0.001,0.01)",16,0.00042629241943359375,0.0007929801940917969,0.0007929801940917969,True,0.10913085934706249,0.1491699218368125,0,True,True,True,True
seq_0056,31,64,0,numeric,0.1,,0.029296875,"[0.01,0.1)",16,0.00319671630859375,0.00594782829284668,0.00594782829284668,True,0.1091145833296089,0.14915364582824223,0,True,True,True,True
seq_0056,31,64,0,bitflip,,sign,0.6015625,"[0.1,1)",16,0.06563282012939453,0.12212729454040527,0.12212729454040527,True,0.10910390878634461,0.14915565391614816,0,True,True,True,True
seq_0056,31,64,0,bitflip,,exponent,1.0235055567543852e+38,"[10,inf)",16,1.1166892593735501e+37,2.077890144068886e+37,2.077890144068886e+37,True,0.10910436704561308,0.15122693544858462,0,True,True,True,True
seq_0056,31,64,0,bitflip,,mantissa,0.001953125,"[0.001,0.01)",16,0.00021314620971679688,0.00039649009704589844,0.00039649009704589844,True,0.109130859319125,0.149169921798625,0,True,True,True,True
seq_0056,31,256,0,numeric,1e-06,,0.0,"[0,1e-07)",16,0.0,0.0,0.0,False,0.0,0.0,0,False,False,False,False
seq_0056,31,256,0,numeric,1e-05,,0.0,"[0,1e-07)",16,0.0,0.0,0.0,False,0.0,0.0,0,False,False,False,False
seq_0056,31,256,0,numeric,0.0001,,0.0,"[0,1e-07)",16,0.0,0.0,0.0,False,0.0,0.0,0,False,False,False,False
seq_0056,31,256,0,numeric,0.001,,0.0,"[0,1e-07)",16,0.0,0.0,0.0,False,0.0,0.0,0,False,False,False,False
seq_0056,31,256,0,numeric,0.01,,0.0078125,"[0.001,0.01)",16,0.0012464523315429688,0.0026865005493164062,0.0026865005493164062,True,0.1595458984170781,0.1733398437278125,0,True,True,True,True
seq_0056,31,256,0,numeric,0.1,,0.09765625,"[0.01,0.1)",16,0.015577316284179688,0.03358268737792969,0.03358268737792969,True,0.1595117187483666,0.1733203124982252,0,True,True,True,True
seq_0056,31,256,0,bitflip,,sign,1.9140625,"[1,10)",16,0.30531883239746094,0.6582193374633789,0.6582193374633789,True,0.15951351243614115,0.17332414899544515,0,True,True,True,True
seq_0056,31,256,0,bitflip,,exponent,3.256608589673044e+38,"[10,inf)",16,,2.990902432082086e+37,2.990902432082086e+37,False,,0.08976941789899553,8,True,True,True,True
seq_0056,31,256,0,bitflip,,mantissa,0.00390625,"[0.001,0.01)",16,0.0006232261657714844,0.0013432502746582031,0.0013432502746582031,True,0.15954589839665623,0.17333984370562497,0,True,True,True,True
seq_0057,4,64,5,numeric,1e-06,,0.0,"[0,1e-07)",16,0.0,0.0,0.0,False,0.0,0.0,0,False,False,False,False
seq_0057,4,64,5,numeric,1e-05,,0.0,"[0,1e-07)",16,0.0,0.0,0.0,False,0.0,0.0,0,False,False,False,False
seq_0057,4,64,5,numeric,0.0001,,0.0,"[0,1e-07)",16,0.0,0.0,0.0,False,0.0,0.0,0,False,False,False,False
seq_0057,4,64,5,numeric,0.001,,0.0,"[0,1e-07)",16,0.0,0.0,0.0,False,0.0,0.0,0,False,False,False,False
seq_0057,4,64,5,numeric,0.01,,0.00390625,"[0.001,0.01)",16,0.00014829635620117188,0.00061798095703125,0.00061798095703125,True,0.037963867177781246,0.05249023436156249,0,True,True,True,True
seq_0057,4,64,5,numeric,0.1,,0.05859375,"[0.01,0.1)",16,0.0022144317626953125,0.009265422821044922,0.009265422821044922,True,0.037792968749355,0.05247395833243778,0,True,True,True,True
seq_0057,4,64,5,bitflip,,sign,1.1640625,"[1,10)",16,0.04400920867919922,0.18407583236694336,0.18407583236694336,True,0.037806568529749396,0.05248122247268981,0,True,True,True,True
seq_0057,4,64,5,bitflip,,exponent,1.9805497137195247e+38,"[10,inf)",16,7.487811806753315e+36,2.242924434827059e+37,2.242924434827059e+37,True,0.037806734942749845,0.046611043430814805,1,True,True,True,True
seq_0057,4,64,5,bitflip,,mantissa,0.00390625,"[0.001,0.01)",16,0.00014829635620117188,0.00061798095703125,0.00061798095703125,True,0.037963867177781246,0.05249023436156249,0,True,True,True,True
seq_0057,4,256,5,numeric,1e-06,,0.0,"[0,1e-07)",16,0.0,0.0,0.0,False,0.0,0.0,0,False,False,False,False
seq_0057,4,256,5,numeric,1e-05,,0.0,"[0,1e-07)",16,0.0,0.0,0.0,False,0.0,0.0,0,False,False,False,False
seq_0057,4,256,5,numeric,0.0001,,0.0,"[0,1e-07)",16,0.0,0.0,0.0,False,0.0,0.0,0,False,False,False,False
seq_0057,4,256,5,numeric,0.001,,0.0,"[0,1e-07)",16,0.0,0.0,0.0,False,0.0,0.0,0,False,False,False,False
seq_0057,4,256,5,numeric,0.01,,0.00048828125,"[0.0001,0.001)",16,7.104873657226562e-05,0.00013554096221923828,0.00013554096221923828,True,0.14550781220200001,0.182617187126,0,True,True,True,True
seq_0057,4,256,5,numeric,0.1,,0.00439453125,"[0.001,0.01)",16,0.0006337165832519531,0.0012198984622955322,0.0012198984622955322,True,0.14420572913385185,0.18234592009739503,0,True,True,True,True
seq_0057,4,256,5,bitflip,,sign,0.08935546875,"[0.01,0.1)",16,0.012896537780761719,0.024804599583148956,0.024804599583148956,True,0.14432846652843942,0.18230233947883412,0,True,True,True,True
seq_0057,4,256,5,bitflip,,exponent,1.5203045201789975e+37,"[10,inf)",16,2.1941277778432585e+36,4.220283928340025e+36,4.220283928340025e+36,True,0.1443215979904425,0.18230096368841786,0,True,True,True,True
seq_0057,4,256,5,bitflip,,mantissa,0.000244140625,"[0.0001,0.001)",16,3.5762786865234375e-05,6.777048110961914e-05,6.777048110961914e-05,True,0.1464843744,0.183593749248,0,True,True,True,True
seq_0058,18,64,1,numeric,1e-06,,0.0,"[0,1e-07)",16,0.0,0.0,0.0,False,0.0,0.0,0,False,False,False,False
seq_0058,18,64,1,numeric,1e-05,,0.0,"[0,1e-07)",16,0.0,0.0,0.0,False,0.0,0.0,0,False,False,False,False
seq_0058,18,64,1,numeric,0.0001,,0.0,"[0,1e-07)",16,0.0,0.0,0.0,False,0.0,0.0,0,False,False,False,False
seq_0058,18,64,1,numeric,0.001,,0.0,"[0,1e-07)",16,0.0,0.0,0.0,False,0.0,0.0,0,False,False,False,False
seq_0058,18,64,1,numeric,0.01,,0.015625,"[0.01,0.1)",16,0.003970503807067871,0.007250547409057617,0.007250547409057617,True,0.2541122436360806,0.3038330077930547,0,True,True,True,True
seq_0058,18,64,1,numeric,0.1,,0.1796875,"[0.1,1)",16,0.04566144943237305,0.08338189125061035,0.08338189125061035,True,0.2541158924917923,0.30383566151325475,0,True,True,True,True
seq_0058,18,64,1,bitflip,,sign,3.640625,"[1,10)",16,0.925142765045166,1.6893912553787231,1.6893912553787231,True,0.2541164676518213,0.30383497246336877,0,True,True,True,True
seq_0058,18,64,1,bitflip,,exponent,,nonfinite,16,,0.0,,False,,,16,True,True,True,True
seq_0058,18,64,1,bitflip,,mantissa,0.0078125,"[0.001,0.01)",16,0.00198519229888916,0.0036252737045288086,0.0036252737045288086,True,0.2541046142252871,0.30383300777360933,0,True,True,True,True
seq_0058,18,256,1,numeric,1e-06,,0.0,"[0,1e-07)",16,0.0,0.0,0.0,False,0.0,0.0,0,False,False,False,False
seq_0058,18,256,1,numeric,1e-05,,0.0,"[0,1e-07)",16,0.0,0.0,0.0,False,0.0,0.0,0,False,False,False,False
seq_0058,18,256,1,numeric,0.0001,,0.0,"[0,1e-07)",16,0.0,0.0,0.0,False,0.0,0.0,0,False,False,False,False
seq_0058,18,256,1,numeric,0.001,,0.0,"[0,1e-07)",16,0.0,0.0,0.0,False,0.0,0.0,0,False,False,False,False
seq_0058,18,256,1,numeric,0.01,,0.015625,"[0.01,0.1)",16,0.0022444725036621094,0.003603696823120117,0.003603696823120117,True,0.14364624022518166,0.10772705077435547,0,True,True,True,True
seq_0058,18,256,1,numeric,0.1,,0.125,"[0.1,1)",16,0.017953872680664062,0.02882981300354004,0.02882981300354004,True,0.14363098144416345,0.10150909423746918,0,True,True,True,True
seq_0058,18,256,1,bitflip,,sign,2.5,"[1,10)",16,0.35907769203186035,0.5765957832336426,0.5765957832336426,True,0.1436310768126867,0.10150842666621916,0,True,True,True,True
seq_0058,18,256,1,bitflip,,exponent,,nonfinite,16,,0.0,,False,,,16,True,True,True,True
seq_0058,18,256,1,bitflip,,mantissa,0.0078125,"[0.001,0.01)",16,0.0011224746704101562,0.0018019676208496094,0.0018019676208496094,True,0.14367675779410938,0.10150146483075781,0,True,True,True,True
seq_0059,31,64,1,numeric,1e-06,,0.0,"[0,1e-07)",16,0.0,0.0,0.0,False,0.0,0.0,0,False,False,False,False
seq_0059,31,64,1,numeric,1e-05,,0.0,"[0,1e-07)",16,0.0,0.0,0.0,False,0.0,0.0,0,False,False,False,False
seq_0059,31,64,1,numeric,0.0001,,0.0,"[0,1e-07)",16,0.0,0.0,0.0,False,0.0,0.0,0,False,False,False,False
seq_0059,31,64,1,numeric,0.001,,0.0,"[0,1e-07)",16,0.0,0.0,0.0,False,0.0,0.0,0,False,False,False,False
seq_0059,31,64,1,numeric,0.01,,0.015625,"[0.01,0.1)",16,0.0005526542663574219,0.0012998580932617188,0.0012998580932617188,True,0.03536987304461133,0.05316162109034766,0,True,True,True,True
seq_0059,31,64,1,numeric,0.1,,0.1484375,"[0.1,1)",16,0.005253314971923828,0.01235198974609375,0.01235198974609375,True,0.035390753494827364,0.053171258223326,0,True,True,True,True
seq_0059,31,64,1,bitflip,,sign,2.984375,"[1,10)",16,0.10561656951904297,0.24832820892333984,0.24832820892333984,True,0.03538984528385594,0.05317120776748872,0,True,True,True,True
seq_0059,31,64,1,bitflip,,exponent,,nonfinite,16,,0.0,,False,,,16,True,True,True,True
seq_0059,31,64,1,bitflip,,mantissa,0.0078125,"[0.001,0.01)",16,0.0002765655517578125,0.0006504058837890625,0.0006504058837890625,True,0.03540039062046875,0.0532226562431875,0,True,True,True,True
seq_0059,31,256,1,numeric,1e-06,,0.0,"[0,1e-07)",16,0.0,0.0,0.0,False,0.0,0.0,0,False,False,False,False
seq_0059,31,256,1,numeric,1e-05,,0.0,"[0,1e-07)",16,0.0,0.0,0.0,False,0.0,0.0,0,False,False,False,False
seq_0059,31,256,1,numeric,0.0001,,0.0,"[0,1e-07)",16,0.0,0.0,0.0,False,0.0,0.0,0,False,False,False,False
seq_0059,31,256,1,numeric,0.001,,0.0,"[0,1e-07)",16,0.0,0.0,0.0,False,0.0,0.0,0,False,False,False,False
seq_0059,31,256,1,numeric,0.01,,0.0078125,"[0.001,0.01)",16,0.0007119178771972656,0.0015430450439453125,0.0015430450439453125,True,0.09112548826958593,0.07495117186540624,0,True,True,True,True
seq_0059,31,256,1,numeric,0.1,,0.09375,"[0.01,0.1)",16,0.008545398712158203,0.01851511001586914,0.01851511001586914,True,0.09115091959538188,0.07492065429607585,0,True,True,True,True
seq_0059,31,256,1,bitflip,,sign,1.84375,"[1,10)",16,0.1680588722229004,0.36412715911865234,0.36412715911865234,True,0.09115057476491348,0.07492298190872525,0,True,True,True,True
seq_0059,31,256,1,bitflip,,exponent,3.1369780700524015e+38,"[10,inf)",16,2.8593707522722847e+37,2.436963712203994e+37,2.8593707522722847e+37,False,0.09115048586311987,0.05973118846699343,0,True,True,True,True
seq_0059,31,256,1,bitflip,,mantissa,0.00390625,"[0.001,0.01)",16,0.00035572052001953125,0.0007715225219726562,0.0007715225219726562,True,0.0910644531016875,0.07495117185581249,0,True,True,True,True
seq_0060,4,64,4,numeric,1e-06,,0.0,"[0,1e-07)",16,0.0,0.0,0.0,False,0.0,0.0,0,False,False,False,False
seq_0060,4,64,4,numeric,1e-05,,0.0,"[0,1e-07)",16,0.0,0.0,0.0,False,0.0,0.0,0,False,False,False,False
seq_0060,4,64,4,numeric,0.0001,,0.0,"[0,1e-07)",16,0.0,0.0,0.0,False,0.0,0.0,0,False,False,False,False
seq_0060,4,64,4,numeric,0.001,,0.0,"[0,1e-07)",16,0.0,0.0,0.0,False,0.0,0.0,0,False,False,False,False
seq_0060,4,64,4,numeric,0.01,,0.000732421875,"[0.0001,0.001)",16,2.765655517578125e-05,0.0001456737518310547,0.0001456737518310547,True,0.03776041661511111,0.10172526027777778,0,True,True,True,True
seq_0060,4,64,4,numeric,0.1,,0.00634765625,"[0.001,0.01)",16,0.00023889541625976562,0.0013499259948730469,0.0013499259948730469,True,0.03763521634022485,0.09945913459971598,0,True,True,True,True
seq_0060,4,64,4,bitflip,,sign,0.123046875,"[0.1,1)",16,0.0046308040618896484,0.02617025375366211,0.02617025375366211,True,0.03763447110584494,0.09943498883847761,0,True,True,True,True
seq_0060,4,64,4,bitflip,,exponent,2.0935340933612425e+37,"[10,inf)",16,7.878827191035264e+35,4.1345771205206444e+36,4.1345771205206444e+36,True,0.03763410023280552,0.09115048060341487,0,True,True,True,True
seq_0060,4,64,4,bitflip,,mantissa,0.000244140625,"[0.0001,0.001)",16,8.821487426757812e-06,4.863739013671875e-05,4.863739013671875e-05,True,0.036132812352,0.102050780832,0,False,False,True,True
seq_0060,4,256,4,numeric,1e-06,,0.0,"[0,1e-07)",16,0.0,0.0,0.0,False,0.0,0.0,0,False,False,False,False
seq_0060,4,256,4,numeric,1e-05,,0.0,"[0,1e-07)",16,0.0,0.0,0.0,False,0.0,0.0,0,False,False,False,False
seq_0060,4,256,4,numeric,0.0001,,0.0,"[0,1e-07)",16,0.0,0.0,0.0,False,0.0,0.0,0,False,False,False,False
seq_0060,4,256,4,numeric,0.001,,0.0,"[0,1e-07)",16,0.0,0.0,0.0,False,0.0,0.0,0,False,False,False,False
seq_0060,4,256,4,numeric,0.01,,0.00048828125,"[0.0001,0.001)",16,6.198883056640625e-05,0.00014162063598632812,0.00014162063598632812,True,0.12695312474,0.10644531228200001,0,True,True,True,True
seq_0060,4,256,4,numeric,0.1,,0.00537109375,"[0.001,0.01)",16,0.00067901611328125,0.0015577077865600586,0.0015577077865600586,True,0.12642045452191736,0.10633433946883883,0,True,True,True,True
seq_0060,4,256,4,bitflip,,sign,0.10888671875,"[0.1,1)",16,0.013760089874267578,0.03157985210418701,0.03157985210418701,True,0.12637069086206812,0.10634130640317135,0,True,True,True,True
seq_0060,4,256,4,bitflip,,exponent,1.8526115191252265e+37,"[10,inf)",16,2.341102832929195e+36,5.373022635482866e+36,5.373022635482866e+36,True,0.12636771437298558,0.1063422301424993,0,True,True,True,True
seq_0060,4,256,4,bitflip,,mantissa,0.000244140625,"[0.0001,0.001)",16,3.0994415283203125e-05,7.081031799316406e-05,7.081031799316406e-05,True,0.12695312448,0.106445312064,0,True,True,True,True
seq_0061,18,64,7,numeric,1e-06,,0.0,"[0,1e-07)",16,0.0,0.0,0.0,False,0.0,0.0,0,False,False,False,False
seq_0061,18,64,7,numeric,1e-05,,0.0,"[0,1e-07)",16,0.0,0.0,0.0,False,0.0,0.0,0,False,False,False,False
seq_0061,18,64,7,numeric,0.0001,,0.0,"[0,1e-07)",16,0.0,0.0,0.0,False,0.0,0.0,0,False,False,False,False
seq_0061,18,64,7,numeric,0.001,,0.0,"[0,1e-07)",16,0.0,0.0,0.0,False,0.0,0.0,0,False,False,False,False
seq_0061,18,64,7,numeric,0.01,,0.0009765625,"[0.0001,0.001)",16,6.4373016357421875e-06,7.081031799316406e-05,7.081031799316406e-05,True,0.00659179686825,0.05102539057275,0,False,True,True,True
seq_0061,18,64,7,numeric,0.1,,0.0087890625,"[0.001,0.01)",16,5.5909156799316406e-05,0.0006372332572937012,0.0006372332572937012,True,0.006361219617331789,0.051106770827518515,0,True,True,True,True
seq_0061,18,64,7,bitflip,,sign,0.1767578125,"[0.1,1)",16,0.0011287927627563477,0.012816011905670166,0.012816011905670166,True,0.0063860982820771305,0.051099577002473334,0,True,True,True,True
seq_0061,18,64,7,bitflip,,exponent,3.007378340463372e+37,"[10,inf)",16,1.9209446367169743e+35,2.1805317497868357e+36,2.1805317497868357e+36,True,0.006387439221966991,0.051099513775735926,0,True,True,True,True
seq_0061,18,64,7,bitflip,,mantissa,0.00048828125,"[0.0001,0.001)",16,2.9802322387695312e-06,3.5375356674194336e-05,3.5375356674194336e-05,True,0.0061035156125,0.051269531145,0,False,True,True,True
seq_0061,18,256,7,numeric,1e-06,,0.0,"[0,1e-07)",16,0.0,0.0,0.0,False,0.0,0.0,0,False,False,False,False
seq_0061,18,256,7,numeric,1e-05,,0.0,"[0,1e-07)",16,0.0,0.0,0.0,False,0.0,0.0,0,False,False,False,False
seq_0061,18,256,7,numeric,0.0001,,0.0,"[0,1e-07)",16,0.0,0.0,0.0,False,0.0,0.0,0,False,False,False,False
seq_0061,18,256,7,numeric,0.001,,0.0,"[0,1e-07)",16,0.0,0.0,0.0,False,0.0,0.0,0,False,False,False,False
seq_0061,18,256,7,numeric,0.01,,0.0078125,"[0.001,0.01)",16,0.0013594627380371094,0.0020067691802978516,0.0020067691802978516,True,0.17401123044647654,0.1567382812299375,0,True,True,True,True
seq_0061,18,256,7,numeric,0.1,,0.08203125,"[0.01,0.1)",16,0.014274626970291138,0.0210721492767334,0.0210721492767334,True,0.17401450020714207,0.15674990699213676,0,True,True,True,True
seq_0061,18,256,7,bitflip,,sign,1.6484375,"[1,10)",16,0.2868521213531494,0.4234483242034912,0.4234483242034912,True,0.17401455702929314,0.1443216043625087,0,True,True,True,True
seq_0061,18,256,7,bitflip,,exponent,2.8046710711061725e+38,"[10,inf)",16,,2.24659580449544e+37,2.24659580449544e+37,False,,0.08010193521942573,15,True,True,True,True
seq_0061,18,256,7,bitflip,,mantissa,0.00390625,"[0.001,0.01)",16,0.0006797611713409424,0.0010035037994384766,0.0010035037994384766,True,0.1740188598187324,0.14432525631070897,0,True,True,True,True
seq_0062,31,64,0,numeric,1e-06,,0.0,"[0,1e-07)",16,0.0,0.0,0.0,False,0.0,0.0,0,False,False,False,False
seq_0062,31,64,0,numeric,1e-05,,0.0,"[0,1e-07)",16,0.0,0.0,0.0,False,0.0,0.0,0,False,False,False,False
seq_0062,31,64,0,numeric,0.0001,,0.0,"[0,1e-07)",16,0.0,0.0,0.0,False,0.0,0.0,0,False,False,False,False
seq_0062,31,64,0,numeric,0.001,,0.0,"[0,1e-07)",16,0.0,0.0,0.0,False,0.0,0.0,0,False,False,False,False
seq_0062,31,64,0,numeric,0.01,,0.00390625,"[0.001,0.01)",16,0.0003437995910644531,0.000690460205078125,0.000690460205078125,True,0.08801269528996875,0.12707519527996874,0,True,True,True,True
seq_0062,31,64,0,numeric,0.1,,0.04296875,"[0.01,0.1)",16,0.0037832260131835938,0.007596015930175781,0.007596015930175781,True,0.08804598721386002,0.1270640980084065,0,True,True,True,True
seq_0062,31,64,0,bitflip,,sign,0.8515625,"[0.1,1)",16,0.07497453689575195,0.15053606033325195,0.15053606033325195,True,0.08804349286830257,0.127058396645493,0,True,True,True,True
seq_0062,31,64,0,bitflip,,exponent,1.4488585154055583e+38,"[10,inf)",16,1.2756196857265642e+37,1.7508504868967253e+37,1.7508504868967253e+37,True,0.08804308165104018,0.08838834675080186,0,True,True,True,True
seq_0062,31,64,0,bitflip,,mantissa,0.001953125,"[0.001,0.01)",16,0.000171661376953125,0.00031280517578125,0.00031280517578125,True,0.087890624955,0.126953124935,0,True,True,True,True
seq_0062,31,256,0,numeric,1e-06,,0.0,"[0,1e-07)",16,0.0,0.0,0.0,False,0.0,0.0,0,False,False,False,False
seq_0062,31,256,0,numeric,1e-05,,0.0,"[0,1e-07)",16,0.0,0.0,0.0,False,0.0,0.0,0,False,False,False,False
seq_0062,31,256,0,numeric,0.0001,,0.0,"[0,1e-07)",16,0.0,0.0,0.0,False,0.0,0.0,0,False,False,False,False
seq_0062,31,256,0,numeric,0.001,,0.0,"[0,1e-07)",16,0.0,0.0,0.0,False,0.0,0.0,0,False,False,False,False
seq_0062,31,256,0,numeric,0.01,,0.015625,"[0.01,0.1)",16,0.0017371177673339844,0.0029778480529785156,0.0029778480529785156,True,0.11117553710225977,0.09597778319698243,0,True,True,True,True
seq_0062,31,256,0,numeric,0.1,,0.1171875,"[0.1,1)",16,0.013028144836425781,0.02233445644378662,0.02233445644378662,True,0.11117350260321798,0.09598388671793093,0,True,True,True,True
seq_0062,31,256,0,bitflip,,sign,2.34375,"[1,10)",16,0.26056861877441406,0.4466891884803772,0.4466891884803772,True,0.11117594401036923,0.09598429361975071,0,True,True,True,True
seq_0062,31,256,0,bitflip,,exponent,,nonfinite,16,,0.0,,False,,,16,True,True,True,True
seq_0062,31,256,0,bitflip,,mantissa,0.0078125,"[0.001,0.01)",16,0.0008687973022460938,0.0014889240264892578,0.0014889240264892578,True,0.11120605467326562,0.09594726561271874,0,True,True,True,True
seq_0063,4,64,5,numeric,1e-06,,0.0,"[0,1e-07)",16,0.0,0.0,0.0,False,0.0,0.0,0,False,False,False,False
seq_0063,4,64,5,numeric,1e-05,,0.0,"[0,1e-07)",16,0.0,0.0,0.0,False,0.0,0.0,0,False,False,False,False
seq_0063,4,64,5,numeric,0.0001,,0.0,"[0,1e-07)",16,0.0,0.0,0.0,False,0.0,0.0,0,False,False,False,False
seq_0063,4,64,5,numeric,0.001,,0.0,"[0,1e-07)",16,0.0,0.0,0.0,False,0.0,0.0,0,False,False,False,False
seq_0063,4,64,5,numeric,0.01,,0.0078125,"[0.001,0.01)",16,0.0010137557983398438,0.00145721435546875,0.00145721435546875,True,0.12976074217089062,0.14916992185590625,0,True,True,True,True
seq_0063,4,64,5,numeric,0.1,,0.06640625,"[0.01,0.1)",16,0.008620262145996094,0.012381553649902344,0.012381553649902344,True,0.12981100643186871,0.1491555606595186,0,True,True,True,True
seq_0063,4,64,5,bitflip,,sign,1.3359375,"[1,10)",16,0.1734323501586914,0.24907779693603516,0.24907779693603516,True,0.1298207065514379,0.14915528771461786,0,True,True,True,True
seq_0063,4,64,5,bitflip,,exponent,2.272979872792206e+38,"[10,inf)",16,2.950791178259544e+37,1.9148750939518165e+37,2.950791178259544e+37,False,0.1298203830830535,0.07664926986248173,0,True,True,True,True
seq_0063,4,64,5,bitflip,,mantissa,0.00390625,"[0.001,0.01)",16,0.000507354736328125,0.0007276535034179688,0.0007276535034179688,True,0.12988281246675,0.1491699218368125,0,True,True,True,True
seq_0063,4,256,5,numeric,1e-06,,0.0,"[0,1e-07)",16,0.0,0.0,0.0,False,0.0,0.0,0,False,False,False,False
seq_0063,4,256,5,numeric,1e-05,,0.0,"[0,1e-07)",16,0.0,0.0,0.0,False,0.0,0.0,0,False,False,False,False
seq_0063,4,256,5,numeric,0.0001,,0.0,"[0,1e-07)",16,0.0,0.0,0.0,False,0.0,0.0,0,False,False,False,False
seq_0063,4,256,5,numeric,0.001,,0.0,"[0,1e-07)",16,0.0,0.0,0.0,False,0.0,0.0,0,False,False,False,False
seq_0063,4,256,5,numeric,0.01,,0.0078125,"[0.001,0.01)",16,0.0003345012664794922,0.0015645027160644531,0.0015645027160644531,True,0.04281616210389453,0.1049804687365625,0,True,True,True,True
seq_0063,4,256,5,numeric,0.1,,0.08984375,"[0.01,0.1)",16,0.003846406936645508,0.01799154281616211,0.01799154281616211,True,0.04281218155523,0.10495923912926654,0,True,True,True,True
seq_0063,4,256,5,bitflip,,sign,1.8359375,"[1,10)",16,0.07860207557678223,0.36765527725219727,0.36765527725219727,True,0.04281304542052189,0.10496124916882581,0,True,True,True,True
seq_0063,4,256,5,bitflip,,exponent,3.1236857900945523e+38,"[10,inf)",16,1.3373469175841976e+37,2.685478752945017e+37,2.685478752945017e+37,True,0.04281310629337392,0.0818282756399601,13,True,True,True,True
seq_0063,4,256,5,bitflip,,mantissa,0.00390625,"[0.001,0.01)",16,0.0001671314239501953,0.000782012939453125,0.000782012939453125,True,0.04278564452029687,0.10498046872312498,0,True,True,True,True
seq_0064,18,64,1,numeric,1e-06,,0.0,"[0,1e-07)",16,0.0,0.0,0.0,False,0.0,0.0,0,False,False,False,False
seq_0064,18,64,1,numeric,1e-05,,0.0,"[0,1e-07)",16,0.0,0.0,0.0,False,0.0,0.0,0,False,False,False,False
seq_0064,18,64,1,numeric,0.0001,,0.0,"[0,1e-07)",16,0.0,0.0,0.0,False,0.0,0.0,0,False,False,False,False
seq_0064,18,64,1,numeric,0.001,,0.0,"[0,1e-07)",16,0.0,0.0,0.0,False,0.0,0.0,0,False,False,False,False
seq_0064,18,64,1,numeric,0.01,,0.0078125,"[0.001,0.01)",16,0.00112152099609375,0.0015535354614257812,0.0015535354614257812,True,0.143554687481625,0.10290527342432812,0,True,True,True,True
seq_0064,18,64,1,numeric,0.1,,0.078125,"[0.01,0.1)",16,0.011221885681152344,0.015537261962890625,0.015537261962890625,True,0.1436401367169114,0.10288696288930804,0,True,True,True,True
seq_0064,18,64,1,bitflip,,sign,1.53125,"[1,10)",16,0.21993541717529297,0.30452537536621094,0.30452537536621094,True,0.1436312928490771,0.10288939184065346,0,True,True,True,True
seq_0064,18,64,1,bitflip,,exponent,2.605286871738435e+38,"[10,inf)",16,,3.004395305070915e+37,3.004395305070915e+37,False,,0.08010193766379843,1,True,True,True,True
seq_0064,18,64,1,bitflip,,mantissa,0.00390625,"[0.001,0.01)",16,0.000560760498046875,0.0007772445678710938,0.0007772445678710938,True,0.14355468746324998,0.10290527341115624,0,True,True,True,True
seq_0064,18,256,1,numeric,1e-06,,0.0,"[0,1e-07)",16,0.0,0.0,0.0,False,0.0,0.0,0,False,False,False,False
seq_0064,18,256,1,numeric,1e-05,,0.0,"[0,1e-07)",16,0.0,0.0,0.0,False,0.0,0.0,0,False,False,False,False
seq_0064,18,256,1,numeric,0.0001,,0.0,"[0,1e-07)",16,0.0,0.0,0.0,False,0.0,0.0,0,False,False,False,False
seq_0064,18,256,1,numeric,0.001,,0.0,"[0,1e-07)",16,0.0,0.0,0.0,False,0.0,0.0,0,False,False,False,False
seq_0064,18,256,1,numeric,0.01,,0.0078125,"[0.001,0.01)",16,0.0007712841033935547,0.0018668174743652344,0.0018668174743652344,True,0.09872436522173828,0.12017822264086718,0,True,True,True,True
seq_0064,18,256,1,numeric,0.1,,0.0859375,"[0.01,0.1)",16,0.008486032485961914,0.020532608032226562,0.020532608032226562,True,0.09874655983549867,0.12015047940201097,0,True,True,True,True
seq_0064,18,256,1,bitflip,,sign,1.75,"[1,10)",16,0.1728062629699707,0.4181184768676758,0.4181184768676758,True,0.09874643598278397,0.12015288216720255,0,True,True,True,True
seq_0064,18,256,1,bitflip,,exponent,2.9774707105582116e+38,"[10,inf)",16,2.940143927338107e+37,2.796220709380955e+37,2.940143927338107e+37,False,0.09874635934829712,0.07181553329740252,2,True,True,True,True
seq_0064,18,256,1,bitflip,,mantissa,0.00390625,"[0.001,0.01)",16,0.0003857612609863281,0.0009331703186035156,0.0009331703186035156,True,0.09875488278721874,0.12011718746924999,0,True,True,True,True
seq_0065,31,64,1,numeric,1e-06,,0.0,"[0,1e-07)",16,0.0,0.0,0.0,False,0.0,0.0,0,False,False,False,False
seq_0065,31,64,1,numeric,1e-05,,0.0,"[0,1e-07)",16,0.0,0.0,0.0,False,0.0,0.0,0,False,False,False,False
seq_0065,31,64,1,numeric,0.0001,,0.0,"[0,1e-07)",16,0.0,0.0,0.0,False,0.0,0.0,0,False,False,False,False
seq_0065,31,64,1,numeric,0.001,,0.0,"[0,1e-07)",16,0.0,0.0,0.0,False,0.0,0.0,0,False,False,False,False
seq_0065,31,64,1,numeric,0.01,,0.00048828125,"[0.0001,0.001)",16,5.14984130859375e-05,9.679794311523438e-05,9.679794311523438e-05,True,0.105468749784,0.093749999808,0,True,True,True,True
seq_0065,31,64,1,numeric,0.1,,0.006591796875,"[0.001,0.01)",16,0.0006966590881347656,0.0013108253479003906,0.0013108253479003906,True,0.10568576387285596,0.09461805554120165,0,True,True,True,True
seq_0065,31,64,1,bitflip,,sign,0.1298828125,"[0.1,1)",16,0.013722419738769531,0.02583026885986328,0.02583026885986328,True,0.1056523143788858,0.09460173872107615,0,True,True,True,True
seq_0065,31,64,1,bitflip,,exponent,2.2098415429924226e+37,"[10,inf)",16,2.3347351070515986e+36,4.3947953651330945e+36,4.3947953651330945e+36,True,0.1056516977181112,0.09460315130707017,0,True,True,True,True
seq_0065,31,64,1,bitflip,,mantissa,0.00048828125,"[0.0001,0.001)",16,5.1021575927734375e-05,9.72747802734375e-05,9.72747802734375e-05,True,0.104492187286,0.093749999808,0,True,True,True,True
seq_0065,31,256,1,numeric,1e-06,,0.0,"[0,1e-07)",16,0.0,0.0,0.0,False,0.0,0.0,0,False,False,False,False
seq_0065,31,256,1,numeric,1e-05,,0.0,"[0,1e-07)",16,0.0,0.0,0.0,False,0.0,0.0,0,False,False,False,False
seq_0065,31,256,1,numeric,0.0001,,0.0,"[0,1e-07)",16,0.0,0.0,0.0,False,0.0,0.0,0,False,False,False,False
seq_0065,31,256,1,numeric,0.001,,0.0,"[0,1e-07)",16,0.0,0.0,0.0,False,0.0,0.0,0,False,False,False,False
seq_0065,31,256,1,numeric,0.01,,0.001953125,"[0.001,0.01)",16,7.724761962890625e-05,0.0001983642578125,0.0001983642578125,True,0.03955078122975,0.05029296872425,0,True,True,True,True
seq_0065,31,256,1,numeric,0.1,,0.025390625,"[0.01,0.1)",16,0.0010118484497070312,0.0025768280029296875,0.0025768280029296875,True,0.039851262017661246,0.05040564903647633,0,True,True,True,True
seq_0065,31,256,1,bitflip,,sign,0.5078125,"[0.1,1)",16,0.020250320434570312,0.05154705047607422,0.05154705047607422,True,0.03987755408645993,0.05040940504797766,0,True,True,True,True
seq_0065,31,256,1,bitflip,,exponent,8.639981972601953e+37,"[10,inf)",16,3.445480986585979e+36,8.770315469064419e+36,8.770315469064419e+36,True,0.039878335365882284,0.05040897956261268,0,True,True,True,True
seq_0065,31,256,1,bitflip,,mantissa,0.001953125,"[0.001,0.01)",16,7.724761962890625e-05,0.0001983642578125,0.0001983642578125,True,0.03955078122975,0.050537109349125,0,True,True,True,True
seq_0066,4,64,4,numeric,1e-06,,0.0,"[0,1e-07)",16,0.0,0.0,0.0,False,0.0,0.0,0,False,False,False,False
seq_0066,4,64,4,numeric,1e-05,,0.0,"[0,1e-07)",16,0.0,0.0,0.0,False,0.0,0.0,0,False,False,False,False
seq_0066,4,64,4,numeric,0.0001,,0.0,"[0,1e-07)",16,0.0,0.0,0.0,False,0.0,0.0,0,False,False,False,False
seq_0066,4,64,4,numeric,0.001,,0.0,"[0,1e-07)",16,0.0,0.0,0.0,False,0.0,0.0,0,False,False,False,False
seq_0066,4,64,4,numeric,0.01,,0.0078125,"[0.001,0.01)",16,0.00037226080894470215,0.0006687641143798828,0.0006687641143798828,True,0.047649383538822754,0.06939697264736719,0,True,True,True,True
seq_0066,4,64,4,numeric,0.1,,0.1015625,"[0.1,1)",16,0.004839122295379639,0.008696556091308594,0.008696556091308594,True,0.047646742600191916,0.0693993201615763,0,True,True,True,True
seq_0066,4,64,4,bitflip,,sign,2.015625,"[1,10)",16,0.09603816270828247,0.1725904941558838,0.1725904941558838,True,0.04764684041338782,0.06939868779142026,0,True,True,True,True
seq_0066,4,64,4,bitflip,,exponent,,nonfinite,16,,0.0,,False,,,16,True,True,True,True
seq_0066,4,64,4,bitflip,,mantissa,0.0078125,"[0.001,0.01)",16,0.00037223100662231445,0.0006690025329589844,0.0006690025329589844,True,0.047645568841557615,0.06941223143642773,0,True,True,True,True
seq_0066,4,256,4,numeric,1e-06,,0.0,"[0,1e-07)",16,0.0,0.0,0.0,False,0.0,0.0,0,False,False,False,False
seq_0066,4,256,4,numeric,1e-05,,0.0,"[0,1e-07)",16,0.0,0.0,0.0,False,0.0,0.0,0,False,False,False,False
seq_0066,4,256,4,numeric,0.0001,,0.0,"[0,1e-07)",16,0.0,0.0,0.0,False,0.0,0.0,0,False,False,False,False
seq_0066,4,256,4,numeric,0.001,,0.0,"[0,1e-07)",16,0.0,0.0,0.0,False,0.0,0.0,0,False,False,False,False
seq_0066,4,256,4,numeric,0.01,,0.00390625,"[0.001,0.01)",16,0.0009870529174804688,0.0010358095169067383,0.0010358095169067383,True,0.25268554681031247,0.13256835934106248,0,True,True,True,True
seq_0066,4,256,4,numeric,0.1,,0.03515625,"[0.01,0.1)",16,0.008884906768798828,0.009322211146354675,0.009322211146354675,True,0.252726236971978,0.13258192273928435,0,True,True,True,True
seq_0066,4,256,4,bitflip,,sign,0.71875,"[0.1,1)",16,0.18165349960327148,0.1905873715877533,0.1905873715877533,True,0.25273530379550435,0.13258262302546092,0,True,True,True,True
seq_0066,4,256,4,bitflip,,exponent,1.2228897561221226e+38,"[10,inf)",16,,2.6684521771429915e+37,2.6684521771429915e+37,False,,0.1063422327456267,10,True,True,True,True
seq_0066,4,256,4,bitflip,,mantissa,0.001953125,"[0.001,0.01)",16,0.0004935264587402344,0.0005179047584533691,0.0005179047584533691,True,0.252685546745625,0.132568359307125,0,True,True,True,True
seq_0067,18,64,7,numeric,1e-06,,0.0,"[0,1e-07)",16,0.0,0.0,0.0,False,0.0,0.0,0,False,False,False,False
seq_0067,18,64,7,numeric,1e-05,,0.0,"[0,1e-07)",16,0.0,0.0,0.0,False,0.0,0.0,0,False,False,False,False
seq_0067,18,64,7,numeric,0.0001,,0.0,"[0,1e-07)",16,0.0,0.0,0.0,False,0.0,0.0,0,False,False,False,False
seq_0067,18,64,7,numeric,0.001,,0.0,"[0,1e-07)",16,0.0,0.0,0.0,False,0.0,0.0,0,False,False,False,False
seq_0067,18,64,7,numeric,0.01,,0.00390625,"[0.001,0.01)",16,0.000244140625,0.0012515783309936523,0.0012515783309936523,True,0.06249999998399999,0.15881347652184374,0,True,True,True,True
seq_0067,18,64,7,numeric,0.1,,0.05078125,"[0.01,0.1)",16,0.003173351287841797,0.016270697116851807,0.016270697116851807,True,0.06249060997473096,0.15882286658341088,0,True,True,True,True
seq_0067,18,64,7,bitflip,,sign,1.0546875,"[1,10)",16,0.06591081619262695,0.33793020248413086,0.33793020248413086,True,0.062493218315912966,0.15882274486385403,0,True,True,True,True
seq_0067,18,64,7,bitflip,,exponent,1.7944577943096364e+38,"[10,inf)",16,1.1214163284618012e+37,2.589790147386789e+37,2.589790147386789e+37,True,0.062493324279785156,0.10288956253616899,1,True,True,True,True
seq_0067,18,64,7,bitflip,,mantissa,0.00390625,"[0.001,0.01)",16,0.000244140625,0.0012515783309936523,0.0012515783309936523,True,0.06249999998399999,0.15881347652184374,0,True,True,True,True
seq_0067,18,256,7,numeric,1e-06,,0.0,"[0,1e-07)",16,0.0,0.0,0.0,False,0.0,0.0,0,False,False,False,False
seq_0067,18,256,7,numeric,1e-05,,0.0,"[0,1e-07)",16,0.0,0.0,0.0,False,0.0,0.0,0,False,False,False,False
seq_0067,18,256,7,numeric,0.0001,,0.0,"[0,1e-07)",16,0.0,0.0,0.0,False,0.0,0.0,0,False,False,False,False
seq_0067,18,256,7,numeric,0.001,,0.0,"[0,1e-07)",16,0.0,0.0,0.0,False,0.0,0.0,0,False,False,False,False
seq_0067,18,256,7,numeric,0.01,,0.001953125,"[0.001,0.01)",16,0.0002372264862060547,0.0005288124084472656,0.0005288124084472656,True,0.1214599608753125,0.149169921798625,0,True,True,True,True
seq_0067,18,256,7,numeric,0.1,,0.0146484375,"[0.01,0.1)",16,0.0017802715301513672,0.0039653778076171875,0.0039653778076171875,True,0.12153320311670333,0.1491536458231511,0,True,True,True,True
seq_0067,18,256,7,bitflip,,sign,0.298828125,"[0.1,1)",16,0.03631758689880371,0.08088970184326172,0.08088970184326172,True,0.12153336269362926,0.14915476281608583,0,True,True,True,True
seq_0067,18,256,7,bitflip,,exponent,5.084297083877303e+37,"[10,inf)",16,6.179148272830602e+36,1.3762649318967445e+37,1.3762649318967445e+37,True,0.12153397354425169,0.14915533626780791,0,True,True,True,True
seq_0067,18,256,7,bitflip,,mantissa,0.0009765625,"[0.0001,0.001)",16,0.00011849403381347656,0.00026416778564453125,0.00026416778564453125,True,0.12133789050075,0.14916992172225,0,True,True,True,True
seq_0068,31,64,0,numeric,1e-06,,0.0,"[0,1e-07)",16,0.0,0.0,0.0,False,0.0,0.0,0,False,False,False,False
seq_0068,31,64,0,numeric,1e-05,,0.0,"[0,1e-07)",16,0.0,0.0,0.0,False,0.0,0.0,0,False,False,False,False
seq_0068,31,64,0,numeric,0.0001,,0.0,"[0,1e-07)",16,0.0,0.0,0.0,False,0.0,0.0,0,False,False,False,False
seq_0068,31,64,0,numeric,0.001,,0.0,"[0,1e-07)",16,0.0,0.0,0.0,False,0.0,0.0,0,False,False,False,False
seq_0068,31,64,0,numeric,0.01,,0.00390625,"[0.001,0.01)",16,0.00021314620971679688,0.0005853176116943359,0.0005853176116943359,True,0.05456542967353124,0.0800781249795,0,True,True,True,True
seq_0068,31,64,0,numeric,0.1,,0.0546875,"[0.01,0.1)",16,0.00298309326171875,0.008194684982299805,0.008194684982299805,True,0.05454799107043112,0.08010428292264238,0,True,True,True,True
seq_0068,31,64,0,bitflip,,sign,1.09375,"[1,10)",16,0.05966663360595703,0.1638939380645752,0.1638939380645752,True,0.05455235072539655,0.08010210309702497,0,True,True,True,True
seq_0068,31,64,0,bitflip,,exponent,1.8609191940988822e+38,"[10,inf)",16,1.0151720597380028e+37,2.6857081977036583e+37,2.6857081977036583e+37,True,0.05455218383244106,0.10703276225498744,0,True,True,True,True
seq_0068,31,64,0,bitflip,,mantissa,0.00390625,"[0.001,0.01)",16,0.00021314620971679688,0.0005853176116943359,0.0005853176116943359,True,0.05456542967353124,0.0800781249795,0,True,True,True,True
seq_0068,31,256,0,numeric,1e-06,,0.0,"[0,1e-07)",16,0.0,0.0,0.0,False,0.0,0.0,0,False,False,False,False
seq_0068,31,256,0,numeric,1e-05,,0.0,"[0,1e-07)",16,0.0,0.0,0.0,False,0.0,0.0,0,False,False,False,False
seq_0068,31,256,0,numeric,0.0001,,0.0,"[0,1e-07)",16,0.0,0.0,0.0,False,0.0,0.0,0,False,False,False,False
seq_0068,31,256,0,numeric,0.001,,0.0,"[0,1e-07)",16,0.0,0.0,0.0,False,0.0,0.0,0,False,False,False,False
seq_0068,31,256,0,numeric,0.01,,0.0009765625,"[0.0001,0.001)",16,0.00020623207092285156,0.00018072128295898438,0.00020623207092285156,False,0.21118164040875,0.13671874986,0,True,True,True,True
seq_0068,31,256,0,numeric,0.1,,0.009765625,"[0.001,0.01)",16,0.0020635128021240234,0.0018074512481689453,0.0020635128021240234,False,0.2113037109158625,0.13673095701724874,0,True,True,True,True
seq_0068,31,256,0,bitflip,,sign,0.19921875,"[0.1,1)",16,0.04209542274475098,0.03686785697937012,0.04209542274475098,False,0.21130251416866974,0.13672593060593133,0,True,True,True,True
seq_0068,31,256,0,bitflip,,exponent,3.3895313892515355e+37,"[10,inf)",16,7.16219483384979e+36,6.272771875561058e+36,7.16219483384979e+36,False,0.2113033930460612,0.13672572491215726,0,True,True,True,True
seq_0068,31,256,0,bitflip,,mantissa,0.00048828125,"[0.0001,0.001)",16,0.00010323524475097656,9.036064147949219e-05,0.00010323524475097656,False,0.211425780817,0.13671874972,0,True,True,True,True
seq_0069,4,64,5,numeric,1e-06,,0.0,"[0,1e-07)",16,0.0,0.0,0.0,False,0.0,0.0,0,False,False,False,False
seq_0069,4,64,5,numeric,1e-05,,0.0,"[0,1e-07)",16,0.0,0.0,0.0,False,0.0,0.0,0,False,False,False,False
seq_0069,4,64,5,numeric,0.0001,,0.0,"[0,1e-07)",16,0.0,0.0,0.0,False,0.0,0.0,0,False,False,False,False
seq_0069,4,64,5,numeric,0.001,,0.0,"[0,1e-07)",16,0.0,0.0,0.0,False,0.0,0.0,0,False,False,False,False
seq_0069,4,64,5,numeric,0.01,,0.00390625,"[0.001,0.01)",16,0.0003857612609863281,0.0007872581481933594,0.0007872581481933594,True,0.09875488278721874,0.1491699218368125,0,True,True,True,True
seq_0069,4,64,5,numeric,0.1,,0.03125,"[0.01,0.1)",16,0.003085613250732422,0.006300926208496094,0.006300926208496094,True,0.09873962402027783,0.14915466308116457,0,True,True,True,True
seq_0069,4,64,5,bitflip,,sign,0.6328125,"[0.1,1)",16,0.06248807907104492,0.12759733200073242,0.12759733200073242,True,0.09874659408742112,0.1491556049862612,0,True,True,True,True
seq_0069,4,64,5,bitflip,,exponent,1.0766746765857819e+38,"[10,inf)",16,1.0631769738481657e+37,2.170962952613543e+37,2.170962952613543e+37,True,0.09874635272555882,0.1491553341900861,0,True,True,True,True
seq_0069,4,64,5,bitflip,,mantissa,0.001953125,"[0.001,0.01)",16,0.00019311904907226562,0.00039386749267578125,0.00039386749267578125,True,0.098876953074375,0.149169921798625,0,True,True,True,True
seq_0069,4,256,5,numeric,1e-06,,0.0,"[0,1e-07)",16,0.0,0.0,0.0,False,0.0,0.0,0,False,False,False,False
seq_0069,4,256,5,numeric,1e-05,,0.0,"[0,1e-07)",16,0.0,0.0,0.0,False,0.0,0.0,0,False,False,False,False
seq_0069,4,256,5,numeric,0.0001,,0.0,"[0,1e-07)",16,0.0,0.0,0.0,False,0.0,0.0,0,False,False,False,False
seq_0069,4,256,5,numeric,0.001,,0.0,"[0,1e-07)",16,0.0,0.0,0.0,False,0.0,0.0,0,False,False,False,False
seq_0069,4,256,5,numeric,0.01,,0.015625,"[0.01,0.1)",16,0.0030426979064941406,0.004078388214111328,0.004078388214111328,True,0.19473266600316214,0.19473266600316214,0,True,True,True,True
seq_0069,4,256,5,numeric,0.1,,0.140625,"[0.1,1)",16,0.027383804321289062,0.036705970764160156,0.036705970764160156,True,0.19472927517222635,0.19472927517222635,0,True,True,True,True
seq_0069,4,256,5,bitflip,,sign,2.765625,"[1,10)",16,0.5385518074035645,0.721888542175293,0.721888542175293,True,0.19473059702720713,0.19473059702720713,0,True,True,True,True
seq_0069,4,256,5,bitflip,,exponent,,nonfinite,16,,0.0,,False,,,16,True,True,True,True
seq_0069,4,256,5,bitflip,,mantissa,0.0078125,"[0.001,0.01)",16,0.0015215873718261719,0.0020394325256347656,0.0020394325256347656,True,0.1947631835688203,0.1947631835688203,0,True,True,True,True
seq_0070,18,64,1,numeric,1e-06,,0.0,"[0,1e-07)",16,0.0,0.0,0.0,False,0.0,0.0,0,False,False,False,False
seq_0070,18,64,1,numeric,1e-05,,0.0,"[0,1e-07)",16,0.0,0.0,0.0,False,0.0,0.0,0,False,False,False,False
seq_0070,18,64,1,numeric,0.0001,,0.0,"[0,1e-07)",16,0.0,0.0,0.0,False,0.0,0.0,0,False,False,False,False
seq_0070,18,64,1,numeric,0.001,,0.0,"[0,1e-07)",16,0.0,0.0,0.0,False,0.0,0.0,0,False,False,False,False
seq_0070,18,64,1,numeric,0.01,,0.015625,"[0.01,0.1)",16,0.0025572776794433594,0.0029344558715820312,0.0029344558715820312,True,0.1636657714739004,0.10223388671220704,0,True,True,True,True
seq_0070,18,64,1,numeric,0.1,,0.203125,"[0.1,1)",16,0.03324270248413086,0.03815174102783203,0.03815174102783203,True,0.16365638145953085,0.11255587064247473,0,True,True,True,True
seq_0070,18,64,1,bitflip,,sign,4.03125,"[1,10)",16,0.6597404479980469,0.7571706771850586,0.7571706771850586,True,0.16365654523978498,0.10219911087388453,0,True,True,True,True
seq_0070,18,64,1,bitflip,,exponent,2.015625,"[1,10)",16,0.32987022399902344,0.3785853385925293,0.3785853385925293,True,0.16365654523974438,0.10703295330663294,0,True,True,True,True
seq_0070,18,64,1,bitflip,,mantissa,0.015625,"[0.01,0.1)",16,0.0025568008422851562,0.0029349327087402344,0.0029349327087402344,True,0.16363525389577735,0.10705566405564845,0,True,True,True,True
seq_0070,18,256,1,numeric,1e-06,,0.0,"[0,1e-07)",16,0.0,0.0,0.0,False,0.0,0.0,0,False,False,False,False
seq_0070,18,256,1,numeric,1e-05,,0.0,"[0,1e-07)",16,0.0,0.0,0.0,False,0.0,0.0,0,False,False,False,False
seq_0070,18,256,1,numeric,0.0001,,0.0,"[0,1e-07)",16,0.0,0.0,0.0,False,0.0,0.0,0,False,False,False,False
seq_0070,18,256,1,numeric,0.001,,0.0,"[0,1e-07)",16,0.0,0.0,0.0,False,0.0,0.0,0,False,False,False,False
seq_0070,18,256,1,numeric,0.01,,0.00390625,"[0.001,0.01)",16,0.000396728515625,0.0014352798461914062,0.0014352798461914062,True,0.10156249997399999,0.15478515621037497,0,True,True,True,True
seq_0070,18,256,1,numeric,0.1,,0.0546875,"[0.01,0.1)",16,0.005551338195800781,0.020090103149414062,0.020090103149414062,True,0.10151018414992953,0.154680524550743,0,True,True,True,True
seq_0070,18,256,1,bitflip,,sign,1.078125,"[1,10)",16,0.10943889617919922,0.39606475830078125,0.39606475830078125,True,0.10150854138351091,0.15467900815203042,0,True,True,True,True
seq_0070,18,256,1,bitflip,,exponent,1.834334634183184e+38,"[10,inf)",16,1.8620054438982178e+37,2.7866747933009964e+37,2.7866747933009964e+37,True,0.10150849300882091,0.12084344504536063,7,True,True,True,True
seq_0070,18,256,1,bitflip,,mantissa,0.00390625,"[0.001,0.01)",16,0.000396728515625,0.0014352798461914062,0.0014352798461914062,True,0.10156249997399999,0.15478515621037497,0,True,True,True,True
seq_0071,31,64,1,numeric,1e-06,,0.0,"[0,1e-07)",16,0.0,0.0,0.0,False,0.0,0.0,0,False,False,False,False
seq_0071,31,64,1,numeric,1e-05,,0.0,"[0,1e-07)",16,0.0,0.0,0.0,False,0.0,0.0,0,False,False,False,False
seq_0071,31,64,1,numeric,0.0001,,0.0,"[0,1e-07)",16,0.0,0.0,0.0,False,0.0,0.0,0,False,False,False,False
seq_0071,31,64,1,numeric,0.001,,0.0,"[0,1e-07)",16,0.0,0.0,0.0,False,0.0,0.0,0,False,False,False,False
seq_0071,31,64,1,numeric,0.01,,0.03125,"[0.01,0.1)",16,0.0017366409301757812,0.006085395812988281,0.006085395812988281,True,0.05557250976384668,0.09390258788762013,0,True,True,True,True
seq_0071,31,64,1,numeric,0.1,,0.25,"[0.1,1)",16,0.013896942138671875,0.04868316650390625,0.04868316650390625,True,0.05558776855446516,0.09391403198204623,0,True,True,True,True
seq_0071,31,64,1,bitflip,,sign,4.9375,"[1,10)",16,0.27446508407592773,0.961482048034668,0.961482048034668,True,0.05558786512929056,0.09391263165049522,0,True,True,True,True
seq_0071,31,64,1,bitflip,,exponent,2.46875,"[1,10)",16,0.13723278045654297,0.4807415008544922,0.4807415008544922,True,0.05558796170389362,0.0939126316504762,0,True,True,True,True
seq_0071,31,64,1,bitflip,,mantissa,0.015625,"[0.01,0.1)",16,0.0008687973022460938,0.0030422210693359375,0.0030422210693359375,True,0.05560302734019141,0.0939331054627383,0,True,True,True,True
seq_0071,31,256,1,numeric,1e-06,,0.0,"[0,1e-07)",16,0.0,0.0,0.0,False,0.0,0.0,0,False,False,False,False
seq_0071,31,256,1,numeric,1e-05,,0.0,"[0,1e-07)",16,0.0,0.0,0.0,False,0.0,0.0,0,False,False,False,False
seq_0071,31,256,1,numeric,0.0001,,0.0,"[0,1e-07)",16,0.0,0.0,0.0,False,0.0,0.0,0,False,False,False,False
seq_0071,31,256,1,numeric,0.001,,0.0,"[0,1e-07)",16,0.0,0.0,0.0,False,0.0,0.0,0,False,False,False,False
seq_0071,31,256,1,numeric,0.01,,0.03125,"[0.01,0.1)",16,0.010832786560058594,0.01104879379272461,0.01104879379272461,True,0.34664916991078226,0.2914123535062998,0,True,True,True,True
seq_0071,31,256,1,numeric,0.1,,0.296875,"[0.1,1)",16,0.10291099548339844,0.10496139526367188,0.10496139526367188,True,0.346647563732385,0.3010703638970122,0,True,True,True,True
seq_0071,31,256,1,bitflip,,sign,6.0625,"[1,10)",16,2.1015539169311523,2.1434173583984375,2.1434173583984375,True,0.34664806877209164,0.2914054320030125,0,True,True,True,True
seq_0071,31,256,1,bitflip,,exponent,3.03125,"[1,10)",16,1.0507769584655762,1.0717086791992188,1.0717086791992188,True,0.34664806877203447,0.3010725827560218,0,True,True,True,True
seq_0071,31,256,1,bitflip,,mantissa,0.015625,"[0.01,0.1)",16,0.005416393280029297,0.005524158477783203,0.005524158477783203,True,0.34664916989968947,0.2913818359188516,0,True,True,True,True
seq_0072,4,64,4,numeric,1e-06,,0.0,"[0,1e-07)",16,0.0,0.0,0.0,False,0.0,0.0,0,False,False,False,False
seq_0072,4,64,4,numeric,1e-05,,0.0,"[0,1e-07)",16,0.0,0.0,0.0,False,0.0,0.0,0,False,False,False,False
seq_0072,4,64,4,numeric,0.0001,,0.0,"[0,1e-07)",16,0.0,0.0,0.0,False,0.0,0.0,0,False,False,False,False
seq_0072,4,64,4,numeric,0.001,,0.0,"[0,1e-07)",16,0.0,0.0,0.0,False,0.0,0.0,0,False,False,False,False
seq_0072,4,64,4,numeric,0.01,,0.0078125,"[0.001,0.01)",16,0.005265355110168457,0.006646394729614258,0.006646394729614258,True,0.6739654540152948,0.7126159667056601,0,True,True,True,True
seq_0072,4,64,4,numeric,0.1,,0.0703125,"[0.01,0.1)",16,0.04738783836364746,0.05981731414794922,0.05981731414794922,True,0.6739603678289564,0.7126329209968092,0,True,True,True,True
seq_0072,4,64,4,bitflip,,sign,1.421875,"[1,10)",16,0.9582884311676025,1.2096428871154785,1.2096428871154785,True,0.6739610944470706,0.7126312255854362,0,True,True,True,True
seq_0072,4,64,4,bitflip,,exponent,2.419194952328547e+38,"[10,inf)",16,,0.0,,False,,,16,True,True,True,True
seq_0072,4,64,4,bitflip,,mantissa,0.00390625,"[0.001,0.01)",16,0.002632617950439453,0.0033233165740966797,0.0033233165740966797,True,0.6739501951399687,0.7126464841925624,0,True,True,True,True
seq_0072,4,256,4,numeric,1e-06,,0.0,"[0,1e-07)",16,0.0,0.0,0.0,False,0.0,0.0,0,False,False,False,False
seq_0072,4,256,4,numeric,1e-05,,0.0,"[0,1e-07)",16,0.0,0.0,0.0,False,0.0,0.0,0,False,False,False,False
seq_0072,4,256,4,numeric,0.0001,,0.0,"[0,1e-07)",16,0.0,0.0,0.0,False,0.0,0.0,0,False,False,False,False
seq_0072,4,256,4,numeric,0.001,,0.0,"[0,1e-07)",16,0.0,0.0,0.0,False,0.0,0.0,0,False,False,False,False
seq_0072,4,256,4,numeric,0.01,,0.001953125,"[0.001,0.01)",16,0.00015497207641601562,0.00017023086547851562,0.00017023086547851562,True,0.079345703084375,0.052490234348125,0,True,True,True,True
seq_0072,4,256,4,numeric,0.1,,0.015625,"[0.01,0.1)",16,0.0012459754943847656,0.0013651847839355469,0.0013651847839355469,True,0.07974243163552149,0.0524749755825791,0,True,True,True,True
seq_0072,4,256,4,bitflip,,sign,0.3203125,"[0.1,1)",16,0.025547027587890625,0.027980327606201172,0.027980327606201172,True,0.07975657393267784,0.052480558069577014,0,True,True,True,True
seq_0072,4,256,4,bitflip,,exponent,5.449834782718155e+37,"[10,inf)",16,4.3466068952160185e+36,4.760569290663299e+36,4.760569290663299e+36,True,0.07975667278941084,0.05248058133009004,0,True,True,True,True
seq_0072,4,256,4,bitflip,,mantissa,0.0009765625,"[0.0001,0.001)",16,7.82012939453125e-05,8.535385131835938e-05,8.535385131835938e-05,True,0.080078124918,0.05249023432125,0,True,True,True,True
seq_0073,18,64,7,numeric,1e-06,,0.0,"[0,1e-07)",16,0.0,0.0,0.0,False,0.0,0.0,0,False,False,False,False
seq_0073,18,64,7,numeric,1e-05,,0.0,"[0,1e-07)",16,0.0,0.0,0.0,False,0.0,0.0,0,False,False,False,False
seq_0073,18,64,7,numeric,0.0001,,0.0,"[0,1e-07)",16,0.0,0.0,0.0,False,0.0,0.0,0,False,False,False,False
seq_0073,18,64,7,numeric,0.001,,0.0,"[0,1e-07)",16,0.0,0.0,0.0,False,0.0,0.0,0,False,False,False,False
seq_0073,18,64,7,numeric,0.01,,0.00390625,"[0.001,0.01)",16,0.0005800724029541016,0.0008254051208496094,0.0008254051208496094,True,0.14849853511823435,0.09802246091240624,0,True,True,True,True
seq_0073,18,64,7,numeric,0.1,,0.033203125,"[0.01,0.1)",16,0.004929304122924805,0.0055713653564453125,0.0055713653564453125,True,0.14845904181538172,0.0932186351074866,0,True,True,True,True
seq_0073,18,64,7,bitflip,,sign,0.66796875,"[0.1,1)",16,0.09916996955871582,0.11208486557006836,0.11208486557006836,True,0.14846498366662716,0.09322174250717039,0,True,True,True,True
seq_0073,18,64,7,bitflip,,exponent,1.136489936396103e+38,"[10,inf)",16,1.6872875702049014e+37,1.9070273226159236e+37,1.9070273226159236e+37,True,0.14846480520148025,0.09322208270691988,0,True,True,True,True
seq_0073,18,64,7,bitflip,,mantissa,0.001953125,"[0.001,0.01)",16,0.0002899169921875,0.0003275871276855469,0.0003275871276855469,True,0.148437499924,0.09326171870225,0,True,True,True,True
seq_0073,18,256,7,numeric,1e-06,,0.0,"[0,1e-07)",16,0.0,0.0,0.0,False,0.0,0.0,0,False,False,False,False
seq_0073,18,256,7,numeric,1e-05,,0.0,"[0,1e-07)",16,0.0,0.0,0.0,False,0.0,0.0,0,False,False,False,False
seq_0073,18,256,7,numeric,0.0001,,0.0,"[0,1e-07)",16,0.0,0.0,0.0,False,0.0,0.0,0,False,False,False,False
seq_0073,18,256,7,numeric,0.001,,0.0,"[0,1e-07)",16,0.0,0.0,0.0,False,0.0,0.0,0,False,False,False,False
seq_0073,18,256,7,numeric,0.01,,0.0078125,"[0.001,0.01)",16,0.0002899169921875,0.0018343925476074219,0.0018343925476074219,True,0.03710937499525,0.13262939451427344,0,True,True,True,True
seq_0073,18,256,7,numeric,0.1,,0.078125,"[0.01,0.1)",16,0.002899646759033203,0.01834249496459961,0.01834249496459961,True,0.037115478515149916,0.13258056640455296,0,True,True,True,True
seq_0073,18,256,7,bitflip,,sign,1.578125,"[1,10)",16,0.05857396125793457,0.3705148696899414,0.3705148696899414,True,0.03711617347035086,0.13258256062414248,0,True,True,True,True
seq_0073,18,256,7,bitflip,,exponent,2.68504055148553e+38,"[10,inf)",16,9.965850060470964e+36,2.8553320174599576e+37,2.8553320174599576e+37,True,0.03711619943675428,0.09045994635855797,3,True,True,True,True
seq_0073,18,256,7,bitflip,,mantissa,0.00390625,"[0.001,0.01)",16,0.00014495849609375,0.0009169578552246094,0.0009169578552246094,True,0.037109374990499995,0.13256835934106248,0,True,True,True,True
seq_0074,31,64,0,numeric,1e-06,,0.0,"[0,1e-07)",16,0.0,0.0,0.0,False,0.0,0.0,0,False,False,False,False
seq_0074,31,64,0,numeric,1e-05,,0.0,"[0,1e-07)",16,0.0,0.0,0.0,False,0.0,0.0,0,False,False,False,False
seq_0074,31,64,0,numeric,0.0001,,0.0,"[0,1e-07)",16,0.0,0.0,0.0,False,0.0,0.0,0,False,False,False,False
seq_0074,31,64,0,numeric,0.001,,0.0,"[0,1e-07)",16,0.0,0.0,0.0,False,0.0,0.0,0,False,False,False,False
seq_0074,31,64,0,numeric,0.01,,0.001953125,"[0.001,0.01)",16,0.00021314620971679688,0.0002453327178955078,0.0002453327178955078,True,0.109130859319125,0.080810546833625,0,True,True,True,True
seq_0074,31,64,0,numeric,0.1,,0.0205078125,"[0.01,0.1)",16,0.0022373199462890625,0.0025773048400878906,0.0025773048400878906,True,0.10909598213753742,0.08079310825498895,0,True,True,True,True
seq_0074,31,64,0,bitflip,,sign,0.4140625,"[0.1,1)",16,0.045176029205322266,0.05203819274902344,0.05203819274902344,True,0.10910437242013746,0.08079240906893814,0,True,True,True,True
seq_0074,31,64,0,bitflip,,exponent,7.044908377660054e+37,"[10,inf)",16,7.686302439212952e+36,9.826791958752428e+36,9.826791958752428e+36,True,0.10910436342347343,0.08113773813787496,0,True,True,True,True
seq_0074,31,64,0,bitflip,,mantissa,0.0009765625,"[0.0001,0.001)",16,0.00010657310485839844,0.0001227855682373047,0.0001227855682373047,True,0.10913085926325,0.08081054679225,0,True,True,True,True
seq_0074,31,256,0,numeric,1e-06,,0.0,"[0,1e-07)",16,0.0,0.0,0.0,False,0.0,0.0,0,False,False,False,False
seq_0074,31,256,0,numeric,1e-05,,0.0,"[0,1e-07)",16,0.0,0.0,0.0,False,0.0,0.0,0,False,False,False,False
seq_0074,31,256,0,numeric,0.0001,,0.0,"[0,1e-07)",16,0.0,0.0,0.0,False,0.0,0.0,0,False,False,False,False
seq_0074,31,256,0,numeric,0.001,,0.0,"[0,1e-07)",16,0.0,0.0,0.0,False,0.0,0.0,0,False,False,False,False
seq_0074,31,256,0,numeric,0.01,,0.0625,"[0.01,0.1)",16,0.02261495590209961,0.02382373809814453,0.02382373809814453,True,0.36183929442780427,0.3397445678656578,0,True,True,True,True
seq_0074,31,256,0,numeric,0.1,,0.625,"[0.1,1)",16,0.2261500358581543,0.2382340431213379,0.2382340431213379,True,0.36184005737246794,0.3397430419916439,0,True,True,True,True
seq_0074,31,256,0,bitflip,,sign,12.625,"[10,inf)",16,4.5682268142700195,4.986690998077393,4.986690998077393,True,0.3618397476649234,0.33283739750925584,0,True,True,True,True
seq_0074,31,256,0,bitflip,,exponent,6.3125,"[1,10)",16,2.2841134071350098,2.406165599822998,2.406165599822998,True,0.36183974766489474,0.33974275494560674,0,True,True,True,True
seq_0074,31,256,0,bitflip,,mantissa,0.03125,"[0.01,0.1)",16,0.011307716369628906,0.011911869049072266,0.011911869049072266,True,0.36184692381654593,0.3397369384656909,0,True,True,True,True
seq_0075,4,64,5,numeric,1e-06,,0.0,"[0,1e-07)",16,0.0,0.0,0.0,False,0.0,0.0,0,False,False,False,False
seq_0075,4,64,5,numeric,1e-05,,0.0,"[0,1e-07)",16,0.0,0.0,0.0,False,0.0,0.0,0,False,False,False,False
seq_0075,4,64,5,numeric,0.0001,,0.0,"[0,1e-07)",16,0.0,0.0,0.0,False,0.0,0.0,0,False,False,False,False
seq_0075,4,64,5,numeric,0.001,,0.0,"[0,1e-07)",16,0.0,0.0,0.0,False,0.0,0.0,0,False,False,False,False
seq_0075,4,64,5,numeric,0.01,,0.0078125,"[0.001,0.01)",16,0.0009441375732421875,0.0013540908694267273,0.0013540908694267273,True,0.12084960935953125,0.11047363279835937,0,True,True,True,True
seq_0075,4,64,5,numeric,0.1,,0.078125,"[0.01,0.1)",16,0.009440898895263672,0.01354093849658966,0.01354093849658966,True,0.1208435058578282,0.11048583984233577,0,True,True,True,True
seq_0075,4,64,5,bitflip,,sign,1.5625,"[1,10)",16,0.18881797790527344,0.2708187699317932,0.2708187699317932,True,0.12084350585929765,0.11048553466789804,0,True,True,True,True
seq_0075,4,64,5,bitflip,,exponent,2.6584559915698317e+38,"[10,inf)",16,,2.9372065273672583e+37,2.9372065273672583e+37,False,,0.07216079711914063,7,True,True,True,True
seq_0075,4,64,5,bitflip,,mantissa,0.00390625,"[0.001,0.01)",16,0.00047206878662109375,0.0006770417094230652,0.0006770417094230652,True,0.12084960934406248,0.11047363278421873,0,True,True,True,True
seq_0075,4,256,5,numeric,1e-06,,0.0,"[0,1e-07)",16,0.0,0.0,0.0,False,0.0,0.0,0,False,False,False,False
seq_0075,4,256,5,numeric,1e-05,,0.0,"[0,1e-07)",16,0.0,0.0,0.0,False,0.0,0.0,0,False,False,False,False
seq_0075,4,256,5,numeric,0.0001,,0.0,"[0,1e-07)",16,0.0,0.0,0.0,False,0.0,0.0,0,False,False,False,False
seq_0075,4,256,5,numeric,0.001,,0.0,"[0,1e-07)",16,0.0,0.0,0.0,False,0.0,0.0,0,False,False,False,False
seq_0075,4,256,5,numeric,0.01,,0.015625,"[0.01,0.1)",16,0.0017046928405761719,0.0026221275329589844,0.0026221275329589844,True,0.10910034178989259,0.10772705077435547,0,True,True,True,True
seq_0075,4,256,5,numeric,0.1,,0.1484375,"[0.1,1)",16,0.016195297241210938,0.024907588958740234,0.024907588958740234,True,0.10910516036110708,0.10772383840387954,0,True,True,True,True
seq_0075,4,256,5,bitflip,,sign,2.890625,"[1,10)",16,0.31537961959838867,0.4850468635559082,0.4850468635559082,True,0.10910430083399941,0.10772325670393232,0,True,True,True,True
seq_0075,4,256,5,bitflip,,exponent,,nonfinite,16,,0.0,,False,,,16,True,True,True,True
seq_0075,4,256,5,bitflip,,mantissa,0.0078125,"[0.001,0.01)",16,0.0008523464202880859,0.0013113021850585938,0.0013113021850585938,True,0.10910034178291016,0.10772705076746093,0,True,True,True,True
seq_0076,18,64,1,numeric,1e-06,,0.0,"[0,1e-07)",16,0.0,0.0,0.0,False,0.0,0.0,0,False,False,False,False
seq_0076,18,64,1,numeric,1e-05,,0.0,"[0,1e-07)",16,0.0,0.0,0.0,False,0.0,0.0,0,False,False,False,False
seq_0076,18,64,1,numeric,0.0001,,0.0,"[0,1e-07)",16,0.0,0.0,0.0,False,0.0,0.0,0,False,False,False,False
seq_0076,18,64,1,numeric,0.001,,0.0,"[0,1e-07)",16,0.0,0.0,0.0,False,0.0,0.0,0,False,False,False,False
seq_0076,18,64,1,numeric,0.01,,0.00390625,"[0.001,0.01)",16,0.0006878376007080078,0.0005691051483154297,0.0006878376007080078,False,0.17608642573617186,0.07836914060493749,0,True,True,True,True
seq_0076,18,64,1,numeric,0.1,,0.03515625,"[0.01,0.1)",16,0.00619053840637207,0.00512242317199707,0.00619053840637207,False,0.17608642577624134,0.078382703990826,0,True,True,True,True
seq_0076,18,64,1,bitflip,,sign,0.71875,"[0.1,1)",16,0.1265619993209839,0.10472381114959717,0.1265619993209839,False,0.17608625992460217,0.07837577488100508,0,True,True,True,True
seq_0076,18,64,1,bitflip,,exponent,1.2228897561221226e+38,"[10,inf)",16,2.15333956690893e+37,1.604449138781187e+37,2.15333956690893e+37,False,0.17608615626459537,0.07837560384169868,0,True,True,True,True
seq_0076,18,64,1,bitflip,,mantissa,0.001953125,"[0.001,0.01)",16,0.0003439188003540039,0.00028455257415771484,0.0003439188003540039,False,0.17608642569109376,0.078369140584875,0,True,True,True,True
seq_0076,18,256,1,numeric,1e-06,,0.0,"[0,1e-07)",16,0.0,0.0,0.0,False,0.0,0.0,0,False,False,False,False
seq_0076,18,256,1,numeric,1e-05,,0.0,"[0,1e-07)",16,0.0,0.0,0.0,False,0.0,0.0,0,False,False,False,False
seq_0076,18,256,1,numeric,0.0001,,0.0,"[0,1e-07)",16,0.0,0.0,0.0,False,0.0,0.0,0,False,False,False,False
seq_0076,18,256,1,numeric,0.001,,0.0,"[0,1e-07)",16,0.0,0.0,0.0,False,0.0,0.0,0,False,False,False,False
seq_0076,18,256,1,numeric,0.01,,0.015625,"[0.01,0.1)",16,0.0006742477416992188,0.0042514801025390625,0.0042514801025390625,True,0.043151855465988286,0.11532592772699415,0,True,True,True,True
seq_0076,18,256,1,numeric,0.1,,0.1484375,"[0.1,1)",16,0.006406307220458984,0.04038524627685547,0.04038524627685547,True,0.043158280221748724,0.11532110916863099,0,True,True,True,True
seq_0076,18,256,1,bitflip,,sign,2.96875,"[1,10)",16,0.1281261444091797,0.8077092170715332,0.8077092170715332,True,0.04315828022202493,0.11531918174338221,0,True,True,True,True
seq_0076,18,256,1,bitflip,,exponent,,nonfinite,16,,0.0,,False,,,16,True,True,True,True
seq_0076,18,256,1,bitflip,,mantissa,0.0078125,"[0.001,0.01)",16,0.0003371238708496094,0.0021257400512695312,0.0021257400512695312,True,0.04315185546322656,0.11529541014149218,0,True,True,True,True
seq_0077,31,64,1,numeric,1e-06,,0.0,"[0,1e-07)",16,0.0,0.0,0.0,False,0.0,0.0,0,False,False,False,False
seq_0077,31,64,1,numeric,1e-05,,0.0,"[0,1e-07)",16,0.0,0.0,0.0,False,0.0,0.0,0,False,False,False,False
seq_0077,31,64,1,numeric,0.0001,,0.0,"[0,1e-07)",16,0.0,0.0,0.0,False,0.0,0.0,0,False,False,False,False
seq_0077,31,64,1,numeric,0.001,,0.0,"[0,1e-07)",16,0.0,0.0,0.0,False,0.0,0.0,0,False,False,False,False
seq_0077,31,64,1,numeric,0.01,,0.0625,"[0.01,0.1)",16,0.00377655029296875,0.01614093780517578,0.01614093780517578,True,0.0604248046865332,0.12982177734167283,0,True,True,True,True
seq_0077,31,64,1,numeric,0.1,,0.53125,"[0.1,1)",16,0.032099246978759766,0.13720035552978516,0.13720035552978516,True,0.06042211195990465,0.12981998219185123,0,True,True,True,True
seq_0077,31,64,1,bitflip,,sign,10.8125,"[10,inf)",16,0.6533098220825195,2.792433261871338,2.792433261871338,True,0.060421717649244776,0.1298204543273453,0,True,True,True,True
seq_0077,31,64,1,bitflip,,exponent,5.40625,"[1,10)",16,0.32665491104125977,1.3962163925170898,1.3962163925170898,True,0.06042171764923918,0.12982036612624043,0,True,True,True,True
seq_0077,31,64,1,bitflip,,mantissa,0.03125,"[0.01,0.1)",16,0.001888275146484375,0.008070945739746094,0.008070945739746094,True,0.06042480468556641,0.1298217773395957,0,True,True,True,True
seq_0077,31,256,1,numeric,1e-06,,0.0,"[0,1e-07)",16,0.0,0.0,0.0,False,0.0,0.0,0,False,False,False,False
seq_0077,31,256,1,numeric,1e-05,,0.0,"[0,1e-07)",16,0.0,0.0,0.0,False,0.0,0.0,0,False,False,False,False
seq_0077,31,256,1,numeric,0.0001,,0.0,"[0,1e-07)",16,0.0,0.0,0.0,False,0.0,0.0,0,False,False,False,False
seq_0077,31,256,1,numeric,0.001,,0.0,"[0,1e-07)",16,0.0,0.0,0.0,False,0.0,0.0,0,False,False,False,False
seq_0077,31,256,1,numeric,0.01,,0.00390625,"[0.001,0.01)",16,0.0003437995910644531,0.0003833770751953125,0.0003833770751953125,True,0.08801269528996875,0.07055664060693749,0,True,True,True,True
seq_0077,31,256,1,numeric,0.1,,0.044921875,"[0.01,0.1)",16,0.003955841064453125,0.004405021667480469,0.004405021667480469,True,0.08806046195456144,0.07043987771582326,0,True,True,True,True
seq_0077,31,256,1,bitflip,,sign,0.8984375,"[0.1,1)",16,0.0791010856628418,0.08809709548950195,0.08809709548950195,True,0.08804294752028244,0.0704345703124216,0,True,True,True,True
seq_0077,31,256,1,bitflip,,exponent,1.5286121951526533e+38,"[10,inf)",16,1.3458372610093462e+37,1.4988932677158426e+37,1.4988932677158426e+37,True,0.08804308020550272,0.07043446250583814,0,True,True,True,True
seq_0077,31,256,1,bitflip,,mantissa,0.001953125,"[0.001,0.01)",16,0.00017118453979492188,0.00019121170043945312,0.00019121170043945312,True,0.087646484330125,0.070312499964,0,True,True,True,True
seq_0078,4,64,4,numeric,1e-06,,0.0,"[0,1e-07)",16,0.0,0.0,0.0,False,0.0,0.0,0,False,False,False,False
seq_0078,4,64,4,numeric,1e-05,,0.0,"[0,1e-07)",16,0.0,0.0,0.0,False,0.0,0.0,0,False,False,False,False
seq_0078,4,64,4,numeric,0.0001,,0.0,"[0,1e-07)",16,0.0,0.0,0.0,False,0.0,0.0,0,False,False,False,False
seq_0078,4,64,4,numeric,0.001,,0.0,"[0,1e-07)",16,0.0,0.0,0.0,False,0.0,0.0,0,False,False,False,False
seq_0078,4,64,4,numeric,0.01,,0.000244140625,"[0.0001,0.001)",16,4.6193599700927734e-05,9.97781753540039e-05,9.97781753540039e-05,True,0.18920898360000002,0.182373046128,0,True,True,True,True
seq_0078,4,64,4,numeric,0.1,,0.00244140625,"[0.001,0.01)",16,0.00046193599700927734,0.0009980201721191406,0.0009980201721191406,True,0.1892089842975,0.18229980461283,0,True,True,True,True
seq_0078,4,64,4,bitflip,,sign,0.049560546875,"[0.01,0.1)",16,0.009377121925354004,0.019164979457855225,0.019164979457855225,True,0.18920537638165033,0.16296627251056645,0,True,True,True,True
seq_0078,4,64,4,bitflip,,exponent,8.43229009826056e+36,"[10,inf)",16,1.5954423861927704e+36,2.969619212329554e+36,2.969619212329554e+36,True,0.18920629717446313,0.1719429504695197,0,True,True,True,True
seq_0078,4,64,4,bitflip,,mantissa,0.0001220703125,"[0.0001,0.001)",16,2.3066997528076172e-05,4.7206878662109375e-05,4.7206878662109375e-05,True,0.18896484220200002,0.16308593616400002,0,True,True,True,True
seq_0078,4,256,4,numeric,1e-06,,0.0,"[0,1e-07)",16,0.0,0.0,0.0,False,0.0,0.0,0,False,False,False,False
seq_0078,4,256,4,numeric,1e-05,,0.0,"[0,1e-07)",16,0.0,0.0,0.0,False,0.0,0.0,0,False,False,False,False
seq_0078,4,256,4,numeric,0.0001,,0.0,"[0,1e-07)",16,0.0,0.0,0.0,False,0.0,0.0,0,False,False,False,False
seq_0078,4,256,4,numeric,0.001,,0.0,"[0,1e-07)",16,0.0,0.0,0.0,False,0.0,0.0,0,False,False,False,False
seq_0078,4,256,4,numeric,0.01,,0.005859375,"[0.001,0.01)",16,0.0011005401611328125,0.0010843276977539062,0.0011005401611328125,False,0.18782552080127776,0.1173909505007986,0,True,True,True,True
seq_0078,4,256,4,numeric,0.1,,0.048828125,"[0.01,0.1)",16,0.009171247482299805,0.00903630256652832,0.009171247482299805,False,0.1878271484336533,0.11739074706790834,0,True,True,True,True
seq_0078,4,256,4,bitflip,,sign,0.98828125,"[0.1,1)",16,0.18562424182891846,0.18289434909820557,0.18562424182891846,False,0.18782531979507922,0.11739073440479568,0,True,True,True,True
seq_0078,4,256,4,bitflip,,exponent,1.6814734146679186e+38,"[10,inf)",16,,2.9027862641493813e+37,2.9027862641493813e+37,False,,0.12015290693803267,1,True,True,True,True
seq_0078,4,256,4,bitflip,,mantissa,0.001953125,"[0.001,0.01)",16,0.0003669261932373047,0.00036144256591796875,0.0003669261932373047,False,0.1878662108413125,0.11738586419771094,0,True,True,True,True
seq_0079,18,64,7,numeric,1e-06,,0.0,"[0,1e-07)",16,0.0,0.0,0.0,False,0.0,0.0,0,False,False,False,False
seq_0079,18,64,7,numeric,1e-05,,0.0,"[0,1e-07)",16,0.0,0.0,0.0,False,0.0,0.0,0,False,False,False,False
seq_0079,18,64,7,numeric,0.0001,,0.0,"[0,1e-07)",16,0.0,0.0,0.0,False,0.0,0.0,0,False,False,False,False
seq_0079,18,64,7,numeric,0.001,,0.0,"[0,1e-07)",16,0.0,0.0,0.0,False,0.0,0.0,0,False,False,False,False
seq_0079,18,64,7,numeric,0.01,,0.00390625,"[0.001,0.01)",16,0.00031280517578125,0.0008363723754882812,0.0008363723754882812,True,0.0800781249795,0.08361816404109373,0,True,True,True,True
seq_0079,18,64,7,numeric,0.1,,0.029296875,"[0.01,0.1)",16,0.002346634864807129,0.0062713623046875,0.0062713623046875,True,0.08009847004934931,0.08356119791381444,0,True,True,True,True
seq_0079,18,64,7,bitflip,,sign,0.58984375,"[0.1,1)",16,0.04724764823913574,0.1262650489807129,0.1262650489807129,True,0.0801019731734983,0.08355429946177888,0,True,True,True,True
seq_0079,18,64,7,bitflip,,exponent,1.0035671368176115e+38,"[10,inf)",16,8.03876761800401e+36,2.148291275158581e+37,2.148291275158581e+37,True,0.08010194159501435,0.08355460893239407,0,True,True,True,True
seq_0079,18,64,7,bitflip,,mantissa,0.001953125,"[0.001,0.01)",16,0.00015652179718017578,0.0004181861877441406,0.0004181861877441406,True,0.08013916011521875,0.08349609370725,0,True,True,True,True
seq_0079,18,256,7,numeric,1e-06,,0.0,"[0,1e-07)",16,0.0,0.0,0.0,False,0.0,0.0,0,False,False,False,False
seq_0079,18,256,7,numeric,1e-05,,0.0,"[0,1e-07)",16,0.0,0.0,0.0,False,0.0,0.0,0,False,False,False,False
seq_0079,18,256,7,numeric,0.0001,,0.0,"[0,1e-07)",16,0.0,0.0,0.0,False,0.0,0.0,0,False,False,False,False
seq_0079,18,256,7,numeric,0.001,,0.0,"[0,1e-07)",16,0.0,0.0,0.0,False,0.0,0.0,0,False,False,False,False
seq_0079,18,256,7,numeric,0.01,,0.015625,"[0.01,0.1)",16,0.0043589770793914795,0.00850224494934082,0.00850224494934082,True,0.27897453306320036,0.39222717282645997,0,True,True,True,True
seq_0079,18,256,7,numeric,0.1,,0.1640625,"[0.1,1)",16,0.045769453048706055,0.08927273750305176,0.08927273750305176,True,0.2789757138189841,0.3922235398041569,0,True,True,True,True
seq_0079,18,256,7,bitflip,,sign,3.28125,"[1,10)",16,0.9153890609741211,1.7854615449905396,1.7854615449905396,True,0.2789757138205995,0.39222324916282686,0,True,True,True,True
seq_0079,18,256,7,bitflip,,exponent,,nonfinite,16,,0.0,,False,,,16,True,True,True,True
seq_0079,18,256,7,bitflip,,mantissa,0.0078125,"[0.001,0.01)",16,0.002179473638534546,0.004812002182006836,0.004812002182006836,True,0.2789726256967134,0.4087982177211113,0,True,True,True,True
seq_0080,31,64,0,numeric,1e-06,,0.0,"[0,1e-07)",16,0.0,0.0,0.0,False,0.0,0.0,0,False,False,False,False
seq_0080,31,64,0,numeric,1e-05,,0.0,"[0,1e-07)",16,0.0,0.0,0.0,False,0.0,0.0,0,False,False,False,False
seq_0080,31,64,0,numeric,0.0001,,0.0,"[0,1e-07)",16,0.0,0.0,0.0,False,0.0,0.0,0,False,False,False,False
seq_0080,31,64,0,numeric,0.001,,0.0,"[0,1e-07)",16,0.0,0.0,0.0,False,0.0,0.0,0,False,False,False,False
seq_0080,31,64,0,numeric,0.01,,0.0078125,"[0.001,0.01)",16,0.0011758804321289062,0.0016942024230957031,0.0016942024230957031,True,0.15051269529323436,0.11602783201639844,0,True,True,True,True
seq_0080,31,64,0,numeric,0.1,,0.08984375,"[0.01,0.1)",16,0.013525009155273438,0.019480228424072266,0.019480228424072266,True,0.15053923233528094,0.11600925611283919,0,True,True,True,True
seq_0080,31,64,0,bitflip,,sign,1.78125,"[1,10)",16,0.2681431770324707,0.38622426986694336,0.38622426986694336,True,0.15053652043919727,0.11600962856353136,0,True,True,True,True
seq_0080,31,64,0,bitflip,,exponent,3.0306398303896082e+38,"[10,inf)",16,,2.741515247728106e+37,2.741515247728106e+37,False,,0.08597148092169511,8,True,True,True,True
seq_0080,31,64,0,bitflip,,mantissa,0.00390625,"[0.001,0.01)",16,0.0005879402160644531,0.00084686279296875,0.00084686279296875,True,0.15051269527396874,0.11596679684531248,0,True,True,True,True
seq_0080,31,256,0,numeric,1e-06,,0.0,"[0,1e-07)",16,0.0,0.0,0.0,False,0.0,0.0,0,False,False,False,False
seq_0080,31,256,0,numeric,1e-05,,0.0,"[0,1e-07)",16,0.0,0.0,0.0,False,0.0,0.0,0,False,False,False,False
seq_0080,31,256,0,numeric,0.0001,,0.0,"[0,1e-07)",16,0.0,0.0,0.0,False,0.0,0.0,0,False,False,False,False
seq_0080,31,256,0,numeric,0.001,,0.0,"[0,1e-07)",16,0.0,0.0,0.0,False,0.0,0.0,0,False,False,False,False
seq_0080,31,256,0,numeric,0.01,,0.0001220703125,"[0.0001,0.001)",16,5.9604644775390625e-06,1.6391277313232422e-05,1.6391277313232422e-05,True,0.0488281246,0.079589843098,0,False,True,True,True
seq_0080,31,256,0,numeric,0.1,,0.00140380859375,"[0.001,0.01)",16,6.937980651855469e-05,0.00018900632858276367,0.00018900632858276367,True,0.049422554312620035,0.079738451030155,0,True,True,True,True
seq_0080,31,256,0,bitflip,,sign,0.02783203125,"[0.01,0.1)",16,0.0013837814331054688,0.003747701644897461,0.003747701644897461,True,0.049719024121020625,0.07975581654044579,0,True,True,True,True
seq_0080,31,256,0,bitflip,,exponent,4.735374734983763e+36,"[10,inf)",16,2.3543545750054122e+35,6.3763771968021984e+35,6.3763771968021984e+35,True,0.04971844271609658,0.07975666983085766,0,True,True,True,True
seq_0080,31,256,0,bitflip,,mantissa,6.103515625e-05,"[1e-05,0.0001)",16,2.6226043701171875e-06,8.285045623779297e-06,8.285045623779297e-06,True,0.04296874929600002,0.07812499872000003,0,False,False,False,False
seq_0081,4,64,5,numeric,1e-06,,0.0,"[0,1e-07)",16,0.0,0.0,0.0,False,0.0,0.0,0,False,False,False,False
seq_0081,4,64,5,numeric,1e-05,,0.0,"[0,1e-07)",16,0.0,0.0,0.0,False,0.0,0.0,0,False,False,False,False
seq_0081,4,64,5,numeric,0.0001,,0.0,"[0,1e-07)",16,0.0,0.0,0.0,False,0.0,0.0,0,False,False,False,False
seq_0081,4,64,5,numeric,0.001,,0.0,"[0,1e-07)",16,0.0,0.0,0.0,False,0.0,0.0,0,False,False,False,False
seq_0081,4,64,5,numeric,0.01,,0.0009765625,"[0.0001,0.001)",16,0.0001430511474609375,0.00015544891357421875,0.00015544891357421875,True,0.14648437485,0.13671874986,0,True,True,True,True
seq_0081,4,64,5,numeric,0.1,,0.01025390625,"[0.01,0.1)",16,0.0015077590942382812,0.001628875732421875,0.001628875732421875,True,0.14704241069994556,0.13671874998666667,0,True,True,True,True
seq_0081,4,64,5,bitflip,,sign,0.2099609375,"[0.1,1)",16,0.030881881713867188,0.03334665298461914,0.03334665298461914,True,0.14708393895278785,0.1367232921505116,0,True,True,True,True
seq_0081,4,64,5,bitflip,,exponent,3.5723002386719614e+37,"[10,inf)",16,5.254272613292636e+36,5.52561987943714e+36,5.52561987943714e+36,True,0.1470837349115416,0.12153397493584212,0,True,True,True,True
seq_0081,4,64,5,bitflip,,mantissa,0.00048828125,"[0.0001,0.001)",16,7.152557373046875e-05,7.772445678710938e-05,7.772445678710938e-05,True,0.1464843747,0.13671874972,0,True,True,True,True
seq_0081,4,256,5,numeric,1e-06,,0.0,"[0,1e-07)",16,0.0,0.0,0.0,False,0.0,0.0,0,False,False,False,False
seq_0081,4,256,5,numeric,1e-05,,0.0,"[0,1e-07)",16,0.0,0.0,0.0,False,0.0,0.0,0,False,False,False,False
seq_0081,4,256,5,numeric,0.0001,,0.0,"[0,1e-07)",16,0.0,0.0,0.0,False,0.0,0.0,0,False,False,False,False
seq_0081,4,256,5,numeric,0.001,,0.0,"[0,1e-07)",16,0.0,0.0,0.0,False,0.0,0.0,0,False,False,False,False
seq_0081,4,256,5,numeric,0.01,,0.125,"[0.1,1)",16,0.0011439323425292969,0.0017371326684951782,0.0017371326684951782,True,0.009151458740161163,0.010185241699137268,0,True,True,True,True
seq_0081,4,256,5,numeric,0.1,,1.0,"[1,10)",16,0.009149551391601562,0.01389700174331665,0.01389700174331665,True,0.009149551391592412,0.010185360908498114,0,True,True,True,True
seq_0081,4,256,5,bitflip,,sign,19.75,"[10,inf)",16,0.18070411682128906,0.2744656801223755,0.2744656801223755,True,0.00914957553525468,0.01018538052522632,0,True,True,True,True
seq_0081,4,256,5,bitflip,,exponent,9.875,"[1,10)",16,0.09035205841064453,0.13723284006118774,0.13723284006118774,True,0.009149575535254216,0.010185386561139199,0,True,True,True,True
seq_0081,4,256,5,bitflip,,mantissa,0.0625,"[0.01,0.1)",16,0.0005718469619750977,0.0008685588836669922,0.0008685588836669922,True,0.00914955139145517,0.010185241699055785,0,True,True,True,True
seq_0082,18,64,1,numeric,1e-06,,0.0,"[0,1e-07)",16,0.0,0.0,0.0,False,0.0,0.0,0,False,False,False,False
seq_0082,18,64,1,numeric,1e-05,,0.0,"[0,1e-07)",16,0.0,0.0,0.0,False,0.0,0.0,0,False,False,False,False
seq_0082,18,64,1,numeric,0.0001,,0.0,"[0,1e-07)",16,0.0,0.0,0.0,False,0.0,0.0,0,False,False,False,False
seq_0082,18,64,1,numeric,0.001,,0.0,"[0,1e-07)",16,0.0,0.0,0.0,False,0.0,0.0,0,False,False,False,False
seq_0082,18,64,1,numeric,0.01,,0.0078125,"[0.001,0.01)",16,0.0007175207138061523,0.00128936767578125,0.00128936767578125,True,0.09184265135543164,0.11463928221188867,0,True,True,True,True
seq_0082,18,64,1,numeric,0.1,,0.109375,"[0.1,1)",16,0.010045170783996582,0.0180511474609375,0.0180511474609375,True,0.09184156145284333,0.11462838309046983,0,True,True,True,True
seq_0082,18,64,1,bitflip,,sign,2.15625,"[1,10)",16,0.19803225994110107,0.3558621406555176,0.3558621406555176,True,0.09184104808858398,0.1146286121312591,0,True,True,True,True
seq_0082,18,64,1,bitflip,,exponent,,nonfinite,16,,0.0,,False,,,16,True,True,True,True
seq_0082,18,64,1,bitflip,,mantissa,0.0078125,"[0.001,0.01)",16,0.0007175207138061523,0.00128936767578125,0.00128936767578125,True,0.09184265135543164,0.11463928221188867,0,True,True,True,True
seq_0082,18,256,1,numeric,1e-06,,0.0,"[0,1e-07)",16,0.0,0.0,0.0,False,0.0,0.0,0,False,False,False,False
seq_0082,18,256,1,numeric,1e-05,,0.0,"[0,1e-07)",16,0.0,0.0,0.0,False,0.0,0.0,0,False,False,False,False
seq_0082,18,256,1,numeric,0.0001,,0.0,"[0,1e-07)",16,0.0,0.0,0.0,False,0.0,0.0,0,False,False,False,False
seq_0082,18,256,1,numeric,0.001,,0.0,"[0,1e-07)",16,0.0,0.0,0.0,False,0.0,0.0,0,False,False,False,False
seq_0082,18,256,1,numeric,0.01,,0.00390625,"[0.001,0.01)",16,0.00042891502380371094,0.000858306884765625,0.000858306884765625,True,0.10980224606564061,0.08703613279021874,0,True,True,True,True
seq_0082,18,256,1,numeric,0.1,,0.0390625,"[0.01,0.1)",16,0.004288673400878906,0.008578300476074219,0.008578300476074219,True,0.10979003905968938,0.08700866698996008,0,True,True,True,True
seq_0082,18,256,1,bitflip,,sign,0.77734375,"[0.1,1)",16,0.08534836769104004,0.17069721221923828,0.17069721221923828,True,0.10979488506973942,0.08700760884489435,0,True,True,True,True
seq_0082,18,256,1,bitflip,,exponent,1.3225818558059913e+38,"[10,inf)",16,1.4521273553023428e+37,1.0502808473793939e+37,1.4521273553023428e+37,False,0.10979489465454716,0.04626577463581334,0,True,True,True,True
seq_0082,18,256,1,bitflip,,mantissa,0.001953125,"[0.001,0.01)",16,0.0002143383026123047,0.0004291534423828125,0.0004291534423828125,True,0.1097412108813125,0.0870361327679375,0,True,True,True,True
seq_0083,31,64,1,numeric,1e-06,,0.0,"[0,1e-07)",16,0.0,0.0,0.0,False,0.0,0.0,0,False,False,False,False
seq_0083,31,64,1,numeric,1e-05,,0.0,"[0,1e-07)",16,0.0,0.0,0.0,False,0.0,0.0,0,False,False,False,False
seq_0083,31,64,1,numeric,0.0001,,0.0,"[0,1e-07)",16,0.0,0.0,0.0,False,0.0,0.0,0,False,False,False,False
seq_0083,31,64,1,numeric,0.001,,0.0,"[0,1e-07)",16,0.0,0.0,0.0,False,0.0,0.0,0,False,False,False,False
seq_0083,31,64,1,numeric,0.01,,0.001953125,"[0.001,0.01)",16,0.00033283233642578125,0.0004448890686035156,0.0004448890686035156,True,0.17041015616275,0.19775390614875,0,True,True,True,True
seq_0083,31,64,1,numeric,0.1,,0.01953125,"[0.01,0.1)",16,0.0033311843872070312,0.004450798034667969,0.004450798034667969,True,0.17055664061626752,0.19746093748989002,0,True,True,True,True
seq_0083,31,64,1,bitflip,,sign,0.396484375,"[0.1,1)",16,0.06762504577636719,0.09034919738769531,0.09034919738769531,True,0.17056169180991465,0.1974941310031965,0,True,True,True,True
seq_0083,31,64,1,bitflip,,exponent,6.745832078608448e+37,"[10,inf)",16,1.1505817996465522e+37,1.7328601163433463e+37,1.7328601163433463e+37,True,0.17056187972646628,0.1988737735842249,0,True,True,True,True
seq_0083,31,64,1,bitflip,,mantissa,0.0009765625,"[0.0001,0.001)",16,0.00016689300537109375,0.00022220611572265625,0.00022220611572265625,True,0.170898437325,0.198242187297,0,True,True,True,True
seq_0083,31,256,1,numeric,1e-06,,0.0,"[0,1e-07)",16,0.0,0.0,0.0,False,0.0,0.0,0,False,False,False,False
seq_0083,31,256,1,numeric,1e-05,,0.0,"[0,1e-07)",16,0.0,0.0,0.0,False,0.0,0.0,0,False,False,False,False
seq_0083,31,256,1,numeric,0.0001,,0.0,"[0,1e-07)",16,0.0,0.0,0.0,False,0.0,0.0,0,False,False,False,False
seq_0083,31,256,1,numeric,0.001,,0.0,"[0,1e-07)",16,0.0,0.0,0.0,False,0.0,0.0,0,False,False,False,False
seq_0083,31,256,1,numeric,0.01,,0.00390625,"[0.001,0.01)",16,0.0004963874816894531,0.0009169578552246094,0.0009169578552246094,True,0.12707519527996874,0.14501953121287497,0,True,True,True,True
seq_0083,31,256,1,numeric,0.1,,0.05078125,"[0.01,0.1)",16,0.006452083587646484,0.011922359466552734,0.011922359466552734,True,0.12705641526192105,0.14501014122310596,0,True,True,True,True
seq_0083,31,256,1,bitflip,,sign,1.015625,"[1,10)",16,0.1290435791015625,0.2384500503540039,0.2384500503540039,True,0.12705829326910564,0.14501201923062643,0,True,True,True,True
seq_0083,31,256,1,bitflip,,exponent,1.7279963945203906e+38,"[10,inf)",16,2.1955619660410917e+37,0.0,2.1955619660410917e+37,False,0.1270582492534931,0.1270582492534931,15,True,True,True,True
seq_0083,31,256,1,bitflip,,mantissa,0.00390625,"[0.001,0.01)",16,0.0004963874816894531,0.0009169578552246094,0.0009169578552246094,True,0.12707519527996874,0.14501953121287497,0,True,True,True,True
