prompt_id,layer,ctx,k_kind,rel,bit_class,kv_head,abs_delta_k,max_es_u0,max_es_future,future_amplified,n_queries,fail_s_L1,fail_s_L2,fail_s_L16,fail_s_full
seq_0000,4,64,numeric,1e-06,,4,0.0,0.0,0.0,False,16,False,False,False,False
seq_0000,4,64,numeric,1e-05,,4,0.0,0.0,0.0,False,16,False,False,False,False
seq_0000,4,64,numeric,0.0001,,4,0.0,0.0,0.0,False,16,False,False,False,False
seq_0000,4,64,numeric,0.001,,4,0.0,0.0,0.0,False,16,False,False,False,False
seq_0000,4,64,numeric,0.01,,4,0.03125,0.0032368898391723633,0.0057830810546875,True,16,True,True,True,True
seq_0000,4,64,numeric,0.1,,4,0.234375,0.02427658438682556,0.043374061584472656,True,16,True,True,True,True
seq_0000,4,64,bitflip,,sign,4,4.75,0.49200543761253357,0.8790497779846191,True,16,True,True,True,True
seq_0000,4,64,bitflip,,exponent,4,2.375,0.2460027039051056,0.43952512741088867,True,16,True,True,True,True
seq_0000,4,64,bitflip,,mantissa,4,0.015625,0.0016184449195861816,0.00289154052734375,True,16,True,True,True,True
seq_0000,4,256,numeric,1e-06,,4,0.0,0.0,0.0,False,16,False,False,False,False
seq_0000,4,256,numeric,1e-05,,4,0.0,0.0,0.0,False,16,False,False,False,False
seq_0000,4,256,numeric,0.0001,,4,0.0,0.0,0.0,False,16,False,False,False,False
seq_0000,4,256,numeric,0.001,,4,0.0,0.0,0.0,False,16,False,False,False,False
seq_0000,4,256,numeric,0.01,,4,0.015625,0.002956390380859375,0.003064274787902832,True,16,True,True,True,True
seq_0000,4,256,numeric,0.1,,4,0.1640625,0.031041622161865234,0.03217458724975586,True,16,True,True,True,True
seq_0000,4,256,bitflip,,sign,4,3.3125,0.626745879650116,0.6496198177337646,True,16,True,True,True,True
seq_0000,4,256,bitflip,,exponent,4,nan,nan,nan,False,16,True,True,True,True
seq_0000,4,256,bitflip,,mantissa,4,0.0078125,0.0014781951904296875,0.0015320777893066406,True,16,True,True,True,True
seq_0001,18,64,numeric,1e-06,,7,0.0,0.0,0.0,False,16,False,False,False,False
seq_0001,18,64,numeric,1e-05,,7,0.0,0.0,0.0,False,16,False,False,False,False
seq_0001,18,64,numeric,0.0001,,7,0.0,0.0,0.0,False,16,False,False,False,False
seq_0001,18,64,numeric,0.001,,7,0.0,0.0,0.0,False,16,False,False,False,False
seq_0001,18,64,numeric,0.01,,7,0.0078125,0.0007228851318359375,0.0016942024230957031,True,16,True,True,True,True
seq_0001,18,64,numeric,0.1,,7,0.1015625,0.009397745132446289,0.022021770477294922,True,16,True,True,True,True
seq_0001,18,64,bitflip,,sign,7,2.0,0.18506312370300293,0.4336552619934082,True,16,True,True,True,True
seq_0001,18,64,bitflip,,exponent,7,inf,inf,inf,False,16,True,True,True,True
seq_0001,18,64,bitflip,,mantissa,7,0.0078125,0.0007228851318359375,0.0016942024230957031,True,16,True,True,True,True
seq_0001,18,256,numeric,1e-06,,7,0.0,0.0,0.0,False,16,False,False,False,False
seq_0001,18,256,numeric,1e-05,,7,0.0,0.0,0.0,False,16,False,False,False,False
seq_0001,18,256,numeric,0.0001,,7,0.0,0.0,0.0,False,16,False,False,False,False
seq_0001,18,256,numeric,0.001,,7,0.0,0.0,0.0,False,16,False,False,False,False
seq_0001,18,256,numeric,0.01,,7,0.00390625,0.000194549560546875,0.0009174346923828125,True,16,True,True,True,True
seq_0001,18,256,numeric,0.1,,7,0.033203125,0.0016508102416992188,0.0077953338623046875,True,16,True,True,True,True
seq_0001,18,256,bitflip,,sign,7,0.65234375,0.032433509826660156,0.15315818786621094,True,16,True,True,True,True
seq_0001,18,256,bitflip,,exponent,7,1.1099053764804048e+38,5.518277013335318e+36,1.7781114398196934e+37,True,16,True,True,True,True
seq_0001,18,256,bitflip,,mantissa,7,0.001953125,9.72747802734375e-05,0.00045871734619140625,True,16,True,True,True,True
seq_0002,31,64,numeric,1e-06,,0,0.0,0.0,0.0,False,16,False,False,False,False
seq_0002,31,64,numeric,1e-05,,0,0.0,0.0,0.0,False,16,False,False,False,False
seq_0002,31,64,numeric,0.0001,,0,0.0,0.0,0.0,False,16,False,False,False,False
seq_0002,31,64,numeric,0.001,,0,0.0,0.0,0.0,False,16,False,False,False,False
seq_0002,31,64,numeric,0.01,,0,0.015625,0.0019311904907226562,0.0020933151245117188,True,16,True,True,True,True
seq_0002,31,64,numeric,0.1,,0,0.203125,0.025107383728027344,0.028052806854248047,True,16,True,True,True,True
seq_0002,31,64,bitflip,,sign,0,4.15625,0.513735294342041,0.556786060333252,True,16,True,True,True,True
seq_0002,31,64,bitflip,,exponent,0,2.078125,0.2568674087524414,0.2783932685852051,True,16,True,True,True,True
seq_0002,31,64,bitflip,,mantissa,0,0.015625,0.0019311904907226562,0.0020933151245117188,True,16,True,True,True,True
seq_0002,31,256,numeric,1e-06,,0,0.0,0.0,0.0,False,16,False,False,False,False
seq_0002,31,256,numeric,1e-05,,0,0.0,0.0,0.0,False,16,False,False,False,False
seq_0002,31,256,numeric,0.0001,,0,0.0,0.0,0.0,False,16,False,False,False,False
seq_0002,31,256,numeric,0.001,,0,0.0,0.0,0.0,False,16,False,False,False,False
seq_0002,31,256,numeric,0.01,,0,0.001953125,0.00019025802612304688,0.00040459632873535156,True,16,True,True,True,True
seq_0002,31,256,numeric,0.1,,0,0.02734375,0.002662181854248047,0.004909217357635498,True,16,True,True,True,True
seq_0002,31,256,bitflip,,sign,0,0.5625,0.05476808547973633,0.10099059343338013,True,16,True,True,True,True
seq_0002,31,256,bitflip,,exponent,0,9.570441569651394e+37,9.318287864627476e+36,1.7182659085130387e+37,True,16,True,True,True,True
seq_0002,31,256,bitflip,,mantissa,0,0.001953125,0.00019025802612304688,0.00040459632873535156,True,16,True,True,True,True
seq_0003,4,64,numeric,1e-06,,5,0.0,0.0,0.0,False,16,False,False,False,False
seq_0003,4,64,numeric,1e-05,,5,0.0,0.0,0.0,False,16,False,False,False,False
seq_0003,4,64,numeric,0.0001,,5,0.0,0.0,0.0,False,16,False,False,False,False
seq_0003,4,64,numeric,0.001,,5,0.0,0.0,0.0,False,16,False,False,False,False
seq_0003,4,64,numeric,0.01,,5,0.00390625,0.0007174015045166016,0.0009603500366210938,True,16,True,True,True,True
seq_0003,4,64,numeric,0.1,,5,0.05859375,0.010762691497802734,0.016831636428833008,True,16,True,True,True,True
seq_0003,4,64,bitflip,,sign,5,1.1328125,0.20807719230651855,0.32541418075561523,True,16,True,True,True,True
seq_0003,4,64,bitflip,,exponent,5,1.927380593888128e+38,inf,2.2625669344077154e+37,False,16,True,True,True,True
seq_0003,4,64,bitflip,,mantissa,5,0.00390625,0.0007176399230957031,0.001122117042541504,True,16,True,True,True,True
seq_0003,4,256,numeric,1e-06,,5,0.0,0.0,0.0,False,16,False,False,False,False
seq_0003,4,256,numeric,1e-05,,5,0.0,0.0,0.0,False,16,False,False,False,False
seq_0003,4,256,numeric,0.0001,,5,0.0,0.0,0.0,False,16,False,False,False,False
seq_0003,4,256,numeric,0.001,,5,0.0,0.0,0.0,False,16,False,False,False,False
seq_0003,4,256,numeric,0.01,,5,0.0078125,0.0006122589111328125,0.0019207000732421875,True,16,True,True,True,True
seq_0003,4,256,numeric,0.1,,5,0.08203125,0.006429195404052734,0.02016592025756836,True,16,True,True,True,True
seq_0003,4,256,bitflip,,sign,5,1.6484375,0.1291971206665039,0.40523529052734375,True,16,True,True,True,True
seq_0003,4,256,bitflip,,exponent,5,2.8046710711061725e+38,2.1981778898197227e+37,2.0045058508216737e+37,False,16,True,True,True,True
seq_0003,4,256,bitflip,,mantissa,5,0.00390625,0.00030612945556640625,0.0009603500366210938,True,16,True,True,True,True
seq_0004,18,64,numeric,1e-06,,1,0.0,0.0,0.0,False,16,False,False,False,False
seq_0004,18,64,numeric,1e-05,,1,0.0,0.0,0.0,False,16,False,False,False,False
seq_0004,18,64,numeric,0.0001,,1,0.0,0.0,0.0,False,16,False,False,False,False
seq_0004,18,64,numeric,0.001,,1,0.0,0.0,0.0,False,16,False,False,False,False
seq_0004,18,64,numeric,0.01,,1,0.001953125,0.0002334117889404297,0.0003101825714111328,True,16,True,True,True,True
seq_0004,18,64,numeric,0.1,,1,0.015625,0.0018665790557861328,0.0024815797805786133,True,16,True,True,True,True
seq_0004,18,64,bitflip,,sign,1,0.314453125,0.03756523132324219,0.04994237422943115,True,16,True,True,True,True
seq_0004,18,64,bitflip,,exponent,1,5.350142683034286e+37,6.391407492284617e+36,5.578627323110983e+36,False,16,True,True,True,True
seq_0004,18,64,bitflip,,mantissa,1,0.0009765625,0.00011658668518066406,0.0001550912857055664,True,16,True,True,True,True
seq_0004,18,256,numeric,1e-06,,1,0.0,0.0,0.0,False,16,False,False,False,False
seq_0004,18,256,numeric,1e-05,,1,0.0,0.0,0.0,False,16,False,False,False,False
seq_0004,18,256,numeric,0.0001,,1,0.0,0.0,0.0,False,16,False,False,False,False
seq_0004,18,256,numeric,0.001,,1,0.0,0.0,0.0,False,16,False,False,False,False
seq_0004,18,256,numeric,0.01,,1,0.0001220703125,1.3589859008789062e-05,2.288818359375e-05,True,16,True,True,True,True
seq_0004,18,256,numeric,0.1,,1,0.00146484375,0.0001628398895263672,0.0002713203430175781,True,16,True,True,True,True
seq_0004,18,256,bitflip,,sign,1,0.029296875,0.003257274627685547,0.005421638488769531,True,16,True,True,True,True
seq_0004,18,256,bitflip,,exponent,1,4.9846049841934345e+36,5.5416827555616065e+35,9.224664103440695e+35,True,16,True,True,True,True
seq_0004,18,256,bitflip,,mantissa,1,6.103515625e-05,6.67572021484375e-06,1.1444091796875e-05,True,16,False,False,False,False
seq_0005,31,64,numeric,1e-06,,1,0.0,0.0,0.0,False,16,False,False,False,False
seq_0005,31,64,numeric,1e-05,,1,0.0,0.0,0.0,False,16,False,False,False,False
seq_0005,31,64,numeric,0.0001,,1,0.0,0.0,0.0,False,16,False,False,False,False
seq_0005,31,64,numeric,0.001,,1,0.0,0.0,0.0,False,16,False,False,False,False
seq_0005,31,64,numeric,0.01,,1,0.0625,0.00377655029296875,0.013810157775878906,True,16,True,True,True,True
seq_0005,31,64,numeric,0.1,,1,0.71875,0.04342842102050781,0.15882205963134766,True,16,True,True,True,True
seq_0005,31,64,bitflip,,sign,1,14.3125,0.8647861480712891,3.162644863128662,True,16,True,True,True,True
seq_0005,31,64,bitflip,,exponent,1,7.15625,0.43239307403564453,1.5813226699829102,True,16,True,True,True,True
seq_0005,31,64,bitflip,,mantissa,1,0.03125,0.001888275146484375,0.00690460205078125,True,16,True,True,True,True
seq_0005,31,256,numeric,1e-06,,1,0.0,0.0,0.0,False,16,False,False,False,False
seq_0005,31,256,numeric,1e-05,,1,0.0,0.0,0.0,False,16,False,False,False,False
seq_0005,31,256,numeric,0.0001,,1,0.0,0.0,0.0,False,16,False,False,False,False
seq_0005,31,256,numeric,0.001,,1,0.0,0.0,0.0,False,16,False,False,False,False
seq_0005,31,256,numeric,0.01,,1,0.015625,0.0002875328063964844,0.002740621566772461,True,16,True,True,True,True
seq_0005,31,256,numeric,0.1,,1,0.21875,0.004021644592285156,0.03836774826049805,True,16,True,True,True,True
seq_0005,31,256,bitflip,,sign,1,4.5,0.08273458480834961,0.7892801761627197,True,16,True,True,True,True
seq_0005,31,256,bitflip,,exponent,1,2.25,0.0413670539855957,0.3946402072906494,True,16,True,True,True,True
seq_0005,31,256,bitflip,,mantissa,1,0.015625,0.0002875328063964844,0.002740621566772461,True,16,True,True,True,True
seq_0006,4,64,numeric,1e-06,,4,0.0,0.0,0.0,False,16,False,False,False,False
seq_0006,4,64,numeric,1e-05,,4,0.0,0.0,0.0,False,16,False,False,False,False
seq_0006,4,64,numeric,0.0001,,4,0.0,0.0,0.0,False,16,False,False,False,False
seq_0006,4,64,numeric,0.001,,4,0.0,0.0,0.0,False,16,False,False,False,False
seq_0006,4,64,numeric,0.01,,4,6.103515625e-05,4.76837158203125e-06,1.2874603271484375e-05,True,16,False,False,False,False
seq_0006,4,64,numeric,0.1,,4,0.00067138671875,5.4836273193359375e-05,0.00014448165893554688,True,16,True,True,True,True
seq_0006,4,64,bitflip,,sign,4,0.013671875,0.0011138916015625,0.002945423126220703,True,16,True,True,True,True
seq_0006,4,64,bitflip,,exponent,4,2.3261489926236028e+36,1.8954161343324406e+35,5.011608714963984e+35,True,16,True,True,True,True
seq_0006,4,64,bitflip,,mantissa,4,3.0517578125e-05,2.86102294921875e-06,6.67572021484375e-06,True,16,False,False,False,False
seq_0006,4,256,numeric,1e-06,,4,0.0,0.0,0.0,False,16,False,False,False,False
seq_0006,4,256,numeric,1e-05,,4,0.0,0.0,0.0,False,16,False,False,False,False
seq_0006,4,256,numeric,0.0001,,4,0.0,0.0,0.0,False,16,False,False,False,False
seq_0006,4,256,numeric,0.001,,4,0.0,0.0,0.0,False,16,False,False,False,False
seq_0006,4,256,numeric,0.01,,4,0.0078125,0.0009872913360595703,0.0021255016326904297,True,16,True,True,True,True
seq_0006,4,256,numeric,0.1,,4,0.07421875,0.009378910064697266,0.020192861557006836,True,16,True,True,True,True
seq_0006,4,256,bitflip,,sign,4,1.4765625,0.18658995628356934,0.40172886848449707,True,16,True,True,True,True
seq_0006,4,256,bitflip,,exponent,4,2.512240912033491e+38,inf,inf,False,16,True,True,True,True
seq_0006,4,256,bitflip,,mantissa,4,0.00390625,0.0004937648773193359,0.0010628700256347656,True,16,True,True,True,True
seq_0007,18,64,numeric,1e-06,,7,0.0,0.0,0.0,False,16,False,False,False,False
seq_0007,18,64,numeric,1e-05,,7,0.0,0.0,0.0,False,16,False,False,False,False
seq_0007,18,64,numeric,0.0001,,7,0.0,0.0,0.0,False,16,False,False,False,False
seq_0007,18,64,numeric,0.001,,7,0.0,0.0,0.0,False,16,False,False,False,False
seq_0007,18,64,numeric,0.01,,7,0.0625,0.014328598976135254,0.016572952270507812,True,16,True,True,True,True
seq_0007,18,64,numeric,0.1,,7,0.5,0.11462867259979248,0.1325826644897461,True,16,True,True,True,True
seq_0007,18,64,bitflip,,sign,7,9.9375,2.2782442569732666,2.635077953338623,True,16,True,True,True,True
seq_0007,18,64,bitflip,,exponent,7,4.96875,1.1391220092773438,1.3175389766693115,True,16,True,True,True,True
seq_0007,18,64,bitflip,,mantissa,7,0.03125,0.007164359092712402,0.008286476135253906,True,16,True,True,True,True
seq_0007,18,256,numeric,1e-06,,7,0.0,0.0,0.0,False,16,False,False,False,False
seq_0007,18,256,numeric,1e-05,,7,0.0,0.0,0.0,False,16,False,False,False,False
seq_0007,18,256,numeric,0.0001,,7,0.0,0.0,0.0,False,16,False,False,False,False
seq_0007,18,256,numeric,0.001,,7,0.0,0.0,0.0,False,16,False,False,False,False
seq_0007,18,256,numeric,0.01,,7,0.0009765625,0.0001659393310546875,0.00029659271240234375,True,16,True,True,True,True
seq_0007,18,256,numeric,0.1,,7,0.0126953125,0.002156496047973633,0.003857135772705078,True,16,True,True,True,True
seq_0007,18,256,bitflip,,sign,7,0.25390625,0.043131351470947266,0.07714557647705078,True,16,True,True,True,True
seq_0007,18,256,bitflip,,exponent,7,4.319990986300977e+37,7.33842742324532e+36,1.3125642215846757e+37,True,16,True,True,True,True
seq_0007,18,256,bitflip,,mantissa,7,0.0009765625,0.0001659393310546875,0.0002968311309814453,True,16,True,True,True,True
seq_0008,31,64,numeric,1e-06,,0,0.0,0.0,0.0,False,16,False,False,False,False
seq_0008,31,64,numeric,1e-05,,0,0.0,0.0,0.0,False,16,False,False,False,False
seq_0008,31,64,numeric,0.0001,,0,0.0,0.0,0.0,False,16,False,False,False,False
seq_0008,31,64,numeric,0.001,,0,0.0,0.0,0.0,False,16,False,False,False,False
seq_0008,31,64,numeric,0.01,,0,0.0078125,0.0014891624450683594,0.0014891624450683594,False,16,True,True,True,True
seq_0008,31,64,numeric,0.1,,0,0.08203125,0.015634536743164062,0.015634536743164062,False,16,True,True,True,True
seq_0008,31,64,bitflip,,sign,0,1.6796875,0.3201279640197754,0.3201274871826172,False,16,True,True,True,True
seq_0008,31,64,bitflip,,exponent,0,2.857840190937569e+38,inf,inf,False,16,True,True,True,True
seq_0008,31,64,bitflip,,mantissa,0,0.00390625,0.0007448196411132812,0.0007448196411132812,False,16,True,True,True,True
seq_0008,31,256,numeric,1e-06,,0,0.0,0.0,0.0,False,16,False,False,False,False
seq_0008,31,256,numeric,1e-05,,0,0.0,0.0,0.0,False,16,False,False,False,False
seq_0008,31,256,numeric,0.0001,,0,0.0,0.0,0.0,False,16,False,False,False,False
seq_0008,31,256,numeric,0.001,,0,0.0,0.0,0.0,False,16,False,False,False,False
seq_0008,31,256,numeric,0.01,,0,0.03125,0.003970623016357422,0.00940847396850586,True,16,True,True,True,True
seq_0008,31,256,numeric,0.1,,0,0.234375,0.02977919578552246,0.07056403160095215,True,16,True,True,True,True
seq_0008,31,256,bitflip,,sign,0,4.75,0.6035266518592834,1.430095911026001,True,16,True,True,True,True
seq_0008,31,256,bitflip,,exponent,0,2.375,0.30176329612731934,0.7150478363037109,True,16,True,True,True,True
seq_0008,31,256,bitflip,,mantissa,0,0.015625,0.001985311508178711,0.00470423698425293,True,16,True,True,True,True
seq_0009,4,64,numeric,1e-06,,5,0.0,0.0,0.0,False,16,False,False,False,False
seq_0009,4,64,numeric,1e-05,,5,0.0,0.0,0.0,False,16,False,False,False,False
seq_0009,4,64,numeric,0.0001,,5,0.0,0.0,0.0,False,16,False,False,False,False
seq_0009,4,64,numeric,0.001,,5,0.0,0.0,0.0,False,16,False,False,False,False
seq_0009,4,64,numeric,0.01,,5,0.00390625,0.00040459632873535156,0.0005395412445068359,True,16,True,True,True,True
seq_0009,4,64,numeric,0.1,,5,0.05078125,0.00525975227355957,0.0070133209228515625,True,16,True,True,True,True
seq_0009,4,64,bitflip,,sign,5,1.03125,0.10681676864624023,0.14242267608642578,True,16,True,True,True,True
seq_0009,4,64,bitflip,,exponent,5,1.754580954436089e+38,1.8173965657460664e+37,1.5871929914554602e+37,False,16,True,True,True,True
seq_0009,4,64,bitflip,,mantissa,5,0.00390625,0.00040459632873535156,0.0005393028259277344,True,16,True,True,True,True
seq_0009,4,256,numeric,1e-06,,5,0.0,0.0,0.0,False,16,False,False,False,False
seq_0009,4,256,numeric,1e-05,,5,0.0,0.0,0.0,False,16,False,False,False,False
seq_0009,4,256,numeric,0.0001,,5,0.0,0.0,0.0,False,16,False,False,False,False
seq_0009,4,256,numeric,0.001,,5,0.0,0.0,0.0,False,16,False,False,False,False
seq_0009,4,256,numeric,0.01,,5,0.015625,0.006300926208496094,0.009797096252441406,True,16,True,True,True,True
seq_0009,4,256,numeric,0.1,,5,0.140625,0.056710243225097656,0.08817243576049805,True,16,True,True,True,True
seq_0009,4,256,bitflip,,sign,5,2.875,1.1594066619873047,1.8026390075683594,True,16,True,True,True,True
seq_0009,4,256,bitflip,,exponent,5,nan,nan,nan,False,16,True,True,True,True
seq_0009,4,256,bitflip,,mantissa,5,0.0078125,0.003150463104248047,0.004898548126220703,True,16,True,True,True,True
seq_0010,18,64,numeric,1e-06,,1,0.0,0.0,0.0,False,16,False,False,False,False
seq_0010,18,64,numeric,1e-05,,1,0.0,0.0,0.0,False,16,False,False,False,False
seq_0010,18,64,numeric,0.0001,,1,0.0,0.0,0.0,False,16,False,False,False,False
seq_0010,18,64,numeric,0.001,,1,0.0,0.0,0.0,False,16,False,False,False,False
seq_0010,18,64,numeric,0.01,,1,0.03125,0.004013538360595703,0.0054378509521484375,True,16,True,True,True,True
seq_0010,18,64,numeric,0.1,,1,0.25,0.032109737396240234,0.043503761291503906,True,16,True,True,True,True
seq_0010,18,64,bitflip,,sign,1,5.0,0.6421966552734375,0.8700728416442871,True,16,True,True,True,True
seq_0010,18,64,bitflip,,exponent,1,2.5,0.32109832763671875,0.43503665924072266,True,16,True,True,True,True
seq_0010,18,64,bitflip,,mantissa,1,0.015625,0.002007007598876953,0.0027189254760742188,True,16,True,True,True,True
seq_0010,18,256,numeric,1e-06,,1,0.0,0.0,0.0,False,16,False,False,False,False
seq_0010,18,256,numeric,1e-05,,1,0.0,0.0,0.0,False,16,False,False,False,False
seq_0010,18,256,numeric,0.0001,,1,0.0,0.0,0.0,False,16,False,False,False,False
seq_0010,18,256,numeric,0.001,,1,0.0,0.0,0.0,False,16,False,False,False,False
seq_0010,18,256,numeric,0.01,,1,0.015625,0.0014023780822753906,0.0028484463691711426,True,16,True,True,True,True
seq_0010,18,256,numeric,0.1,,1,0.171875,0.015429019927978516,0.031332969665527344,True,16,True,True,True,True
seq_0010,18,256,bitflip,,sign,1,3.390625,0.30437421798706055,0.6181142330169678,True,16,True,True,True,True
seq_0010,18,256,bitflip,,exponent,1,nan,nan,nan,False,16,True,True,True,True
seq_0010,18,256,bitflip,,mantissa,1,0.0078125,0.0007014274597167969,0.0014242231845855713,True,16,True,True,True,True
seq_0011,31,64,numeric,1e-06,,1,0.0,0.0,0.0,False,16,False,False,False,False
seq_0011,31,64,numeric,1e-05,,1,0.0,0.0,0.0,False,16,False,False,False,False
seq_0011,31,64,numeric,0.0001,,1,0.0,0.0,0.0,False,16,False,False,False,False
seq_0011,31,64,numeric,0.001,,1,0.0,0.0,0.0,False,16,False,False,False,False
seq_0011,31,64,numeric,0.01,,1,0.0009765625,0.00013875961303710938,0.00016641616821289062,True,16,True,True,True,True
seq_0011,31,64,numeric,0.1,,1,0.00830078125,0.0011868476867675781,0.0014162063598632812,True,16,True,True,True,True
seq_0011,31,64,bitflip,,sign,1,0.1611328125,0.02303171157836914,0.027482986450195312,True,16,True,True,True,True
seq_0011,31,64,bitflip,,exponent,1,2.741532741306389e+37,3.918761507307689e+36,4.6760100235497747e+36,True,16,True,True,True,True
seq_0011,31,64,bitflip,,mantissa,1,0.00048828125,6.914138793945312e-05,8.296966552734375e-05,True,16,True,True,True,True
seq_0011,31,256,numeric,1e-06,,1,0.0,0.0,0.0,False,16,False,False,False,False
seq_0011,31,256,numeric,1e-05,,1,0.0,0.0,0.0,False,16,False,False,False,False
seq_0011,31,256,numeric,0.0001,,1,0.0,0.0,0.0,False,16,False,False,False,False
seq_0011,31,256,numeric,0.001,,1,0.0,0.0,0.0,False,16,False,False,False,False
seq_0011,31,256,numeric,0.01,,1,0.00390625,0.00044536590576171875,0.0007829666137695312,True,16,True,True,True,True
seq_0011,31,256,numeric,0.1,,1,0.03515625,0.004005908966064453,0.0070400238037109375,True,16,True,True,True,True
seq_0011,31,256,bitflip,,sign,1,0.70703125,0.08055782318115234,0.1415863037109375,True,16,True,True,True,True
seq_0011,31,256,bitflip,,exponent,1,1.2029513361853489e+38,1.3706199570088681e+37,2.4089684092883137e+37,True,16,True,True,True,True
seq_0011,31,256,bitflip,,mantissa,1,0.001953125,0.00022268295288085938,0.0003910064697265625,True,16,True,True,True,True
seq_0012,4,64,numeric,1e-06,,4,0.0,0.0,0.0,False,16,False,False,False,False
seq_0012,4,64,numeric,1e-05,,4,0.0,0.0,0.0,False,16,False,False,False,False
seq_0012,4,64,numeric,0.0001,,4,0.0,0.0,0.0,False,16,False,False,False,False
seq_0012,4,64,numeric,0.001,,4,0.0,0.0,0.0,False,16,False,False,False,False
seq_0012,4,64,numeric,0.01,,4,0.00390625,0.0006635189056396484,0.0012084245681762695,True,16,True,True,True,True
seq_0012,4,64,numeric,0.1,,4,0.033203125,0.005640268325805664,0.009079426527023315,True,16,True,True,True,True
seq_0012,4,64,bitflip,,sign,4,0.66796875,0.11346864700317383,0.2066422700881958,True,16,True,True,True,True
seq_0012,4,64,bitflip,,exponent,4,1.136489936396103e+38,1.9305708901537224e+37,inf,True,16,True,True,True,True
seq_0012,4,64,bitflip,,mantissa,4,0.001953125,0.0003317594528198242,0.0006042122840881348,True,16,True,True,True,True
seq_0012,4,256,numeric,1e-06,,4,0.0,0.0,0.0,False,16,False,False,False,False
seq_0012,4,256,numeric,1e-05,,4,0.0,0.0,0.0,False,16,False,False,False,False
seq_0012,4,256,numeric,0.0001,,4,0.0,0.0,0.0,False,16,False,False,False,False
seq_0012,4,256,numeric,0.001,,4,0.0,0.0,0.0,False,16,False,False,False,False
seq_0012,4,256,numeric,0.01,,4,0.0009765625,9.226799011230469e-05,0.00017404556274414062,True,16,True,True,True,True
seq_0012,4,256,numeric,0.1,,4,0.00927734375,0.0008780956268310547,0.001652836799621582,True,16,True,True,True,True
seq_0012,4,256,bitflip,,sign,4,0.18359375,0.017368555068969727,0.03270864486694336,True,16,True,True,True,True
seq_0012,4,256,bitflip,,exponent,4,3.1236857900945523e+37,2.955105246782241e+36,5.565088814700546e+36,True,16,True,True,True,True
seq_0012,4,256,bitflip,,mantissa,4,0.00048828125,4.673004150390625e-05,8.702278137207031e-05,True,16,True,True,True,True
seq_0013,18,64,numeric,1e-06,,7,0.0,0.0,0.0,False,16,False,False,False,False
seq_0013,18,64,numeric,1e-05,,7,0.0,0.0,0.0,False,16,False,False,False,False
seq_0013,18,64,numeric,0.0001,,7,0.0,0.0,0.0,False,16,False,False,False,False
seq_0013,18,64,numeric,0.001,,7,0.0,0.0,0.0,False,16,False,False,False,False
seq_0013,18,64,numeric,0.01,,7,0.015625,0.0009548664093017578,0.00244903564453125,True,16,True,True,True,True
seq_0013,18,64,numeric,0.1,,7,0.1953125,0.011935949325561523,0.03061532974243164,True,16,True,True,True,True
seq_0013,18,64,bitflip,,sign,7,3.890625,0.23776483535766602,0.6098599433898926,True,16,True,True,True,True
seq_0013,18,64,bitflip,,exponent,7,nan,nan,nan,False,16,True,True,True,True
seq_0013,18,64,bitflip,,mantissa,7,0.0078125,0.0004773139953613281,0.001224517822265625,True,16,True,True,True,True
seq_0013,18,256,numeric,1e-06,,7,0.0,0.0,0.0,False,16,False,False,False,False
seq_0013,18,256,numeric,1e-05,,7,0.0,0.0,0.0,False,16,False,False,False,False
seq_0013,18,256,numeric,0.0001,,7,0.0,0.0,0.0,False,16,False,False,False,False
seq_0013,18,256,numeric,0.001,,7,0.0,0.0,0.0,False,16,False,False,False,False
seq_0013,18,256,numeric,0.01,,7,0.0078125,0.0005965232849121094,0.0010356903076171875,True,16,True,True,True,True
seq_0013,18,256,numeric,0.1,,7,0.07421875,0.0056629180908203125,0.009840011596679688,True,16,True,True,True,True
seq_0013,18,256,bitflip,,sign,7,1.4453125,0.11028337478637695,0.19162321090698242,True,16,True,True,True,True
seq_0013,18,256,bitflip,,exponent,7,2.4590717922020944e+38,1.876370206969884e+37,inf,True,16,True,True,True,True
seq_0013,18,256,bitflip,,mantissa,7,0.00390625,0.00029850006103515625,0.0005178451538085938,True,16,True,True,True,True
seq_0014,31,64,numeric,1e-06,,0,0.0,0.0,0.0,False,16,False,False,False,False
seq_0014,31,64,numeric,1e-05,,0,0.0,0.0,0.0,False,16,False,False,False,False
seq_0014,31,64,numeric,0.0001,,0,0.0,0.0,0.0,False,16,False,False,False,False
seq_0014,31,64,numeric,0.001,,0,0.0,0.0,0.0,False,16,False,False,False,False
seq_0014,31,64,numeric,0.01,,0,0.0078125,0.0021364688873291016,0.002255082130432129,True,16,True,True,True,True
seq_0014,31,64,numeric,0.1,,0,0.0625,0.017090797424316406,0.018040180206298828,True,16,True,True,True,True
seq_0014,31,64,bitflip,,sign,0,1.2734375,0.3482232093811035,0.36756908893585205,True,16,True,True,True,True
seq_0014,31,64,bitflip,,exponent,0,2.166641633129413e+38,inf,inf,False,16,True,True,True,True
seq_0014,31,64,bitflip,,mantissa,0,0.00390625,0.001068115234375,0.001127481460571289,True,16,True,True,True,True
seq_0014,31,256,numeric,1e-06,,0,0.0,0.0,0.0,False,16,False,False,False,False
seq_0014,31,256,numeric,1e-05,,0,0.0,0.0,0.0,False,16,False,False,False,False
seq_0014,31,256,numeric,0.0001,,0,0.0,0.0,0.0,False,16,False,False,False,False
seq_0014,31,256,numeric,0.001,,0,0.0,0.0,0.0,False,16,False,False,False,False
seq_0014,31,256,numeric,0.01,,0,0.0078125,0.002481698989868164,0.0022226572036743164,False,16,True,True,True,True
seq_0014,31,256,numeric,0.1,,0,0.07421875,0.023575305938720703,0.021115243434906006,False,16,True,True,True,True
seq_0014,31,256,bitflip,,sign,0,1.453125,0.4615788459777832,0.4134138822555542,False,16,True,True,True,True
seq_0014,31,256,bitflip,,exponent,0,2.4723640721599435e+38,inf,inf,False,16,True,True,True,True
seq_0014,31,256,bitflip,,mantissa,0,0.00390625,0.0012407302856445312,0.0011113286018371582,False,16,True,True,True,True
seq_0015,4,64,numeric,1e-06,,5,0.0,0.0,0.0,False,16,False,False,False,False
seq_0015,4,64,numeric,1e-05,,5,0.0,0.0,0.0,False,16,False,False,False,False
seq_0015,4,64,numeric,0.0001,,5,0.0,0.0,0.0,False,16,False,False,False,False
seq_0015,4,64,numeric,0.001,,5,0.0,0.0,0.0,False,16,False,False,False,False
seq_0015,4,64,numeric,0.01,,5,0.0625,0.0007658004760742188,0.0007715225219726562,True,16,True,True,True,True
seq_0015,4,64,numeric,0.1,,5,0.46875,0.005745410919189453,0.005785942077636719,True,16,True,True,True,True
seq_0015,4,64,bitflip,,sign,5,9.5,0.11644124984741211,0.11726140975952148,True,16,True,True,True,True
seq_0015,4,64,bitflip,,exponent,5,4.75,0.05822038650512695,0.05863046646118164,True,16,True,True,True,True
seq_0015,4,64,bitflip,,mantissa,5,0.03125,0.0003833770751953125,0.0003857612609863281,True,16,True,True,True,True
seq_0015,4,256,numeric,1e-06,,5,0.0,0.0,0.0,False,16,False,False,False,False
seq_0015,4,256,numeric,1e-05,,5,0.0,0.0,0.0,False,16,False,False,False,False
seq_0015,4,256,numeric,0.0001,,5,0.0,0.0,0.0,False,16,False,False,False,False
seq_0015,4,256,numeric,0.001,,5,0.0,0.0,0.0,False,16,False,False,False,False
seq_0015,4,256,numeric,0.01,,5,0.001953125,0.0001697540283203125,0.0004100799560546875,True,16,True,True,True,True
seq_0015,4,256,numeric,0.1,,5,0.017578125,0.0015292167663574219,0.003690004348754883,True,16,True,True,True,True
seq_0015,4,256,bitflip,,sign,5,0.359375,0.03126811981201172,0.07544064521789551,True,16,True,True,True,True
seq_0015,4,256,bitflip,,exponent,5,6.114448780610613e+37,5.320015191809022e+36,1.2835592349659136e+37,True,16,True,True,True,True
seq_0015,4,256,bitflip,,mantissa,5,0.0009765625,8.487701416015625e-05,0.00020503997802734375,True,16,True,True,True,True
seq_0016,18,64,numeric,1e-06,,1,0.0,0.0,0.0,False,16,False,False,False,False
seq_0016,18,64,numeric,1e-05,,1,0.0,0.0,0.0,False,16,False,False,False,False
seq_0016,18,64,numeric,0.0001,,1,0.0,0.0,0.0,False,16,False,False,False,False
seq_0016,18,64,numeric,0.001,,1,0.0,0.0,0.0,False,16,False,False,False,False
seq_0016,18,64,numeric,0.01,,1,0.0009765625,4.655122756958008e-05,7.855892181396484e-05,True,16,True,True,True,True
seq_0016,18,64,numeric,0.1,,1,0.01123046875,0.0005350708961486816,0.0009034872055053711,True,16,True,True,True,True
seq_0016,18,64,bitflip,,sign,1,0.2333984375,0.01112067699432373,0.018776237964630127,True,16,True,True,True,True
seq_0016,18,64,bitflip,,exponent,1,3.971068637407436e+37,1.892088789191329e+36,3.194613883538762e+36,True,16,True,True,True,True
seq_0016,18,64,bitflip,,mantissa,1,0.00048828125,2.3245811462402344e-05,3.927946090698242e-05,True,16,True,True,True,True
seq_0016,18,256,numeric,1e-06,,1,0.0,0.0,0.0,False,16,False,False,False,False
seq_0016,18,256,numeric,1e-05,,1,0.0,0.0,0.0,False,16,False,False,False,False
seq_0016,18,256,numeric,0.0001,,1,0.0,0.0,0.0,False,16,False,False,False,False
seq_0016,18,256,numeric,0.001,,1,0.0,0.0,0.0,False,16,False,False,False,False
seq_0016,18,256,numeric,0.01,,1,0.000244140625,3.591179847717285e-05,3.0875205993652344e-05,False,16,True,True,True,True
seq_0016,18,256,numeric,0.1,,1,0.003173828125,0.0004668235778808594,0.0004010200500488281,False,16,True,True,True,True
seq_0016,18,256,bitflip,,sign,1,0.06591796875,0.009695440530776978,0.00832986831665039,False,16,True,True,True,True
seq_0016,18,256,bitflip,,exponent,1,1.1215361214435228e+37,1.6495972121161455e+36,1.4172595163487902e+36,False,16,True,True,True,True
seq_0016,18,256,bitflip,,mantissa,1,0.000244140625,3.591179847717285e-05,3.0875205993652344e-05,False,16,True,True,True,True
seq_0017,31,64,numeric,1e-06,,1,0.0,0.0,0.0,False,16,False,False,False,False
seq_0017,31,64,numeric,1e-05,,1,0.0,0.0,0.0,False,16,False,False,False,False
seq_0017,31,64,numeric,0.0001,,1,0.0,0.0,0.0,False,16,False,False,False,False
seq_0017,31,64,numeric,0.001,,1,0.0,0.0,0.0,False,16,False,False,False,False
seq_0017,31,64,numeric,0.01,,1,0.0078125,0.0009765625,0.000911712646484375,False,16,True,True,True,True
seq_0017,31,64,numeric,0.1,,1,0.08984375,0.01122903823852539,0.010236740112304688,False,16,True,True,True,True
seq_0017,31,64,bitflip,,sign,1,1.828125,0.22849130630493164,0.20829296112060547,False,16,True,True,True,True
seq_0017,31,64,bitflip,,exponent,1,3.110393510136703e+38,inf,inf,False,16,True,True,True,True
seq_0017,31,64,bitflip,,mantissa,1,0.00390625,0.00048828125,0.0004558563232421875,False,16,True,True,True,True
seq_0017,31,256,numeric,1e-06,,1,0.0,0.0,0.0,False,16,False,False,False,False
seq_0017,31,256,numeric,1e-05,,1,0.0,0.0,0.0,False,16,False,False,False,False
seq_0017,31,256,numeric,0.0001,,1,0.0,0.0,0.0,False,16,False,False,False,False
seq_0017,31,256,numeric,0.001,,1,0.0,0.0,0.0,False,16,False,False,False,False
seq_0017,31,256,numeric,0.01,,1,0.00390625,0.00019168853759765625,0.00035953521728515625,True,16,True,True,True,True
seq_0017,31,256,numeric,0.1,,1,0.05859375,0.002872943878173828,0.0053806304931640625,True,16,True,True,True,True
seq_0017,31,256,bitflip,,sign,1,1.140625,0.055922508239746094,0.10475540161132812,True,16,True,True,True,True
seq_0017,31,256,bitflip,,exponent,1,1.940672873845977e+38,9.514713494259341e+36,2.264769857620792e+37,True,16,True,True,True,True
seq_0017,31,256,bitflip,,mantissa,1,0.00390625,0.00019168853759765625,0.00035953521728515625,True,16,True,True,True,True
seq_0018,4,64,numeric,1e-06,,4,0.0,0.0,0.0,False,16,False,False,False,False
seq_0018,4,64,numeric,1e-05,,4,0.0,0.0,0.0,False,16,False,False,False,False
seq_0018,4,64,numeric,0.0001,,4,0.0,0.0,0.0,False,16,False,False,False,False
seq_0018,4,64,numeric,0.001,,4,0.0,0.0,0.0,False,16,False,False,False,False
seq_0018,4,64,numeric,0.01,,4,0.000244140625,4.13060188293457e-05,5.0574541091918945e-05,True,16,True,True,True,True
seq_0018,4,64,numeric,0.1,,4,0.0020751953125,0.0003510713577270508,0.0004298985004425049,True,16,True,True,True,True
seq_0018,4,64,bitflip,,sign,4,0.04150390625,0.007021665573120117,0.00859794020652771,True,16,True,True,True,True
seq_0018,4,64,bitflip,,exponent,4,7.061523727607366e+36,1.1946743320179657e+36,1.4628665742748263e+36,True,16,True,True,True,True
seq_0018,4,64,bitflip,,mantissa,4,0.0001220703125,2.0623207092285156e-05,2.530217170715332e-05,True,16,True,True,True,True
seq_0018,4,256,numeric,1e-06,,4,0.0,0.0,0.0,False,16,False,False,False,False
seq_0018,4,256,numeric,1e-05,,4,0.0,0.0,0.0,False,16,False,False,False,False
seq_0018,4,256,numeric,0.0001,,4,0.0,0.0,0.0,False,16,False,False,False,False
seq_0018,4,256,numeric,0.001,,4,0.0,0.0,0.0,False,16,False,False,False,False
seq_0018,4,256,numeric,0.01,,4,0.0009765625,0.00026416778564453125,0.0002548694610595703,False,16,True,True,True,True
seq_0018,4,256,numeric,0.1,,4,0.0107421875,0.0029077529907226562,0.0028040409088134766,False,16,True,True,True,True
seq_0018,4,256,bitflip,,sign,4,0.2177734375,0.058948516845703125,0.05684375762939453,False,16,True,True,True,True
seq_0018,4,256,bitflip,,exponent,4,3.705223038250453e+37,1.002964267545155e+37,9.671441377694458e+36,False,16,True,True,True,True
seq_0018,4,256,bitflip,,mantissa,4,0.00048828125,0.00013208389282226562,0.00012755393981933594,False,16,True,True,True,True
seq_0019,18,64,numeric,1e-06,,7,0.0,0.0,0.0,False,16,False,False,False,False
seq_0019,18,64,numeric,1e-05,,7,0.0,0.0,0.0,False,16,False,False,False,False
seq_0019,18,64,numeric,0.0001,,7,0.0,0.0,0.0,False,16,False,False,False,False
seq_0019,18,64,numeric,0.001,,7,0.0,0.0,0.0,False,16,False,False,False,False
seq_0019,18,64,numeric,0.01,,7,0.03125,0.004984855651855469,0.009969234466552734,True,16,True,True,True,True
seq_0019,18,64,numeric,0.1,,7,0.390625,0.062310218811035156,0.1246194839477539,True,16,True,True,True,True
seq_0019,18,64,bitflip,,sign,7,7.71875,1.23124361038208,2.46248722076416,True,16,True,True,True,True
seq_0019,18,64,bitflip,,exponent,7,3.859375,0.6156220436096191,1.23124361038208,True,16,True,True,True,True
seq_0019,18,64,bitflip,,mantissa,7,0.015625,0.0024924278259277344,0.004984855651855469,True,16,True,True,True,True
seq_0019,18,256,numeric,1e-06,,7,0.0,0.0,0.0,False,16,False,False,False,False
seq_0019,18,256,numeric,1e-05,,7,0.0,0.0,0.0,False,16,False,False,False,False
seq_0019,18,256,numeric,0.0001,,7,0.0,0.0,0.0,False,16,False,False,False,False
seq_0019,18,256,numeric,0.001,,7,0.0,0.0,0.0,False,16,False,False,False,False
seq_0019,18,256,numeric,0.01,,7,0.0078125,0.00045859813690185547,0.0008307695388793945,True,16,True,True,True,True
seq_0019,18,256,numeric,0.1,,7,0.05859375,0.003439188003540039,0.006231069564819336,True,16,True,True,True,True
seq_0019,18,256,bitflip,,sign,7,1.171875,0.06878364086151123,0.12461972236633301,True,16,True,True,True,True
seq_0019,18,256,bitflip,,exponent,7,1.9938419936773738e+38,1.170293259419861e+37,2.0514551922770266e+37,True,16,True,True,True,True
seq_0019,18,256,bitflip,,mantissa,7,0.00390625,0.00022923946380615234,0.00041544437408447266,True,16,True,True,True,True
seq_0020,31,64,numeric,1e-06,,0,0.0,0.0,0.0,False,16,False,False,False,False
seq_0020,31,64,numeric,1e-05,,0,0.0,0.0,0.0,False,16,False,False,False,False
seq_0020,31,64,numeric,0.0001,,0,0.0,0.0,0.0,False,16,False,False,False,False
seq_0020,31,64,numeric,0.001,,0,0.0,0.0,0.0,False,16,False,False,False,False
seq_0020,31,64,numeric,0.01,,0,0.01171875,0.0013918876647949219,0.0017964839935302734,True,16,True,True,True,True
seq_0020,31,64,numeric,0.1,,0,0.09765625,0.011599063873291016,0.014970541000366211,True,16,True,True,True,True
seq_0020,31,64,bitflip,,sign,0,1.9921875,0.23661565780639648,0.30539941787719727,True,16,True,True,True,True
seq_0020,31,64,bitflip,,exponent,0,3.3895313892515355e+38,inf,inf,False,16,True,True,True,True
seq_0020,31,64,bitflip,,mantissa,0,0.00390625,0.0004639625549316406,0.0005986690521240234,True,16,True,True,True,True
seq_0020,31,256,numeric,1e-06,,0,0.0,0.0,0.0,False,16,False,False,False,False
seq_0020,31,256,numeric,1e-05,,0,0.0,0.0,0.0,False,16,False,False,False,False
seq_0020,31,256,numeric,0.0001,,0,0.0,0.0,0.0,False,16,False,False,False,False
seq_0020,31,256,numeric,0.001,,0,0.0,0.0,0.0,False,16,False,False,False,False
seq_0020,31,256,numeric,0.01,,0,0.00390625,0.0005178451538085938,0.0007982254028320312,True,16,True,True,True,True
seq_0020,31,256,numeric,0.1,,0,0.0390625,0.005178928375244141,0.007984161376953125,True,16,True,True,True,True
seq_0020,31,256,bitflip,,sign,0,0.796875,0.10565185546875,0.16287946701049805,True,16,True,True,True,True
seq_0020,31,256,bitflip,,exponent,0,1.3558125557006142e+38,1.7975703835934368e+37,2.658906261063033e+37,True,16,True,True,True,True
seq_0020,31,256,bitflip,,mantissa,0,0.001953125,0.0002589225769042969,0.00039958953857421875,True,16,True,True,True,True
seq_0021,4,64,numeric,1e-06,,5,0.0,0.0,0.0,False,16,False,False,False,False
seq_0021,4,64,numeric,1e-05,,5,0.0,0.0,0.0,False,16,False,False,False,False
seq_0021,4,64,numeric,0.0001,,5,0.0,0.0,0.0,False,16,False,False,False,False
seq_0021,4,64,numeric,0.001,,5,0.0,0.0,0.0,False,16,False,False,False,False
seq_0021,4,64,numeric,0.01,,5,0.000244140625,9.846687316894531e-05,8.58306884765625e-05,False,16,True,True,True,True
seq_0021,4,64,numeric,0.1,,5,0.002685546875,0.0010830163955688477,0.0009417533874511719,False,16,True,True,True,True
seq_0021,4,64,bitflip,,sign,5,0.0546875,0.022053897380828857,0.019183635711669922,False,16,True,True,True,True
seq_0021,4,64,bitflip,,exponent,5,9.304595970494411e+36,3.7522815878050155e+36,3.2639708508290494e+36,False,16,True,True,True,True
seq_0021,4,64,bitflip,,mantissa,5,0.0001220703125,4.9233436584472656e-05,4.291534423828125e-05,False,16,True,True,True,True
seq_0021,4,256,numeric,1e-06,,5,0.0,0.0,0.0,False,16,False,False,False,False
seq_0021,4,256,numeric,1e-05,,5,0.0,0.0,0.0,False,16,False,False,False,False
seq_0021,4,256,numeric,0.0001,,5,0.0,0.0,0.0,False,16,False,False,False,False
seq_0021,4,256,numeric,0.001,,5,0.0,0.0,0.0,False,16,False,False,False,False
seq_0021,4,256,numeric,0.01,,5,0.001953125,0.0004749298095703125,0.00046634674072265625,False,16,True,True,True,True
seq_0021,4,256,numeric,0.1,,5,0.0224609375,0.005459308624267578,0.005366802215576172,False,16,True,True,True,True
seq_0021,4,256,bitflip,,sign,5,0.44140625,0.10729169845581055,0.10546255111694336,False,16,True,True,True,True
seq_0021,4,256,bitflip,,exponent,5,7.510138176184775e+37,1.8254739086056606e+37,1.7943579034423384e+37,False,16,True,True,True,True
seq_0021,4,256,bitflip,,mantissa,5,0.0009765625,0.00023698806762695312,0.00023365020751953125,False,16,True,True,True,True
seq_0022,18,64,numeric,1e-06,,1,0.0,0.0,0.0,False,16,False,False,False,False
seq_0022,18,64,numeric,1e-05,,1,0.0,0.0,0.0,False,16,False,False,False,False
seq_0022,18,64,numeric,0.0001,,1,0.0,0.0,0.0,False,16,False,False,False,False
seq_0022,18,64,numeric,0.001,,1,0.0,0.0,0.0,False,16,False,False,False,False
seq_0022,18,64,numeric,0.01,,1,0.03125,0.005136013031005859,0.009840011596679688,True,16,True,True,True,True
seq_0022,18,64,numeric,0.1,,1,0.34375,0.05649423599243164,0.10824108123779297,True,16,True,True,True,True
seq_0022,18,64,bitflip,,sign,1,6.90625,1.1350221633911133,2.1746630668640137,True,16,True,True,True,True
seq_0022,18,64,bitflip,,exponent,1,3.453125,0.5675110816955566,1.087331771850586,True,16,True,True,True,True
seq_0022,18,64,bitflip,,mantissa,1,0.015625,0.0025682449340820312,0.004920005798339844,True,16,True,True,True,True
seq_0022,18,256,numeric,1e-06,,1,0.0,0.0,0.0,False,16,False,False,False,False
seq_0022,18,256,numeric,1e-05,,1,0.0,0.0,0.0,False,16,False,False,False,False
seq_0022,18,256,numeric,0.0001,,1,0.0,0.0,0.0,False,16,False,False,False,False
seq_0022,18,256,numeric,0.001,,1,0.0,0.0,0.0,False,16,False,False,False,False
seq_0022,18,256,numeric,0.01,,1,0.0078125,0.0008411407470703125,0.0010895729064941406,True,16,True,True,True,True
seq_0022,18,256,numeric,0.1,,1,0.0859375,0.009257793426513672,0.018158912658691406,True,16,True,True,True,True
seq_0022,18,256,bitflip,,sign,1,1.6953125,0.18262481689453125,0.35822486877441406,True,16,True,True,True,True
seq_0022,18,256,bitflip,,exponent,1,2.8844247508532674e+38,inf,inf,False,16,True,True,True,True
seq_0022,18,256,bitflip,,mantissa,1,0.00390625,0.0004210472106933594,0.0005450248718261719,True,16,True,True,True,True
seq_0023,31,64,numeric,1e-06,,1,0.0,0.0,0.0,False,16,False,False,False,False
seq_0023,31,64,numeric,1e-05,,1,0.0,0.0,0.0,False,16,False,False,False,False
seq_0023,31,64,numeric,0.0001,,1,0.0,0.0,0.0,False,16,False,False,False,False
seq_0023,31,64,numeric,0.001,,1,0.0,0.0,0.0,False,16,False,False,False,False
seq_0023,31,64,numeric,0.01,,1,0.0078125,0.00093841552734375,0.0015964508056640625,True,16,True,True,True,True
seq_0023,31,64,numeric,0.1,,1,0.0703125,0.008448600769042969,0.014371871948242188,True,16,True,True,True,True
seq_0023,31,64,bitflip,,sign,1,1.4296875,0.1717815399169922,0.2922248840332031,True,16,True,True,True,True
seq_0023,31,64,bitflip,,exponent,1,2.432487232286396e+38,2.9227040974404073e+37,inf,True,16,True,True,True,True
seq_0023,31,64,bitflip,,mantissa,1,0.00390625,0.000469207763671875,0.0007982254028320312,True,16,True,True,True,True
seq_0023,31,256,numeric,1e-06,,1,0.0,0.0,0.0,False,16,False,False,False,False
seq_0023,31,256,numeric,1e-05,,1,0.0,0.0,0.0,False,16,False,False,False,False
seq_0023,31,256,numeric,0.0001,,1,0.0,0.0,0.0,False,16,False,False,False,False
seq_0023,31,256,numeric,0.001,,1,0.0,0.0,0.0,False,16,False,False,False,False
seq_0023,31,256,numeric,0.01,,1,0.0009765625,3.1948089599609375e-05,0.00011324882507324219,True,16,True,True,True,True
seq_0023,31,256,numeric,0.1,,1,0.0087890625,0.0002803802490234375,0.0010197162628173828,True,16,True,True,True,True
seq_0023,31,256,bitflip,,sign,1,0.171875,0.005488872528076172,0.019939184188842773,True,16,True,True,True,True
seq_0023,31,256,bitflip,,exponent,1,2.924301590726815e+37,9.339399159267352e+35,3.392473542912135e+36,True,16,True,True,True,True
seq_0023,31,256,bitflip,,mantissa,1,0.00048828125,1.621246337890625e-05,5.6624412536621094e-05,True,16,False,True,True,True
seq_0024,4,64,numeric,1e-06,,4,0.0,0.0,0.0,False,16,False,False,False,False
seq_0024,4,64,numeric,1e-05,,4,0.0,0.0,0.0,False,16,False,False,False,False
seq_0024,4,64,numeric,0.0001,,4,0.0,0.0,0.0,False,16,False,False,False,False
seq_0024,4,64,numeric,0.001,,4,0.0,0.0,0.0,False,16,False,False,False,False
seq_0024,4,64,numeric,0.01,,4,0.015625,0.00289154052734375,0.0028269290924072266,False,16,True,True,True,True
seq_0024,4,64,numeric,0.1,,4,0.234375,0.04337334632873535,0.042403221130371094,False,16,True,True,True,True
seq_0024,4,64,bitflip,,sign,4,4.59375,0.8501343727111816,0.8311007022857666,False,16,True,True,True,True
seq_0024,4,64,bitflip,,exponent,4,2.296875,0.4250669479370117,0.41555023193359375,False,16,True,True,True,True
seq_0024,4,64,bitflip,,mantissa,4,0.015625,0.00289154052734375,0.0028269290924072266,False,16,True,True,True,True
seq_0024,4,256,numeric,1e-06,,4,0.0,0.0,0.0,False,16,False,False,False,False
seq_0024,4,256,numeric,1e-05,,4,0.0,0.0,0.0,False,16,False,False,False,False
seq_0024,4,256,numeric,0.0001,,4,0.0,0.0,0.0,False,16,False,False,False,False
seq_0024,4,256,numeric,0.001,,4,0.0,0.0,0.0,False,16,False,False,False,False
seq_0024,4,256,numeric,0.01,,4,0.001953125,0.00026166439056396484,0.0003197193145751953,True,16,True,True,True,True
seq_0024,4,256,numeric,0.1,,4,0.0185546875,0.00248563289642334,0.0030364990234375,True,16,True,True,True,True
seq_0024,4,256,bitflip,,sign,4,0.380859375,0.05102133750915527,0.06233012676239014,True,16,True,True,True,True
seq_0024,4,256,bitflip,,exponent,4,6.479986479451465e+37,8.680822505814806e+36,1.0604922166419423e+37,True,16,True,True,True,True
seq_0024,4,256,bitflip,,mantissa,4,0.0009765625,0.0001308917999267578,0.00015974044799804688,True,16,True,True,True,True
seq_0025,18,64,numeric,1e-06,,7,0.0,0.0,0.0,False,16,False,False,False,False
seq_0025,18,64,numeric,1e-05,,7,0.0,0.0,0.0,False,16,False,False,False,False
seq_0025,18,64,numeric,0.0001,,7,0.0,0.0,0.0,False,16,False,False,False,False
seq_0025,18,64,numeric,0.001,,7,0.0,0.0,0.0,False,16,False,False,False,False
seq_0025,18,64,numeric,0.01,,7,0.015625,0.0019636154174804688,0.0025358200073242188,True,16,True,True,True,True
seq_0025,18,64,numeric,0.1,,7,0.140625,0.017673492431640625,0.022819995880126953,True,16,True,True,True,True
seq_0025,18,64,bitflip,,sign,7,2.8125,0.3534674644470215,0.45639944076538086,True,16,True,True,True,True
seq_0025,18,64,bitflip,,exponent,7,nan,nan,nan,False,16,True,True,True,True
seq_0025,18,64,bitflip,,mantissa,7,0.0078125,0.0009818077087402344,0.0012679100036621094,True,16,True,True,True,True
seq_0025,18,256,numeric,1e-06,,7,0.0,0.0,0.0,False,16,False,False,False,False
seq_0025,18,256,numeric,1e-05,,7,0.0,0.0,0.0,False,16,False,False,False,False
seq_0025,18,256,numeric,0.0001,,7,0.0,0.0,0.0,False,16,False,False,False,False
seq_0025,18,256,numeric,0.001,,7,0.0,0.0,0.0,False,16,False,False,False,False
seq_0025,18,256,numeric,0.01,,7,0.00390625,0.0006177127361297607,0.0010142326354980469,True,16,True,True,True,True
seq_0025,18,256,numeric,0.1,,7,0.033203125,0.005250483751296997,0.008620977401733398,True,16,True,True,True,True
seq_0025,18,256,bitflip,,sign,7,0.67578125,0.10686284303665161,0.1754603385925293,True,16,True,True,True,True
seq_0025,18,256,bitflip,,exponent,7,1.1497822163539522e+38,1.8181768046905068e+37,2.540683644905028e+37,True,16,True,True,True,True
seq_0025,18,256,bitflip,,mantissa,7,0.001953125,0.0003088712692260742,0.0005071163177490234,True,16,True,True,True,True
seq_0026,31,64,numeric,1e-06,,0,0.0,0.0,0.0,False,16,False,False,False,False
seq_0026,31,64,numeric,1e-05,,0,0.0,0.0,0.0,False,16,False,False,False,False
seq_0026,31,64,numeric,0.0001,,0,0.0,0.0,0.0,False,16,False,False,False,False
seq_0026,31,64,numeric,0.001,,0,0.0,0.0,0.0,False,16,False,False,False,False
seq_0026,31,64,numeric,0.01,,0,0.015625,0.0011110305786132812,0.0037980079650878906,True,16,True,True,True,True
seq_0026,31,64,numeric,0.1,,0,0.1875,0.013335704803466797,0.045575618743896484,True,16,True,True,True,True
seq_0026,31,64,bitflip,,sign,0,3.71875,0.2644963264465332,0.9039087295532227,True,16,True,True,True,True
seq_0026,31,64,bitflip,,exponent,0,nan,nan,nan,False,16,True,True,True,True
seq_0026,31,64,bitflip,,mantissa,0,0.0078125,0.0005555152893066406,0.0018992424011230469,True,16,True,True,True,True
seq_0026,31,256,numeric,1e-06,,0,0.0,0.0,0.0,False,16,False,False,False,False
seq_0026,31,256,numeric,1e-05,,0,0.0,0.0,0.0,False,16,False,False,False,False
seq_0026,31,256,numeric,0.0001,,0,0.0,0.0,0.0,False,16,False,False,False,False
seq_0026,31,256,numeric,0.001,,0,0.0,0.0,0.0,False,16,False,False,False,False
seq_0026,31,256,numeric,0.01,,0,0.0234375,0.001391768455505371,0.004127010703086853,True,16,True,True,True,True
seq_0026,31,256,numeric,0.1,,0,0.1953125,0.011598825454711914,0.034391820430755615,True,16,True,True,True,True
seq_0026,31,256,bitflip,,sign,0,3.921875,0.2329040765762329,0.6905878782272339,True,16,True,True,True,True
seq_0026,31,256,bitflip,,exponent,0,nan,nan,nan,False,16,True,True,True,True
seq_0026,31,256,bitflip,,mantissa,0,0.0078125,0.0004639625549316406,0.0013756752014160156,True,16,True,True,True,True
seq_0027,4,64,numeric,1e-06,,5,0.0,0.0,0.0,False,16,False,False,False,False
seq_0027,4,64,numeric,1e-05,,5,0.0,0.0,0.0,False,16,False,False,False,False
seq_0027,4,64,numeric,0.0001,,5,0.0,0.0,0.0,False,16,False,False,False,False
seq_0027,4,64,numeric,0.001,,5,0.0,0.0,0.0,False,16,False,False,False,False
seq_0027,4,64,numeric,0.01,,5,0.00390625,0.0016078948974609375,0.0018448829650878906,True,16,True,True,True,True
seq_0027,4,64,numeric,0.1,,5,0.03125,0.012861251831054688,0.02045726776123047,True,16,True,True,True,True
seq_0027,4,64,bitflip,,sign,5,0.61328125,0.25240087509155273,0.40146970748901367,True,16,True,True,True,True
seq_0027,4,64,bitflip,,exponent,5,1.043443976691159e+38,inf,inf,False,16,True,True,True,True
seq_0027,4,64,bitflip,,mantissa,5,0.001953125,0.0008039474487304688,0.001277923583984375,True,16,True,True,True,True
seq_0027,4,256,numeric,1e-06,,5,0.0,0.0,0.0,False,16,False,False,False,False
seq_0027,4,256,numeric,1e-05,,5,0.0,0.0,0.0,False,16,False,False,False,False
seq_0027,4,256,numeric,0.0001,,5,0.0,0.0,0.0,False,16,False,False,False,False
seq_0027,4,256,numeric,0.001,,5,0.0,0.0,0.0,False,16,False,False,False,False
seq_0027,4,256,numeric,0.01,,5,0.015625,0.0005350112915039062,0.002416849136352539,True,16,True,True,True,True
seq_0027,4,256,numeric,0.1,,5,0.15625,0.005341529846191406,0.024168670177459717,True,16,True,True,True,True
seq_0027,4,256,bitflip,,sign,5,3.0625,0.10468006134033203,0.47370630502700806,True,16,True,True,True,True
seq_0027,4,256,bitflip,,exponent,5,nan,nan,nan,False,16,True,True,True,True
seq_0027,4,256,bitflip,,mantissa,5,0.0078125,0.00026702880859375,0.0012084245681762695,True,16,True,True,True,True
seq_0028,18,64,numeric,1e-06,,1,0.0,0.0,0.0,False,16,False,False,False,False
seq_0028,18,64,numeric,1e-05,,1,0.0,0.0,0.0,False,16,False,False,False,False
seq_0028,18,64,numeric,0.0001,,1,0.0,0.0,0.0,False,16,False,False,False,False
seq_0028,18,64,numeric,0.001,,1,0.0,0.0,0.0,False,16,False,False,False,False
seq_0028,18,64,numeric,0.01,,1,0.015625,0.0011329054832458496,0.00289154052734375,True,16,True,True,True,True
seq_0028,18,64,numeric,0.1,,1,0.1328125,0.009629666805267334,0.02457904815673828,True,16,True,True,True,True
seq_0028,18,64,bitflip,,sign,1,2.671875,0.19372716546058655,0.49446582794189453,True,16,True,True,True,True
seq_0028,18,64,bitflip,,exponent,1,nan,nan,nan,False,16,True,True,True,True
seq_0028,18,64,bitflip,,mantissa,1,0.0078125,0.0005664229393005371,0.001445770263671875,True,16,True,True,True,True
seq_0028,18,256,numeric,1e-06,,1,0.0,0.0,0.0,False,16,False,False,False,False
seq_0028,18,256,numeric,1e-05,,1,0.0,0.0,0.0,False,16,False,False,False,False
seq_0028,18,256,numeric,0.0001,,1,0.0,0.0,0.0,False,16,False,False,False,False
seq_0028,18,256,numeric,0.001,,1,0.0,0.0,0.0,False,16,False,False,False,False
seq_0028,18,256,numeric,0.01,,1,0.000732421875,9.006261825561523e-05,0.00017547607421875,True,16,True,True,True,True
seq_0028,18,256,numeric,0.1,,1,0.00634765625,0.0007802248001098633,0.0015158653259277344,True,16,True,True,True,True
seq_0028,18,256,bitflip,,sign,1,0.125,0.015364408493041992,0.029865741729736328,True,16,True,True,True,True
seq_0028,18,256,bitflip,,exponent,1,2.1267647932558654e+37,2.6141138904864983e+36,5.081367289810056e+36,True,16,True,True,True,True
seq_0028,18,256,bitflip,,mantissa,1,0.00048828125,6.002187728881836e-05,0.00011587142944335938,True,16,True,True,True,True
seq_0029,31,64,numeric,1e-06,,1,0.0,0.0,0.0,False,16,False,False,False,False
seq_0029,31,64,numeric,1e-05,,1,0.0,0.0,0.0,False,16,False,False,False,False
seq_0029,31,64,numeric,0.0001,,1,0.0,0.0,0.0,False,16,False,False,False,False
seq_0029,31,64,numeric,0.001,,1,0.0,0.0,0.0,False,16,False,False,False,False
seq_0029,31,64,numeric,0.01,,1,0.03125,0.008200645446777344,0.0120849609375,True,16,True,True,True,True
seq_0029,31,64,numeric,0.1,,1,0.296875,0.07790088653564453,0.11480140686035156,True,16,True,True,True,True
seq_0029,31,64,bitflip,,sign,1,6.03125,1.5826172828674316,2.3322787284851074,True,16,True,True,True,True
seq_0029,31,64,bitflip,,exponent,1,3.015625,0.7913084030151367,1.1661396026611328,True,16,True,True,True,True
seq_0029,31,64,bitflip,,mantissa,1,0.015625,0.004100799560546875,0.00604248046875,True,16,True,True,True,True
seq_0029,31,256,numeric,1e-06,,1,0.0,0.0,0.0,False,16,False,False,False,False
seq_0029,31,256,numeric,1e-05,,1,0.0,0.0,0.0,False,16,False,False,False,False
seq_0029,31,256,numeric,0.0001,,1,0.0,0.0,0.0,False,16,False,False,False,False
seq_0029,31,256,numeric,0.001,,1,0.0,0.0,0.0,False,16,False,False,False,False
seq_0029,31,256,numeric,0.01,,1,0.00390625,0.00029277801513671875,0.00030422210693359375,True,16,True,True,True,True
seq_0029,31,256,numeric,0.1,,1,0.0390625,0.0029268264770507812,0.0030345916748046875,True,16,True,True,True,True
seq_0029,31,256,bitflip,,sign,1,0.79296875,0.059411048889160156,0.06160259246826172,True,16,True,True,True,True
seq_0029,31,256,bitflip,,exponent,1,1.3491664157216896e+38,1.010835046739442e+37,1.0481008686421814e+37,True,16,True,True,True,True
seq_0029,31,256,bitflip,,mantissa,1,0.001953125,0.00014591217041015625,0.00015163421630859375,True,16,True,True,True,True
seq_0030,4,64,numeric,1e-06,,4,0.0,0.0,0.0,False,16,False,False,False,False
seq_0030,4,64,numeric,1e-05,,4,0.0,0.0,0.0,False,16,False,False,False,False
seq_0030,4,64,numeric,0.0001,,4,0.0,0.0,0.0,False,16,False,False,False,False
seq_0030,4,64,numeric,0.001,,4,0.0,0.0,0.0,False,16,False,False,False,False
seq_0030,4,64,numeric,0.01,,4,0.015625,0.0014674663543701172,0.003366231918334961,True,16,True,True,True,True
seq_0030,4,64,numeric,0.1,,4,0.171875,0.016141176223754883,0.03702998161315918,True,16,True,True,True,True
seq_0030,4,64,bitflip,,sign,4,3.453125,0.3242921829223633,0.7439639568328857,True,16,True,True,True,True
seq_0030,4,64,bitflip,,exponent,4,nan,nan,nan,False,16,True,True,True,True
seq_0030,4,64,bitflip,,mantissa,4,0.0078125,0.0007336139678955078,0.0016832351684570312,True,16,True,True,True,True
seq_0030,4,256,numeric,1e-06,,4,0.0,0.0,0.0,False,16,False,False,False,False
seq_0030,4,256,numeric,1e-05,,4,0.0,0.0,0.0,False,16,False,False,False,False
seq_0030,4,256,numeric,0.0001,,4,0.0,0.0,0.0,False,16,False,False,False,False
seq_0030,4,256,numeric,0.001,,4,0.0,0.0,0.0,False,16,False,False,False,False
seq_0030,4,256,numeric,0.01,,4,0.015625,0.004661083221435547,0.00226593017578125,False,16,True,True,True,True
seq_0030,4,256,numeric,0.1,,4,0.1171875,0.0349581241607666,0.01699352264404297,False,16,True,True,True,True
seq_0030,4,256,bitflip,,sign,4,2.40625,0.7178099155426025,0.3489353656768799,False,16,True,True,True,True
seq_0030,4,256,bitflip,,exponent,4,nan,nan,nan,False,16,True,True,True,True
seq_0030,4,256,bitflip,,mantissa,4,0.0078125,0.0023305416107177734,0.001132965087890625,False,16,True,True,True,True
seq_0031,18,64,numeric,1e-06,,7,0.0,0.0,0.0,False,16,False,False,False,False
seq_0031,18,64,numeric,1e-05,,7,0.0,0.0,0.0,False,16,False,False,False,False
seq_0031,18,64,numeric,0.0001,,7,0.0,0.0,0.0,False,16,False,False,False,False
seq_0031,18,64,numeric,0.001,,7,0.0,0.0,0.0,False,16,False,False,False,False
seq_0031,18,64,numeric,0.01,,7,0.0078125,0.0007984638214111328,0.0013539791107177734,True,16,True,True,True,True
seq_0031,18,64,numeric,0.1,,7,0.078125,0.007984399795532227,0.013540983200073242,True,16,True,True,True,True
seq_0031,18,64,bitflip,,sign,7,1.5703125,0.16048431396484375,0.2721726894378662,True,16,True,True,True,True
seq_0031,18,64,bitflip,,exponent,7,2.671748271527681e+38,2.7305006316627228e+37,2.914993992959699e+37,True,16,True,True,True,True
seq_0031,18,64,bitflip,,mantissa,7,0.00390625,0.0003991127014160156,0.0006771087646484375,True,16,True,True,True,True
seq_0031,18,256,numeric,1e-06,,7,0.0,0.0,0.0,False,16,False,False,False,False
seq_0031,18,256,numeric,1e-05,,7,0.0,0.0,0.0,False,16,False,False,False,False
seq_0031,18,256,numeric,0.0001,,7,0.0,0.0,0.0,False,16,False,False,False,False
seq_0031,18,256,numeric,0.001,,7,0.0,0.0,0.0,False,16,False,False,False,False
seq_0031,18,256,numeric,0.01,,7,0.0078125,0.0022225379943847656,0.0030426979064941406,True,16,True,True,True,True
seq_0031,18,256,numeric,0.1,,7,0.109375,0.03111720085144043,0.042597293853759766,True,16,True,True,True,True
seq_0031,18,256,bitflip,,sign,7,2.1875,0.6223440170288086,0.8519454002380371,True,16,True,True,True,True
seq_0031,18,256,bitflip,,exponent,7,nan,nan,nan,False,16,True,True,True,True
seq_0031,18,256,bitflip,,mantissa,7,0.0078125,0.002222776412963867,0.0030426979064941406,True,16,True,True,True,True
seq_0032,31,64,numeric,1e-06,,0,0.0,0.0,0.0,False,16,False,False,False,False
seq_0032,31,64,numeric,1e-05,,0,0.0,0.0,0.0,False,16,False,False,False,False
seq_0032,31,64,numeric,0.0001,,0,0.0,0.0,0.0,False,16,False,False,False,False
seq_0032,31,64,numeric,0.001,,0,0.0,0.0,0.0,False,16,False,False,False,False
seq_0032,31,64,numeric,0.01,,0,0.00390625,0.00020456314086914062,0.0007176399230957031,True,16,True,True,True,True
seq_0032,31,64,numeric,0.1,,0,0.0390625,0.0020503997802734375,0.007174968719482422,True,16,True,True,True,True
seq_0032,31,64,bitflip,,sign,0,0.78125,0.0410003662109375,0.14350175857543945,True,16,True,True,True,True
seq_0032,31,64,bitflip,,exponent,0,1.3292279957849159e+38,6.975865407423444e+36,2.4415531144370603e+37,True,16,True,True,True,True
seq_0032,31,64,bitflip,,mantissa,0,0.001953125,0.00010251998901367188,0.00035858154296875,True,16,True,True,True,True
seq_0032,31,256,numeric,1e-06,,0,0.0,0.0,0.0,False,16,False,False,False,False
seq_0032,31,256,numeric,1e-05,,0,0.0,0.0,0.0,False,16,False,False,False,False
seq_0032,31,256,numeric,0.0001,,0,0.0,0.0,0.0,False,16,False,False,False,False
seq_0032,31,256,numeric,0.001,,0,0.0,0.0,0.0,False,16,False,False,False,False
seq_0032,31,256,numeric,0.01,,0,0.0078125,0.0007390975952148438,0.0010900497436523438,True,16,True,True,True,True
seq_0032,31,256,numeric,0.1,,0,0.0625,0.0059125423431396484,0.008718013763427734,True,16,True,True,True,True
seq_0032,31,256,bitflip,,sign,0,1.2734375,0.12047100067138672,0.19961309432983398,True,16,True,True,True,True
seq_0032,31,256,bitflip,,exponent,0,2.166641633129413e+38,2.0497112853462926e+37,1.847732458730008e+37,False,16,True,True,True,True
seq_0032,31,256,bitflip,,mantissa,0,0.00390625,0.0003693103790283203,0.0005445480346679688,True,16,True,True,True,True
seq_0033,4,64,numeric,1e-06,,5,0.0,0.0,0.0,False,16,False,False,False,False
seq_0033,4,64,numeric,1e-05,,5,0.0,0.0,0.0,False,16,False,False,False,False
seq_0033,4,64,numeric,0.0001,,5,0.0,0.0,0.0,False,16,False,False,False,False
seq_0033,4,64,numeric,0.001,,5,0.0,0.0,0.0,False,16,False,False,False,False
seq_0033,4,64,numeric,0.01,,5,0.00390625,0.0006203651428222656,0.0007333755493164062,True,16,True,True,True,True
seq_0033,4,64,numeric,0.1,,5,0.04296875,0.006824493408203125,0.007121086120605469,True,16,True,True,True,True
seq_0033,4,64,bitflip,,sign,5,0.84765625,0.1346268653869629,0.16155242919921875,True,16,True,True,True,True
seq_0033,4,64,bitflip,,exponent,5,1.4422123754266337e+38,2.2905622373233957e+37,2.390151910838766e+37,True,16,True,True,True,True
seq_0033,4,64,bitflip,,mantissa,5,0.001953125,0.00030994415283203125,0.00032329559326171875,True,16,True,True,True,True
seq_0033,4,256,numeric,1e-06,,5,0.0,0.0,0.0,False,16,False,False,False,False
seq_0033,4,256,numeric,1e-05,,5,0.0,0.0,0.0,False,16,False,False,False,False
seq_0033,4,256,numeric,0.0001,,5,0.0,0.0,0.0,False,16,False,False,False,False
seq_0033,4,256,numeric,0.001,,5,0.0,0.0,0.0,False,16,False,False,False,False
seq_0033,4,256,numeric,0.01,,5,0.015625,0.0009493827819824219,0.0023412704467773438,True,16,True,True,True,True
seq_0033,4,256,numeric,0.1,,5,0.125,0.007596015930175781,0.018730640411376953,True,16,True,True,True,True
seq_0033,4,256,bitflip,,sign,5,2.453125,0.14906930923461914,0.36759042739868164,True,16,True,True,True,True
seq_0033,4,256,bitflip,,exponent,5,nan,nan,nan,False,16,True,True,True,True
seq_0033,4,256,bitflip,,mantissa,5,0.0078125,0.0004749298095703125,0.0011706352233886719,True,16,True,True,True,True
seq_0034,18,64,numeric,1e-06,,1,0.0,0.0,0.0,False,16,False,False,False,False
seq_0034,18,64,numeric,1e-05,,1,0.0,0.0,0.0,False,16,False,False,False,False
seq_0034,18,64,numeric,0.0001,,1,0.0,0.0,0.0,False,16,False,False,False,False
seq_0034,18,64,numeric,0.001,,1,0.0,0.0,0.0,False,16,False,False,False,False
seq_0034,18,64,numeric,0.01,,1,0.015625,0.009020090103149414,0.007164478302001953,False,16,True,True,True,True
seq_0034,18,64,numeric,0.1,,1,0.125,0.07216084003448486,0.05731391906738281,False,16,True,True,True,True
seq_0034,18,64,bitflip,,sign,1,2.546875,1.4702764749526978,1.1677789688110352,False,16,True,True,True,True
seq_0034,18,64,bitflip,,exponent,1,nan,nan,nan,False,16,True,True,True,True
seq_0034,18,64,bitflip,,mantissa,1,0.0078125,0.004510045051574707,0.003582000732421875,False,16,True,True,True,True
seq_0034,18,256,numeric,1e-06,,1,0.0,0.0,0.0,False,16,False,False,False,False
seq_0034,18,256,numeric,1e-05,,1,0.0,0.0,0.0,False,16,False,False,False,False
seq_0034,18,256,numeric,0.0001,,1,0.0,0.0,0.0,False,16,False,False,False,False
seq_0034,18,256,numeric,0.001,,1,0.0,0.0,0.0,False,16,False,False,False,False
seq_0034,18,256,numeric,0.01,,1,0.0078125,0.0022449493408203125,0.002437591552734375,True,16,True,True,True,True
seq_0034,18,256,numeric,0.1,,1,0.07421875,0.02131938934326172,0.023164749145507812,True,16,True,True,True,True
seq_0034,18,256,bitflip,,sign,1,1.4609375,0.41967010498046875,0.4559898376464844,True,16,True,True,True,True
seq_0034,18,256,bitflip,,exponent,1,2.4856563521177927e+38,inf,2.317180618157108e+37,False,16,True,True,True,True
seq_0034,18,256,bitflip,,mantissa,1,0.00390625,0.00112152099609375,0.0012187957763671875,True,16,True,True,True,True
seq_0035,31,64,numeric,1e-06,,1,0.0,0.0,0.0,False,16,False,False,False,False
seq_0035,31,64,numeric,1e-05,,1,0.0,0.0,0.0,False,16,False,False,False,False
seq_0035,31,64,numeric,0.0001,,1,0.0,0.0,0.0,False,16,False,False,False,False
seq_0035,31,64,numeric,0.001,,1,0.0,0.0,0.0,False,16,False,False,False,False
seq_0035,31,64,numeric,0.01,,1,0.0009765625,0.00012969970703125,0.00018596649169921875,True,16,True,True,True,True
seq_0035,31,64,numeric,0.1,,1,0.009765625,0.0012884140014648438,0.001861572265625,True,16,True,True,True,True
seq_0035,31,64,bitflip,,sign,1,0.193359375,0.02550220489501953,0.03685188293457031,True,16,True,True,True,True
seq_0035,31,64,bitflip,,exponent,1,3.289839289567667e+37,4.339034267442905e+36,6.270018538457362e+36,True,16,True,True,True,True
seq_0035,31,64,bitflip,,mantissa,1,0.00048828125,6.4849853515625e-05,9.34600830078125e-05,True,16,True,True,True,True
seq_0035,31,256,numeric,1e-06,,1,0.0,0.0,0.0,False,16,False,False,False,False
seq_0035,31,256,numeric,1e-05,,1,0.0,0.0,0.0,False,16,False,False,False,False
seq_0035,31,256,numeric,0.0001,,1,0.0,0.0,0.0,False,16,False,False,False,False
seq_0035,31,256,numeric,0.001,,1,0.0,0.0,0.0,False,16,False,False,False,False
seq_0035,31,256,numeric,0.01,,1,0.0001220703125,9.5367431640625e-07,2.86102294921875e-06,True,16,False,False,False,False
seq_0035,31,256,numeric,0.1,,1,0.00115966796875,1.1444091796875e-05,1.621246337890625e-05,True,16,False,False,False,False
seq_0035,31,256,bitflip,,sign,1,0.023193359375,0.000232696533203125,0.00033473968505859375,True,16,True,True,True,True
seq_0035,31,256,bitflip,,exponent,1,3.946145612486469e+36,3.9682049117049093e+34,5.449894849549565e+34,True,16,True,True,True,True
seq_0035,31,256,bitflip,,mantissa,1,6.103515625e-05,1.9073486328125e-06,2.86102294921875e-06,True,16,False,False,False,False
seq_0036,4,64,numeric,1e-06,,4,0.0,0.0,0.0,False,16,False,False,False,False
seq_0036,4,64,numeric,1e-05,,4,0.0,0.0,0.0,False,16,False,False,False,False
seq_0036,4,64,numeric,0.0001,,4,0.0,0.0,0.0,False,16,False,False,False,False
seq_0036,4,64,numeric,0.001,,4,0.0,0.0,0.0,False,16,False,False,False,False
seq_0036,4,64,numeric,0.01,,4,0.03125,0.0019421577453613281,0.00440216064453125,True,16,True,True,True,True
seq_0036,4,64,numeric,0.1,,4,0.359375,0.02233445644378662,0.050624847412109375,True,16,True,True,True,True
seq_0036,4,64,bitflip,,sign,4,7.34375,0.45639973878860474,1.03450608253479,True,16,True,True,True,True
seq_0036,4,64,bitflip,,exponent,4,3.671875,0.22819989919662476,0.5172529220581055,True,16,True,True,True,True
seq_0036,4,64,bitflip,,mantissa,4,0.015625,0.0009710788726806641,0.002201080322265625,True,16,True,True,True,True
seq_0036,4,256,numeric,1e-06,,4,0.0,0.0,0.0,False,16,False,False,False,False
seq_0036,4,256,numeric,1e-05,,4,0.0,0.0,0.0,False,16,False,False,False,False
seq_0036,4,256,numeric,0.0001,,4,0.0,0.0,0.0,False,16,False,False,False,False
seq_0036,4,256,numeric,0.001,,4,0.0,0.0,0.0,False,16,False,False,False,False
seq_0036,4,256,numeric,0.01,,4,0.0009765625,0.00011134147644042969,0.0003560557961463928,True,16,True,True,True,True
seq_0036,4,256,numeric,0.1,,4,0.0087890625,0.0010013580322265625,0.0032045096158981323,True,16,True,True,True,True
seq_0036,4,256,bitflip,,sign,4,0.17578125,0.020028233528137207,0.06409017741680145,True,16,True,True,True,True
seq_0036,4,256,bitflip,,exponent,4,2.9907629905160607e+37,3.407618481545712e+36,1.0904379901536638e+37,True,16,True,True,True,True
seq_0036,4,256,bitflip,,mantissa,4,0.00048828125,5.555152893066406e-05,0.0001780278980731964,True,16,True,True,True,True
seq_0037,18,64,numeric,1e-06,,7,0.0,0.0,0.0,False,16,False,False,False,False
seq_0037,18,64,numeric,1e-05,,7,0.0,0.0,0.0,False,16,False,False,False,False
seq_0037,18,64,numeric,0.0001,,7,0.0,0.0,0.0,False,16,False,False,False,False
seq_0037,18,64,numeric,0.001,,7,0.0,0.0,0.0,False,16,False,False,False,False
seq_0037,18,64,numeric,0.01,,7,0.000244140625,3.0279159545898438e-05,6.002187728881836e-05,True,16,True,True,True,True
seq_0037,18,64,numeric,0.1,,7,0.0029296875,0.00036203861236572266,0.0007202029228210449,True,16,True,True,True,True
seq_0037,18,64,bitflip,,sign,7,0.05859375,0.007242560386657715,0.014404118061065674,True,16,True,True,True,True
seq_0037,18,64,bitflip,,exponent,7,9.969209968386869e+36,1.2322499518817683e+36,1.7210194991468545e+36,True,16,True,True,True,True
seq_0037,18,64,bitflip,,mantissa,7,0.0001220703125,1.5020370483398438e-05,3.001093864440918e-05,True,16,True,True,True,True
seq_0037,18,256,numeric,1e-06,,7,0.0,0.0,0.0,False,16,False,False,False,False
seq_0037,18,256,numeric,1e-05,,7,0.0,0.0,0.0,False,16,False,False,False,False
seq_0037,18,256,numeric,0.0001,,7,0.0,0.0,0.0,False,16,False,False,False,False
seq_0037,18,256,numeric,0.001,,7,0.0,0.0,0.0,False,16,False,False,False,False
seq_0037,18,256,numeric,0.01,,7,0.0078125,0.0004208087921142578,0.0017910003662109375,True,16,True,True,True,True
seq_0037,18,256,numeric,0.1,,7,0.07421875,0.0039975643157958984,0.01701498031616211,True,16,True,True,True,True
seq_0037,18,256,bitflip,,sign,7,1.5,0.08079242706298828,0.3438858985900879,True,16,True,True,True,True
seq_0037,18,256,bitflip,,exponent,7,2.5521177519070385e+38,1.374612676104407e+37,inf,True,16,True,True,True,True
seq_0037,18,256,bitflip,,mantissa,7,0.00390625,0.0002105236053466797,0.0008955001831054688,True,16,True,True,True,True
seq_0038,31,64,numeric,1e-06,,0,0.0,0.0,0.0,False,16,False,False,False,False
seq_0038,31,64,numeric,1e-05,,0,0.0,0.0,0.0,False,16,False,False,False,False
seq_0038,31,64,numeric,0.0001,,0,0.0,0.0,0.0,False,16,False,False,False,False
seq_0038,31,64,numeric,0.001,,0,0.0,0.0,0.0,False,16,False,False,False,False
seq_0038,31,64,numeric,0.01,,0,0.00390625,0.00023746490478515625,0.0009279251098632812,True,16,True,True,True,True
seq_0038,31,64,numeric,0.1,,0,0.044921875,0.0027298927307128906,0.010670661926269531,True,16,True,True,True,True
seq_0038,31,64,bitflip,,sign,0,0.890625,0.05412101745605469,0.2115621566772461,True,16,True,True,True,True
seq_0038,31,64,bitflip,,exponent,0,1.5153199151948041e+38,9.208142971624246e+36,inf,True,16,True,True,True,True
seq_0038,31,64,bitflip,,mantissa,0,0.001953125,0.000118255615234375,0.0004639625549316406,True,16,True,True,True,True
seq_0038,31,256,numeric,1e-06,,0,0.0,0.0,0.0,False,16,False,False,False,False
seq_0038,31,256,numeric,1e-05,,0,0.0,0.0,0.0,False,16,False,False,False,False
seq_0038,31,256,numeric,0.0001,,0,0.0,0.0,0.0,False,16,False,False,False,False
seq_0038,31,256,numeric,0.001,,0,0.0,0.0,0.0,False,16,False,False,False,False
seq_0038,31,256,numeric,0.01,,0,0.015625,0.0007822513580322266,0.0029997825622558594,True,16,True,True,True,True
seq_0038,31,256,numeric,0.1,,0,0.1328125,0.006649017333984375,0.02549600601196289,True,16,True,True,True,True
seq_0038,31,256,bitflip,,sign,0,2.609375,0.13063502311706543,0.500917911529541,True,16,True,True,True,True
seq_0038,31,256,bitflip,,exponent,0,nan,nan,nan,False,16,True,True,True,True
seq_0038,31,256,bitflip,,mantissa,0,0.0078125,0.0003910064697265625,0.0015001296997070312,True,16,True,True,True,True
seq_0039,4,64,numeric,1e-06,,5,0.0,0.0,0.0,False,16,False,False,False,False
seq_0039,4,64,numeric,1e-05,,5,0.0,0.0,0.0,False,16,False,False,False,False
seq_0039,4,64,numeric,0.0001,,5,0.0,0.0,0.0,False,16,False,False,False,False
seq_0039,4,64,numeric,0.001,,5,0.0,0.0,0.0,False,16,False,False,False,False
seq_0039,4,64,numeric,0.01,,5,0.0078125,0.0008091926574707031,0.0009980201721191406,True,16,True,True,True,True
seq_0039,4,64,numeric,0.1,,5,0.08203125,0.008496761322021484,0.010479450225830078,True,16,True,True,True,True
seq_0039,4,64,bitflip,,sign,5,1.65625,0.1715545654296875,0.21158361434936523,True,16,True,True,True,True
seq_0039,4,64,bitflip,,exponent,5,2.8179633510640217e+38,2.9188491719651133e+37,2.588046113690995e+37,False,16,True,True,True,True
seq_0039,4,64,bitflip,,mantissa,5,0.00390625,0.0004048347473144531,0.0004992485046386719,True,16,True,True,True,True
seq_0039,4,256,numeric,1e-06,,5,0.0,0.0,0.0,False,16,False,False,False,False
seq_0039,4,256,numeric,1e-05,,5,0.0,0.0,0.0,False,16,False,False,False,False
seq_0039,4,256,numeric,0.0001,,5,0.0,0.0,0.0,False,16,False,False,False,False
seq_0039,4,256,numeric,0.001,,5,0.0,0.0,0.0,False,16,False,False,False,False
seq_0039,4,256,numeric,0.01,,5,0.0078125,0.0013704299926757812,0.002136707305908203,True,16,True,True,True,True
seq_0039,4,256,numeric,0.1,,5,0.109375,0.019184112548828125,0.029909133911132812,True,16,True,True,True,True
seq_0039,4,256,bitflip,,sign,5,2.15625,0.37819671630859375,0.5896296501159668,True,16,True,True,True,True
seq_0039,4,256,bitflip,,exponent,5,nan,nan,nan,False,16,True,True,True,True
seq_0039,4,256,bitflip,,mantissa,5,0.0078125,0.0013704299926757812,0.002136707305908203,True,16,True,True,True,True
seq_0040,18,64,numeric,1e-06,,1,0.0,0.0,0.0,False,16,False,False,False,False
seq_0040,18,64,numeric,1e-05,,1,0.0,0.0,0.0,False,16,False,False,False,False
seq_0040,18,64,numeric,0.0001,,1,0.0,0.0,0.0,False,16,False,False,False,False
seq_0040,18,64,numeric,0.001,,1,0.0,0.0,0.0,False,16,False,False,False,False
seq_0040,18,64,numeric,0.01,,1,0.0078125,0.0012192726135253906,0.0017695426940917969,True,16,True,True,True,True
seq_0040,18,64,numeric,0.1,,1,0.06640625,0.010363340377807617,0.01751708984375,True,16,True,True,True,True
seq_0040,18,64,bitflip,,sign,1,1.2890625,0.2011721134185791,0.33113253116607666,True,16,True,True,True,True
seq_0040,18,64,bitflip,,exponent,1,2.1932261930451112e+38,inf,2.9532694351829903e+37,False,16,True,True,True,True
seq_0040,18,64,bitflip,,mantissa,1,0.00390625,0.0006096363067626953,0.000885009765625,True,16,True,True,True,True
seq_0040,18,256,numeric,1e-06,,1,0.0,0.0,0.0,False,16,False,False,False,False
seq_0040,18,256,numeric,1e-05,,1,0.0,0.0,0.0,False,16,False,False,False,False
seq_0040,18,256,numeric,0.0001,,1,0.0,0.0,0.0,False,16,False,False,False,False
seq_0040,18,256,numeric,0.001,,1,0.0,0.0,0.0,False,16,False,False,False,False
seq_0040,18,256,numeric,0.01,,1,0.015625,0.005825996398925781,0.008243560791015625,True,16,True,True,True,True
seq_0040,18,256,numeric,0.1,,1,0.171875,0.06408977508544922,0.09067630767822266,True,16,True,True,True,True
seq_0040,18,256,bitflip,,sign,1,3.484375,1.2992830276489258,1.8382444381713867,True,16,True,True,True,True
seq_0040,18,256,bitflip,,exponent,1,nan,nan,nan,False,16,True,True,True,True
seq_0040,18,256,bitflip,,mantissa,1,0.0078125,0.0029134750366210938,0.0041217803955078125,True,16,True,True,True,True
seq_0041,31,64,numeric,1e-06,,1,0.0,0.0,0.0,False,16,False,False,False,False
seq_0041,31,64,numeric,1e-05,,1,0.0,0.0,0.0,False,16,False,False,False,False
seq_0041,31,64,numeric,0.0001,,1,0.0,0.0,0.0,False,16,False,False,False,False
seq_0041,31,64,numeric,0.001,,1,0.0,0.0,0.0,False,16,False,False,False,False
seq_0041,31,64,numeric,0.01,,1,0.00390625,0.00026702880859375,0.00036144256591796875,True,16,True,True,True,True
seq_0041,31,64,numeric,0.1,,1,0.0546875,0.0037384033203125,0.0050601959228515625,True,16,True,True,True,True
seq_0041,31,64,bitflip,,sign,1,1.125,0.07690811157226562,0.10409832000732422,True,16,True,True,True,True
seq_0041,31,64,bitflip,,exponent,1,1.914088313930279e+38,1.3085254867723486e+37,1.7711355585666375e+37,True,16,True,True,True,True
seq_0041,31,64,bitflip,,mantissa,1,0.00390625,0.00026702880859375,0.00036144256591796875,True,16,True,True,True,True
seq_0041,31,256,numeric,1e-06,,1,0.0,0.0,0.0,False,16,False,False,False,False
seq_0041,31,256,numeric,1e-05,,1,0.0,0.0,0.0,False,16,False,False,False,False
seq_0041,31,256,numeric,0.0001,,1,0.0,0.0,0.0,False,16,False,False,False,False
seq_0041,31,256,numeric,0.001,,1,0.0,0.0,0.0,False,16,False,False,False,False
seq_0041,31,256,numeric,0.01,,1,0.03125,0.006905555725097656,0.00953817367553711,True,16,True,True,True,True
seq_0041,31,256,numeric,0.1,,1,0.40625,0.08976936340332031,0.1239938735961914,True,16,True,True,True,True
seq_0041,31,256,bitflip,,sign,1,8.4375,1.8644418716430664,2.5752601623535156,True,16,True,True,True,True
seq_0041,31,256,bitflip,,exponent,1,4.21875,0.9322209358215332,1.2876300811767578,True,16,True,True,True,True
seq_0041,31,256,bitflip,,mantissa,1,0.03125,0.006905555725097656,0.00953817367553711,True,16,True,True,True,True
seq_0042,4,64,numeric,1e-06,,4,0.0,0.0,0.0,False,16,False,False,False,False
seq_0042,4,64,numeric,1e-05,,4,0.0,0.0,0.0,False,16,False,False,False,False
seq_0042,4,64,numeric,0.0001,,4,0.0,0.0,0.0,False,16,False,False,False,False
seq_0042,4,64,numeric,0.001,,4,0.0,0.0,0.0,False,16,False,False,False,False
seq_0042,4,64,numeric,0.01,,4,0.00390625,0.00028717517852783203,0.0007660388946533203,True,16,True,True,True,True
seq_0042,4,64,numeric,0.1,,4,0.0546875,0.004021763801574707,0.010724782943725586,True,16,True,True,True,True
seq_0042,4,64,bitflip,,sign,4,1.1171875,0.08215987682342529,0.21909332275390625,True,16,True,True,True,True
seq_0042,4,64,bitflip,,exponent,4,1.9007960339724297e+38,1.3978809099318362e+37,2.4019925280352577e+37,True,16,True,True,True,True
seq_0042,4,64,bitflip,,mantissa,4,0.00390625,0.00028717517852783203,0.0007660388946533203,True,16,True,True,True,True
seq_0042,4,256,numeric,1e-06,,4,0.0,0.0,0.0,False,16,False,False,False,False
seq_0042,4,256,numeric,1e-05,,4,0.0,0.0,0.0,False,16,False,False,False,False
seq_0042,4,256,numeric,0.0001,,4,0.0,0.0,0.0,False,16,False,False,False,False
seq_0042,4,256,numeric,0.001,,4,0.0,0.0,0.0,False,16,False,False,False,False
seq_0042,4,256,numeric,0.01,,4,0.00390625,0.000911712646484375,0.001132965087890625,True,16,True,True,True,True
seq_0042,4,256,numeric,0.1,,4,0.037109375,0.008661270141601562,0.010762691497802734,True,16,True,True,True,True
seq_0042,4,256,bitflip,,sign,4,0.75,0.17505037784576416,0.21751809120178223,True,16,True,True,True,True
seq_0042,4,256,bitflip,,exponent,4,1.2760588759535192e+38,2.978327591657942e+37,inf,True,16,True,True,True,True
seq_0042,4,256,bitflip,,mantissa,4,0.001953125,0.0004558563232421875,0.0006959438323974609,True,16,True,True,True,True
seq_0043,18,64,numeric,1e-06,,7,0.0,0.0,0.0,False,16,False,False,False,False
seq_0043,18,64,numeric,1e-05,,7,0.0,0.0,0.0,False,16,False,False,False,False
seq_0043,18,64,numeric,0.0001,,7,0.0,0.0,0.0,False,16,False,False,False,False
seq_0043,18,64,numeric,0.001,,7,0.0,0.0,0.0,False,16,False,False,False,False
seq_0043,18,64,numeric,0.01,,7,0.015625,0.0011434555053710938,0.0023522377014160156,True,16,True,True,True,True
seq_0043,18,64,numeric,0.1,,7,0.1171875,0.008577823638916016,0.017641067504882812,True,16,True,True,True,True
seq_0043,18,64,bitflip,,sign,7,2.359375,0.1726984977722168,0.35517168045043945,True,16,True,True,True,True
seq_0043,18,64,bitflip,,exponent,7,nan,nan,nan,False,16,True,True,True,True
seq_0043,18,64,bitflip,,mantissa,7,0.0078125,0.0005717277526855469,0.0011758804321289062,True,16,True,True,True,True
seq_0043,18,256,numeric,1e-06,,7,0.0,0.0,0.0,False,16,False,False,False,False
seq_0043,18,256,numeric,1e-05,,7,0.0,0.0,0.0,False,16,False,False,False,False
seq_0043,18,256,numeric,0.0001,,7,0.0,0.0,0.0,False,16,False,False,False,False
seq_0043,18,256,numeric,0.001,,7,0.0,0.0,0.0,False,16,False,False,False,False
seq_0043,18,256,numeric,0.01,,7,0.015625,0.0009174346923828125,0.0024061203002929688,True,16,True,True,True,True
seq_0043,18,256,numeric,0.1,,7,0.1328125,0.0077953338623046875,0.020451784133911133,True,16,True,True,True,True
seq_0043,18,256,bitflip,,sign,7,2.703125,0.158660888671875,0.41625189781188965,True,16,True,True,True,True
seq_0043,18,256,bitflip,,exponent,7,nan,nan,nan,False,16,True,True,True,True
seq_0043,18,256,bitflip,,mantissa,7,0.0078125,0.0004582405090332031,0.0012030601501464844,True,16,True,True,True,True
seq_0044,31,64,numeric,1e-06,,0,0.0,0.0,0.0,False,16,False,False,False,False
seq_0044,31,64,numeric,1e-05,,0,0.0,0.0,0.0,False,16,False,False,False,False
seq_0044,31,64,numeric,0.0001,,0,0.0,0.0,0.0,False,16,False,False,False,False
seq_0044,31,64,numeric,0.001,,0,0.0,0.0,0.0,False,16,False,False,False,False
seq_0044,31,64,numeric,0.01,,0,0.0078125,0.0006070137023925781,0.0011057853698730469,True,16,True,True,True,True
seq_0044,31,64,numeric,0.1,,0,0.0859375,0.006676197052001953,0.012165307998657227,True,16,True,True,True,True
seq_0044,31,64,bitflip,,sign,0,1.6953125,0.1317005157470703,0.23998761177062988,True,16,True,True,True,True
seq_0044,31,64,bitflip,,exponent,0,2.8844247508532674e+38,2.2407674005657106e+37,inf,True,16,True,True,True,True
seq_0044,31,64,bitflip,,mantissa,0,0.00390625,0.0003032684326171875,0.0005528926849365234,True,16,True,True,True,True
seq_0044,31,256,numeric,1e-06,,0,0.0,0.0,0.0,False,16,False,False,False,False
seq_0044,31,256,numeric,1e-05,,0,0.0,0.0,0.0,False,16,False,False,False,False
seq_0044,31,256,numeric,0.0001,,0,0.0,0.0,0.0,False,16,False,False,False,False
seq_0044,31,256,numeric,0.001,,0,0.0,0.0,0.0,False,16,False,False,False,False
seq_0044,31,256,numeric,0.01,,0,0.00390625,0.0001819133758544922,0.0005717277526855469,True,16,True,True,True,True
seq_0044,31,256,numeric,0.1,,0,0.046875,0.0021851062774658203,0.006862163543701172,True,16,True,True,True,True
seq_0044,31,256,bitflip,,sign,0,0.921875,0.042969465255737305,0.13495588302612305,True,16,True,True,True,True
seq_0044,31,256,bitflip,,exponent,0,1.5684890350262007e+38,7.310890883081862e+36,2.0578804061093434e+37,True,16,True,True,True,True
seq_0044,31,256,bitflip,,mantissa,0,0.001953125,9.107589721679688e-05,0.000286102294921875,True,16,True,True,True,True
seq_0045,4,64,numeric,1e-06,,5,0.0,0.0,0.0,False,16,False,False,False,False
seq_0045,4,64,numeric,1e-05,,5,0.0,0.0,0.0,False,16,False,False,False,False
seq_0045,4,64,numeric,0.0001,,5,0.0,0.0,0.0,False,16,False,False,False,False
seq_0045,4,64,numeric,0.001,,5,0.0,0.0,0.0,False,16,False,False,False,False
seq_0045,4,64,numeric,0.01,,5,0.00048828125,4.9233436584472656e-05,0.000110626220703125,True,16,True,True,True,True
seq_0045,4,64,numeric,0.1,,5,0.0068359375,0.0006891489028930664,0.0015482902526855469,True,16,True,True,True,True
seq_0045,4,64,bitflip,,sign,5,0.13671875,0.013783693313598633,0.03096628189086914,True,16,True,True,True,True
seq_0045,4,64,bitflip,,exponent,5,2.326148992623603e+37,2.3451759527640534e+36,5.268614495270968e+36,True,16,True,True,True,True
seq_0045,4,64,bitflip,,mantissa,5,0.00048828125,4.9233436584472656e-05,0.000110626220703125,True,16,True,True,True,True
seq_0045,4,256,numeric,1e-06,,5,0.0,0.0,0.0,False,16,False,False,False,False
seq_0045,4,256,numeric,1e-05,,5,0.0,0.0,0.0,False,16,False,False,False,False
seq_0045,4,256,numeric,0.0001,,5,0.0,0.0,0.0,False,16,False,False,False,False
seq_0045,4,256,numeric,0.001,,5,0.0,0.0,0.0,False,16,False,False,False,False
seq_0045,4,256,numeric,0.01,,5,0.0625,0.01804065704345703,0.03141927719116211,True,16,True,True,True,True
seq_0045,4,256,numeric,0.1,,5,0.6875,0.1984424591064453,0.3456120491027832,True,16,True,True,True,True
seq_0045,4,256,bitflip,,sign,5,13.5625,3.9147238731384277,6.817986488342285,True,16,True,True,True,True
seq_0045,4,256,bitflip,,exponent,5,6.78125,1.957362174987793,3.4089930057525635,True,16,True,True,True,True
seq_0045,4,256,bitflip,,mantissa,5,0.03125,0.009020805358886719,0.015709400177001953,True,16,True,True,True,True
seq_0046,18,64,numeric,1e-06,,1,0.0,0.0,0.0,False,16,False,False,False,False
seq_0046,18,64,numeric,1e-05,,1,0.0,0.0,0.0,False,16,False,False,False,False
seq_0046,18,64,numeric,0.0001,,1,0.0,0.0,0.0,False,16,False,False,False,False
seq_0046,18,64,numeric,0.001,,1,0.0,0.0,0.0,False,16,False,False,False,False
seq_0046,18,64,numeric,0.01,,1,0.03125,0.0011544227600097656,0.003431081771850586,True,16,True,True,True,True
seq_0046,18,64,numeric,0.1,,1,0.296875,0.010967612266540527,0.03259539604187012,True,16,True,True,True,True
seq_0046,18,64,bitflip,,sign,1,5.875,0.21704351902008057,0.6450450420379639,True,16,True,True,True,True
seq_0046,18,64,bitflip,,exponent,1,2.9375,0.10852169990539551,0.3225224018096924,True,16,True,True,True,True
seq_0046,18,64,bitflip,,mantissa,1,0.015625,0.0005772113800048828,0.0017156600952148438,True,16,True,True,True,True
seq_0046,18,256,numeric,1e-06,,1,0.0,0.0,0.0,False,16,False,False,False,False
seq_0046,18,256,numeric,1e-05,,1,0.0,0.0,0.0,False,16,False,False,False,False
seq_0046,18,256,numeric,0.0001,,1,0.0,0.0,0.0,False,16,False,False,False,False
seq_0046,18,256,numeric,0.001,,1,0.0,0.0,0.0,False,16,False,False,False,False
seq_0046,18,256,numeric,0.01,,1,0.015625,0.0035605430603027344,0.004165172576904297,True,16,True,True,True,True
seq_0046,18,256,numeric,0.1,,1,0.1484375,0.03382539749145508,0.0395655632019043,True,16,True,True,True,True
seq_0046,18,256,bitflip,,sign,1,2.96875,0.6765074729919434,0.7913084030151367,True,16,True,True,True,True
seq_0046,18,256,bitflip,,exponent,1,nan,nan,nan,False,16,True,True,True,True
seq_0046,18,256,bitflip,,mantissa,1,0.0078125,0.0017805099487304688,0.002082347869873047,True,16,True,True,True,True
seq_0047,31,64,numeric,1e-06,,1,0.0,0.0,0.0,False,16,False,False,False,False
seq_0047,31,64,numeric,1e-05,,1,0.0,0.0,0.0,False,16,False,False,False,False
seq_0047,31,64,numeric,0.0001,,1,0.0,0.0,0.0,False,16,False,False,False,False
seq_0047,31,64,numeric,0.001,,1,0.0,0.0,0.0,False,16,False,False,False,False
seq_0047,31,64,numeric,0.01,,1,0.015625,0.0010573863983154297,0.004100322723388672,True,16,True,True,True,True
seq_0047,31,64,numeric,0.1,,1,0.1796875,0.01215982437133789,0.047150611877441406,True,16,True,True,True,True
seq_0047,31,64,bitflip,,sign,1,3.625,0.24531221389770508,0.9512104988098145,True,16,True,True,True,True
seq_0047,31,64,bitflip,,exponent,1,nan,nan,nan,False,16,True,True,True,True
seq_0047,31,64,bitflip,,mantissa,1,0.0078125,0.0005285739898681641,0.0020503997802734375,True,16,True,True,True,True
seq_0047,31,256,numeric,1e-06,,1,0.0,0.0,0.0,False,16,False,False,False,False
seq_0047,31,256,numeric,1e-05,,1,0.0,0.0,0.0,False,16,False,False,False,False
seq_0047,31,256,numeric,0.0001,,1,0.0,0.0,0.0,False,16,False,False,False,False
seq_0047,31,256,numeric,0.001,,1,0.0,0.0,0.0,False,16,False,False,False,False
seq_0047,31,256,numeric,0.01,,1,0.0078125,0.0007762908935546875,0.0015535354614257812,True,16,True,True,True,True
seq_0047,31,256,numeric,0.1,,1,0.109375,0.010876655578613281,0.02175140380859375,True,16,True,True,True,True
seq_0047,31,256,bitflip,,sign,1,2.171875,0.21596431732177734,0.4319286346435547,True,16,True,True,True,True
seq_0047,31,256,bitflip,,exponent,1,nan,nan,nan,False,16,True,True,True,True
seq_0047,31,256,bitflip,,mantissa,1,0.0078125,0.0007762908935546875,0.0015535354614257812,True,16,True,True,True,True
seq_0048,4,64,numeric,1e-06,,4,0.0,0.0,0.0,False,16,False,False,False,False
seq_0048,4,64,numeric,1e-05,,4,0.0,0.0,0.0,False,16,False,False,False,False
seq_0048,4,64,numeric,0.0001,,4,0.0,0.0,0.0,False,16,False,False,False,False
seq_0048,4,64,numeric,0.001,,4,0.0,0.0,0.0,False,16,False,False,False,False
seq_0048,4,64,numeric,0.01,,4,0.001953125,0.0002751350402832031,0.0004990100860595703,True,16,True,True,True,True
seq_0048,4,64,numeric,0.1,,4,0.0205078125,0.002888917922973633,0.005239725112915039,True,16,True,True,True,True
seq_0048,4,64,bitflip,,sign,4,0.40234375,0.056677818298339844,0.10279786586761475,True,16,True,True,True,True
seq_0048,4,64,bitflip,,exponent,4,6.845524178292317e+37,9.643216503255077e+36,1.7490148020625348e+37,True,16,True,True,True,True
seq_0048,4,64,bitflip,,mantissa,4,0.0009765625,0.00013756752014160156,0.00024950504302978516,True,16,True,True,True,True
seq_0048,4,256,numeric,1e-06,,4,0.0,0.0,0.0,False,16,False,False,False,False
seq_0048,4,256,numeric,1e-05,,4,0.0,0.0,0.0,False,16,False,False,False,False
seq_0048,4,256,numeric,0.0001,,4,0.0,0.0,0.0,False,16,False,False,False,False
seq_0048,4,256,numeric,0.001,,4,0.0,0.0,0.0,False,16,False,False,False,False
seq_0048,4,256,numeric,0.01,,4,0.00390625,0.0003266334533691406,0.0010088086128234863,True,16,True,True,True,True
seq_0048,4,256,numeric,0.1,,4,0.044921875,0.003753662109375,0.011601507663726807,True,16,True,True,True,True
seq_0048,4,256,bitflip,,sign,4,0.90625,0.07572126388549805,0.23404783010482788,True,16,True,True,True,True
seq_0048,4,256,bitflip,,exponent,4,1.5419044751105024e+38,1.288332193005893e+37,2.6724909119553186e+37,True,16,True,True,True,True
seq_0048,4,256,bitflip,,mantissa,4,0.001953125,0.00016307830810546875,0.0005044341087341309,True,16,True,True,True,True
seq_0049,18,64,numeric,1e-06,,7,0.0,0.0,0.0,False,16,False,False,False,False
seq_0049,18,64,numeric,1e-05,,7,0.0,0.0,0.0,False,16,False,False,False,False
seq_0049,18,64,numeric,0.0001,,7,0.0,0.0,0.0,False,16,False,False,False,False
seq_0049,18,64,numeric,0.001,,7,0.0,0.0,0.0,False,16,False,False,False,False
seq_0049,18,64,numeric,0.01,,7,0.015625,0.0025353431701660156,0.004639387130737305,True,16,True,True,True,True
seq_0049,18,64,numeric,0.1,,7,0.171875,0.027890920639038086,0.05103468894958496,True,16,True,True,True,True
seq_0049,18,64,bitflip,,sign,7,3.484375,0.5654284954071045,1.0346139669418335,True,16,True,True,True,True
seq_0049,18,64,bitflip,,exponent,7,nan,nan,nan,False,16,True,True,True,True
seq_0049,18,64,bitflip,,mantissa,7,0.0078125,0.0012676715850830078,0.002319812774658203,True,16,True,True,True,True
seq_0049,18,256,numeric,1e-06,,7,0.0,0.0,0.0,False,16,False,False,False,False
seq_0049,18,256,numeric,1e-05,,7,0.0,0.0,0.0,False,16,False,False,False,False
seq_0049,18,256,numeric,0.0001,,7,0.0,0.0,0.0,False,16,False,False,False,False
seq_0049,18,256,numeric,0.001,,7,0.0,0.0,0.0,False,16,False,False,False,False
seq_0049,18,256,numeric,0.01,,7,0.0078125,0.0009765625,0.0015535354614257812,True,16,True,True,True,True
seq_0049,18,256,numeric,0.1,,7,0.09375,0.011716842651367188,0.01864457130432129,True,16,True,True,True,True
seq_0049,18,256,bitflip,,sign,7,1.890625,0.23630332946777344,0.3759956359863281,True,16,True,True,True,True
seq_0049,18,256,bitflip,,exponent,7,3.2167317497994964e+38,inf,inf,False,16,True,True,True,True
seq_0049,18,256,bitflip,,mantissa,7,0.00390625,0.00048828125,0.0007770061492919922,True,16,True,True,True,True
seq_0050,31,64,numeric,1e-06,,0,0.0,0.0,0.0,False,16,False,False,False,False
seq_0050,31,64,numeric,1e-05,,0,0.0,0.0,0.0,False,16,False,False,False,False
seq_0050,31,64,numeric,0.0001,,0,0.0,0.0,0.0,False,16,False,False,False,False
seq_0050,31,64,numeric,0.001,,0,0.0,0.0,0.0,False,16,False,False,False,False
seq_0050,31,64,numeric,0.01,,0,0.0078125,0.0010194778442382812,0.0018558502197265625,True,16,True,True,True,True
seq_0050,31,64,numeric,0.1,,0,0.06640625,0.0086669921875,0.01577472686767578,True,16,True,True,True,True
seq_0050,31,64,bitflip,,sign,0,1.3125,0.171295166015625,0.31177616119384766,True,16,True,True,True,True
seq_0050,31,64,bitflip,,exponent,0,2.2331030329186587e+38,2.91444332553896e+37,inf,True,16,True,True,True,True
seq_0050,31,64,bitflip,,mantissa,0,0.00390625,0.0005102157592773438,0.0009279251098632812,True,16,True,True,True,True
seq_0050,31,256,numeric,1e-06,,0,0.0,0.0,0.0,False,16,False,False,False,False
seq_0050,31,256,numeric,1e-05,,0,0.0,0.0,0.0,False,16,False,False,False,False
seq_0050,31,256,numeric,0.0001,,0,0.0,0.0,0.0,False,16,False,False,False,False
seq_0050,31,256,numeric,0.001,,0,0.0,0.0,0.0,False,16,False,False,False,False
seq_0050,31,256,numeric,0.01,,0,0.00048828125,5.9604644775390625e-05,0.00014638900756835938,True,16,True,True,True,True
seq_0050,31,256,numeric,0.1,,0,0.006591796875,0.0008015632629394531,0.001975536346435547,True,16,True,True,True,True
seq_0050,31,256,bitflip,,sign,0,0.1318359375,0.016022682189941406,0.03950977325439453,True,16,True,True,True,True
seq_0050,31,256,bitflip,,exponent,0,2.2430722428870455e+37,2.7260949753841596e+36,6.722302328462192e+36,True,16,True,True,True,True
seq_0050,31,256,bitflip,,mantissa,0,0.00048828125,5.9604644775390625e-05,0.00014638900756835938,True,16,True,True,True,True
seq_0051,4,64,numeric,1e-06,,5,0.0,0.0,0.0,False,16,False,False,False,False
seq_0051,4,64,numeric,1e-05,,5,0.0,0.0,0.0,False,16,False,False,False,False
seq_0051,4,64,numeric,0.0001,,5,0.0,0.0,0.0,False,16,False,False,False,False
seq_0051,4,64,numeric,0.001,,5,0.0,0.0,0.0,False,16,False,False,False,False
seq_0051,4,64,numeric,0.01,,5,0.015625,0.0014781951904296875,0.00591278076171875,True,16,True,True,True,True
seq_0051,4,64,numeric,0.1,,5,0.15625,0.014781951904296875,0.05524253845214844,True,16,True,True,True,True
seq_0051,4,64,bitflip,,sign,5,3.15625,0.29859113693237305,1.1159029006958008,True,16,True,True,True,True
seq_0051,4,64,bitflip,,exponent,5,nan,nan,nan,False,16,True,True,True,True
seq_0051,4,64,bitflip,,mantissa,5,0.0078125,0.0007390975952148438,0.002762317657470703,True,16,True,True,True,True
seq_0051,4,256,numeric,1e-06,,5,0.0,0.0,0.0,False,16,False,False,False,False
seq_0051,4,256,numeric,1e-05,,5,0.0,0.0,0.0,False,16,False,False,False,False
seq_0051,4,256,numeric,0.0001,,5,0.0,0.0,0.0,False,16,False,False,False,False
seq_0051,4,256,numeric,0.001,,5,0.0,0.0,0.0,False,16,False,False,False,False
seq_0051,4,256,numeric,0.01,,5,0.0078125,0.0009975433349609375,0.0024061203002929688,True,16,True,True,True,True
seq_0051,4,256,numeric,0.1,,5,0.07421875,0.009480476379394531,0.02285778522491455,True,16,True,True,True,True
seq_0051,4,256,bitflip,,sign,5,1.453125,0.18563461303710938,0.44753074645996094,True,16,True,True,True,True
seq_0051,4,256,bitflip,,exponent,5,2.4723640721599435e+38,inf,inf,False,16,True,True,True,True
seq_0051,4,256,bitflip,,mantissa,5,0.00390625,0.000499725341796875,0.0012030601501464844,True,16,True,True,True,True
seq_0052,18,64,numeric,1e-06,,1,0.0,0.0,0.0,False,16,False,False,False,False
seq_0052,18,64,numeric,1e-05,,1,0.0,0.0,0.0,False,16,False,False,False,False
seq_0052,18,64,numeric,0.0001,,1,0.0,0.0,0.0,False,16,False,False,False,False
seq_0052,18,64,numeric,0.001,,1,0.0,0.0,0.0,False,16,False,False,False,False
seq_0052,18,64,numeric,0.01,,1,0.015625,0.0017476081848144531,0.002956390380859375,True,16,True,True,True,True
seq_0052,18,64,numeric,0.1,,1,0.1640625,0.018352985382080078,0.031041622161865234,True,16,True,True,True,True
seq_0052,18,64,bitflip,,sign,1,3.296875,0.36880970001220703,0.6237897872924805,True,16,True,True,True,True
seq_0052,18,64,bitflip,,exponent,1,nan,nan,nan,False,16,True,True,True,True
seq_0052,18,64,bitflip,,mantissa,1,0.0078125,0.000873565673828125,0.0014781951904296875,True,16,True,True,True,True
seq_0052,18,256,numeric,1e-06,,1,0.0,0.0,0.0,False,16,False,False,False,False
seq_0052,18,256,numeric,1e-05,,1,0.0,0.0,0.0,False,16,False,False,False,False
seq_0052,18,256,numeric,0.0001,,1,0.0,0.0,0.0,False,16,False,False,False,False
seq_0052,18,256,numeric,0.001,,1,0.0,0.0,0.0,False,16,False,False,False,False
seq_0052,18,256,numeric,0.01,,1,0.03125,0.0037331581115722656,0.004423737525939941,True,16,True,True,True,True
seq_0052,18,256,numeric,0.1,,1,0.234375,0.027999043464660645,0.03317800164222717,True,16,True,True,True,True
seq_0052,18,256,bitflip,,sign,1,4.84375,0.5786458253860474,0.6856786012649536,True,16,True,True,True,True
seq_0052,18,256,bitflip,,exponent,1,2.421875,0.2893228530883789,0.3428393304347992,True,16,True,True,True,True
seq_0052,18,256,bitflip,,mantissa,1,0.015625,0.0018665790557861328,0.0022118687629699707,True,16,True,True,True,True
seq_0053,31,64,numeric,1e-06,,1,0.0,0.0,0.0,False,16,False,False,False,False
seq_0053,31,64,numeric,1e-05,,1,0.0,0.0,0.0,False,16,False,False,False,False
seq_0053,31,64,numeric,0.0001,,1,0.0,0.0,0.0,False,16,False,False,False,False
seq_0053,31,64,numeric,0.001,,1,0.0,0.0,0.0,False,16,False,False,False,False
seq_0053,31,64,numeric,0.01,,1,0.00390625,0.00038623809814453125,0.0003452301025390625,False,16,True,True,True,True
seq_0053,31,64,numeric,0.1,,1,0.0546875,0.005400657653808594,0.004834175109863281,False,16,True,True,True,True
seq_0053,31,64,bitflip,,sign,1,1.078125,0.1064605712890625,0.09529399871826172,False,16,True,True,True,True
seq_0053,31,64,bitflip,,exponent,1,1.834334634183184e+38,1.8113385902926357e+37,2.280006510775295e+37,True,16,True,True,True,True
seq_0053,31,64,bitflip,,mantissa,1,0.00390625,0.00038623809814453125,0.0003452301025390625,False,16,True,True,True,True
seq_0053,31,256,numeric,1e-06,,1,0.0,0.0,0.0,False,16,False,False,False,False
seq_0053,31,256,numeric,1e-05,,1,0.0,0.0,0.0,False,16,False,False,False,False
seq_0053,31,256,numeric,0.0001,,1,0.0,0.0,0.0,False,16,False,False,False,False
seq_0053,31,256,numeric,0.001,,1,0.0,0.0,0.0,False,16,False,False,False,False
seq_0053,31,256,numeric,0.01,,1,0.0078125,0.0003333091735839844,0.0009984970092773438,True,16,True,True,True,True
seq_0053,31,256,numeric,0.1,,1,0.109375,0.004663944244384766,0.013973236083984375,True,16,True,True,True,True
seq_0053,31,256,bitflip,,sign,1,2.203125,0.09394216537475586,0.2814459800720215,True,16,True,True,True,True
seq_0053,31,256,bitflip,,exponent,1,nan,nan,nan,False,16,True,True,True,True
seq_0053,31,256,bitflip,,mantissa,1,0.0078125,0.0003333091735839844,0.0009975433349609375,True,16,True,True,True,True
seq_0054,4,64,numeric,1e-06,,4,0.0,0.0,0.0,False,16,False,False,False,False
seq_0054,4,64,numeric,1e-05,,4,0.0,0.0,0.0,False,16,False,False,False,False
seq_0054,4,64,numeric,0.0001,,4,0.0,0.0,0.0,False,16,False,False,False,False
seq_0054,4,64,numeric,0.001,,4,0.0,0.0,0.0,False,16,False,False,False,False
seq_0054,4,64,numeric,0.01,,4,0.015625,0.0024923980236053467,0.0034742355346679688,True,16,True,True,True,True
seq_0054,4,64,numeric,0.1,,4,0.125,0.01993916928768158,0.0277940034866333,True,16,True,True,True,True
seq_0054,4,64,bitflip,,sign,4,2.4375,0.3888137936592102,0.5419828295707703,True,16,True,True,True,True
seq_0054,4,64,bitflip,,exponent,4,nan,nan,nan,False,16,True,True,True,True
seq_0054,4,64,bitflip,,mantissa,4,0.0078125,0.0012461990118026733,0.0017371177673339844,True,16,True,True,True,True
seq_0054,4,256,numeric,1e-06,,4,0.0,0.0,0.0,False,16,False,False,False,False
seq_0054,4,256,numeric,1e-05,,4,0.0,0.0,0.0,False,16,False,False,False,False
seq_0054,4,256,numeric,0.0001,,4,0.0,0.0,0.0,False,16,False,False,False,False
seq_0054,4,256,numeric,0.001,,4,0.0,0.0,0.0,False,16,False,False,False,False
seq_0054,4,256,numeric,0.01,,4,0.00390625,0.0005691647529602051,0.0012247562408447266,True,16,True,True,True,True
seq_0054,4,256,numeric,0.1,,4,0.044921875,0.00654524564743042,0.014083147048950195,True,16,True,True,True,True
seq_0054,4,256,bitflip,,sign,4,0.8984375,0.13090473413467407,0.2816622257232666,True,16,True,True,True,True
seq_0054,4,256,bitflip,,exponent,4,1.5286121951526533e+38,2.227228638625153e+37,inf,True,16,True,True,True,True
seq_0054,4,256,bitflip,,mantissa,4,0.001953125,0.00028455257415771484,0.0006122589111328125,True,16,True,True,True,True
seq_0055,18,64,numeric,1e-06,,7,0.0,0.0,0.0,False,16,False,False,False,False
seq_0055,18,64,numeric,1e-05,,7,0.0,0.0,0.0,False,16,False,False,False,False
seq_0055,18,64,numeric,0.0001,,7,0.0,0.0,0.0,False,16,False,False,False,False
seq_0055,18,64,numeric,0.001,,7,0.0,0.0,0.0,False,16,False,False,False,False
seq_0055,18,64,numeric,0.01,,7,0.015625,0.0043375492095947266,0.004574775695800781,True,16,True,True,True,True
seq_0055,18,64,numeric,0.1,,7,0.125,0.034699440002441406,0.0365983247756958,True,16,True,True,True,True
seq_0055,18,64,bitflip,,sign,7,2.484375,0.689649224281311,0.727391242980957,True,16,True,True,True,True
seq_0055,18,64,bitflip,,exponent,7,nan,nan,nan,False,16,True,True,True,True
seq_0055,18,64,bitflip,,mantissa,7,0.0078125,0.0021686553955078125,0.0022873878479003906,True,16,True,True,True,True
seq_0055,18,256,numeric,1e-06,,7,0.0,0.0,0.0,False,16,False,False,False,False
seq_0055,18,256,numeric,1e-05,,7,0.0,0.0,0.0,False,16,False,False,False,False
seq_0055,18,256,numeric,0.0001,,7,0.0,0.0,0.0,False,16,False,False,False,False
seq_0055,18,256,numeric,0.001,,7,0.0,0.0,0.0,False,16,False,False,False,False
seq_0055,18,256,numeric,0.01,,7,0.0009765625,8.094310760498047e-05,0.00019550323486328125,True,16,True,True,True,True
seq_0055,18,256,numeric,0.1,,7,0.009765625,0.0008091926574707031,0.001955747604370117,True,16,True,True,True,True
seq_0055,18,256,bitflip,,sign,7,0.1923828125,0.015941619873046875,0.03852558135986328,True,16,True,True,True,True
seq_0055,18,256,bitflip,,exponent,7,3.2732239396203553e+37,2.7123267053024307e+36,6.554789273720332e+36,True,16,True,True,True,True
seq_0055,18,256,bitflip,,mantissa,7,0.00048828125,4.0471553802490234e-05,9.775161743164062e-05,True,16,True,True,True,True
seq_0056,31,64,numeric,1e-06,,0,0.0,0.0,0.0,False,16,False,False,False,False
seq_0056,31,64,numeric,1e-05,,0,0.0,0.0,0.0,False,16,False,False,False,False
seq_0056,31,64,numeric,0.0001,,0,0.0,0.0,0.0,False,16,False,False,False,False
seq_0056,31,64,numeric,0.001,,0,0.0,0.0,0.0,False,16,False,False,False,False
seq_0056,31,64,numeric,0.01,,0,0.015625,0.0008683204650878906,0.003150463104248047,True,16,True,True,True,True
seq_0056,31,64,numeric,0.1,,0,0.125,0.0069484710693359375,0.014673709869384766,True,16,True,True,True,True
seq_0056,31,64,bitflip,,sign,0,2.53125,0.14070701599121094,0.5103912353515625,True,16,True,True,True,True
seq_0056,31,64,bitflip,,exponent,0,nan,nan,nan,False,16,True,True,True,True
seq_0056,31,64,bitflip,,mantissa,0,0.0078125,0.0004343986511230469,0.0009169578552246094,True,16,True,True,True,True
seq_0056,31,256,numeric,1e-06,,0,0.0,0.0,0.0,False,16,False,False,False,False
seq_0056,31,256,numeric,1e-05,,0,0.0,0.0,0.0,False,16,False,False,False,False
seq_0056,31,256,numeric,0.0001,,0,0.0,0.0,0.0,False,16,False,False,False,False
seq_0056,31,256,numeric,0.001,,0,0.0,0.0,0.0,False,16,False,False,False,False
seq_0056,31,256,numeric,0.01,,0,0.0078125,0.00032520294189453125,0.001705169677734375,True,16,True,True,True,True
seq_0056,31,256,numeric,0.1,,0,0.06640625,0.0027627944946289062,0.014490604400634766,True,16,True,True,True,True
seq_0056,31,256,bitflip,,sign,0,1.3046875,0.054280757904052734,0.28469419479370117,True,16,True,True,True,True
seq_0056,31,256,bitflip,,exponent,0,2.2198107529608095e+38,9.235449433203762e+36,2.4372390459143636e+37,True,16,True,True,True,True
seq_0056,31,256,bitflip,,mantissa,0,0.00390625,0.0001621246337890625,0.0008521080017089844,True,16,True,True,True,True
seq_0057,4,64,numeric,1e-06,,5,0.0,0.0,0.0,False,16,False,False,False,False
seq_0057,4,64,numeric,1e-05,,5,0.0,0.0,0.0,False,16,False,False,False,False
seq_0057,4,64,numeric,0.0001,,5,0.0,0.0,0.0,False,16,False,False,False,False
seq_0057,4,64,numeric,0.001,,5,0.0,0.0,0.0,False,16,False,False,False,False
seq_0057,4,64,numeric,0.01,,5,0.0009765625,7.081031799316406e-05,7.43865966796875e-05,True,16,True,True,True,True
seq_0057,4,64,numeric,0.1,,5,0.013671875,0.0009913444519042969,0.001043081283569336,True,16,True,True,True,True
seq_0057,4,64,bitflip,,sign,5,0.28125,0.020392417907714844,0.021460533142089844,True,16,True,True,True,True
seq_0057,4,64,bitflip,,exponent,5,4.785220784825697e+37,3.4695752215445167e+36,3.651314802060087e+36,True,16,True,True,True,True
seq_0057,4,64,bitflip,,mantissa,5,0.0009765625,7.081031799316406e-05,7.43865966796875e-05,True,16,True,True,True,True
seq_0057,4,256,numeric,1e-06,,5,0.0,0.0,0.0,False,16,False,False,False,False
seq_0057,4,256,numeric,1e-05,,5,0.0,0.0,0.0,False,16,False,False,False,False
seq_0057,4,256,numeric,0.0001,,5,0.0,0.0,0.0,False,16,False,False,False,False
seq_0057,4,256,numeric,0.001,,5,0.0,0.0,0.0,False,16,False,False,False,False
seq_0057,4,256,numeric,0.01,,5,0.0078125,0.0009765625,0.0011166930198669434,True,16,True,True,True,True
seq_0057,4,256,numeric,0.1,,5,0.1015625,0.01269388198852539,0.014517366886138916,True,16,True,True,True,True
seq_0057,4,256,bitflip,,sign,5,2.0625,0.2577848434448242,0.2948148846626282,True,16,True,True,True,True
seq_0057,4,256,bitflip,,exponent,5,nan,nan,nan,False,16,True,True,True,True
seq_0057,4,256,bitflip,,mantissa,5,0.0078125,0.0009765625,0.0011166930198669434,True,16,True,True,True,True
seq_0058,18,64,numeric,1e-06,,1,0.0,0.0,0.0,False,16,False,False,False,False
seq_0058,18,64,numeric,1e-05,,1,0.0,0.0,0.0,False,16,False,False,False,False
seq_0058,18,64,numeric,0.0001,,1,0.0,0.0,0.0,False,16,False,False,False,False
seq_0058,18,64,numeric,0.001,,1,0.0,0.0,0.0,False,16,False,False,False,False
seq_0058,18,64,numeric,0.01,,1,0.015625,0.002513885498046875,0.003927469253540039,True,16,True,True,True,True
seq_0058,18,64,numeric,0.1,,1,0.125,0.020111799240112305,0.03141927719116211,True,16,True,True,True,True
seq_0058,18,64,bitflip,,sign,1,2.453125,0.39469408988952637,0.6166036128997803,True,16,True,True,True,True
seq_0058,18,64,bitflip,,exponent,1,nan,nan,nan,False,16,True,True,True,True
seq_0058,18,64,bitflip,,mantissa,1,0.0078125,0.0012569427490234375,0.0019636154174804688,True,16,True,True,True,True
seq_0058,18,256,numeric,1e-06,,1,0.0,0.0,0.0,False,16,False,False,False,False
seq_0058,18,256,numeric,1e-05,,1,0.0,0.0,0.0,False,16,False,False,False,False
seq_0058,18,256,numeric,0.0001,,1,0.0,0.0,0.0,False,16,False,False,False,False
seq_0058,18,256,numeric,0.001,,1,0.0,0.0,0.0,False,16,False,False,False,False
seq_0058,18,256,numeric,0.01,,1,0.0625,0.020716190338134766,0.030037879943847656,True,16,True,True,True,True
seq_0058,18,256,numeric,0.1,,1,0.71875,0.2382345199584961,0.34543943405151367,True,16,True,True,True,True
seq_0058,18,256,bitflip,,sign,1,14.6875,4.868264675140381,7.05898380279541,True,16,True,True,True,True
seq_0058,18,256,bitflip,,exponent,1,7.34375,2.4341320991516113,3.529492139816284,True,16,True,True,True,True
seq_0058,18,256,bitflip,,mantissa,1,0.03125,0.010357856750488281,0.015019416809082031,True,16,True,True,True,True
seq_0059,31,64,numeric,1e-06,,1,0.0,0.0,0.0,False,16,False,False,False,False
seq_0059,31,64,numeric,1e-05,,1,0.0,0.0,0.0,False,16,False,False,False,False
seq_0059,31,64,numeric,0.0001,,1,0.0,0.0,0.0,False,16,False,False,False,False
seq_0059,31,64,numeric,0.001,,1,0.0,0.0,0.0,False,16,False,False,False,False
seq_0059,31,64,numeric,0.01,,1,0.00390625,0.00039386749267578125,0.0005283355712890625,True,16,True,True,True,True
seq_0059,31,64,numeric,0.1,,1,0.033203125,0.0033473968505859375,0.004494667053222656,True,16,True,True,True,True
seq_0059,31,64,bitflip,,sign,1,0.65625,0.0661616325378418,0.08881950378417969,True,16,True,True,True,True
seq_0059,31,64,bitflip,,exponent,1,1.1165515164593293e+38,1.1256843812677096e+37,1.4340910957972356e+37,True,16,True,True,True,True
seq_0059,31,64,bitflip,,mantissa,1,0.001953125,0.00019693374633789062,0.0002651214599609375,True,16,True,True,True,True
seq_0059,31,256,numeric,1e-06,,1,0.0,0.0,0.0,False,16,False,False,False,False
seq_0059,31,256,numeric,1e-05,,1,0.0,0.0,0.0,False,16,False,False,False,False
seq_0059,31,256,numeric,0.0001,,1,0.0,0.0,0.0,False,16,False,False,False,False
seq_0059,31,256,numeric,0.001,,1,0.0,0.0,0.0,False,16,False,False,False,False
seq_0059,31,256,numeric,0.01,,1,0.001953125,0.00011205673217773438,0.00010967254638671875,False,16,True,True,True,True
seq_0059,31,256,numeric,0.1,,1,0.025390625,0.001445770263671875,0.001438140869140625,False,16,True,True,True,True
seq_0059,31,256,bitflip,,sign,1,0.515625,0.02937459945678711,0.029196739196777344,False,16,True,True,True,True
seq_0059,31,256,bitflip,,exponent,1,8.772904772180445e+37,4.9978405241104175e+36,4.967550646843264e+36,False,16,True,True,True,True
seq_0059,31,256,bitflip,,mantissa,1,0.001953125,0.00011205673217773438,0.00010967254638671875,False,16,True,True,True,True
seq_0060,4,64,numeric,1e-06,,4,0.0,0.0,0.0,False,16,False,False,False,False
seq_0060,4,64,numeric,1e-05,,4,0.0,0.0,0.0,False,16,False,False,False,False
seq_0060,4,64,numeric,0.0001,,4,0.0,0.0,0.0,False,16,False,False,False,False
seq_0060,4,64,numeric,0.001,,4,0.0,0.0,0.0,False,16,False,False,False,False
seq_0060,4,64,numeric,0.01,,4,0.03125,0.007984638214111328,0.011048555374145508,True,16,True,True,True,True
seq_0060,4,64,numeric,0.1,,4,0.28125,0.07185888290405273,0.09127998352050781,True,16,True,True,True,True
seq_0060,4,64,bitflip,,sign,4,5.6875,1.4531421661376953,2.0108346939086914,True,16,True,True,True,True
seq_0060,4,64,bitflip,,exponent,4,2.84375,0.7265710830688477,1.0054173469543457,True,16,True,True,True,True
seq_0060,4,64,bitflip,,mantissa,4,0.015625,0.0039920806884765625,0.005136013031005859,True,16,True,True,True,True
seq_0060,4,256,numeric,1e-06,,4,0.0,0.0,0.0,False,16,False,False,False,False
seq_0060,4,256,numeric,1e-05,,4,0.0,0.0,0.0,False,16,False,False,False,False
seq_0060,4,256,numeric,0.0001,,4,0.0,0.0,0.0,False,16,False,False,False,False
seq_0060,4,256,numeric,0.001,,4,0.0,0.0,0.0,False,16,False,False,False,False
seq_0060,4,256,numeric,0.01,,4,0.0078125,0.0008630752563476562,0.002362966537475586,True,16,True,True,True,True
seq_0060,4,256,numeric,0.1,,4,0.09375,0.010357856750488281,0.028355121612548828,True,16,True,True,True,True
seq_0060,4,256,bitflip,,sign,4,1.828125,0.2019813060760498,0.552923321723938,True,16,True,True,True,True
seq_0060,4,256,bitflip,,exponent,4,3.110393510136703e+38,inf,inf,False,16,True,True,True,True
seq_0060,4,256,bitflip,,mantissa,4,0.00390625,0.0004315376281738281,0.0011816024780273438,True,16,True,True,True,True
seq_0061,18,64,numeric,1e-06,,7,0.0,0.0,0.0,False,16,False,False,False,False
seq_0061,18,64,numeric,1e-05,,7,0.0,0.0,0.0,False,16,False,False,False,False
seq_0061,18,64,numeric,0.0001,,7,0.0,0.0,0.0,False,16,False,False,False,False
seq_0061,18,64,numeric,0.001,,7,0.0,0.0,0.0,False,16,False,False,False,False
seq_0061,18,64,numeric,0.01,,7,0.000244140625,1.6689300537109375e-05,2.09808349609375e-05,True,16,True,True,True,True
seq_0061,18,64,numeric,0.1,,7,0.0023193359375,0.00016450881958007812,0.00019788742065429688,True,16,True,True,True,True
seq_0061,18,64,bitflip,,sign,7,0.045654296875,0.003246784210205078,0.0038933753967285156,True,16,True,True,True,True
seq_0061,18,64,bitflip,,exponent,7,7.767676100368102e+36,5.524759223907747e+35,6.624347480543406e+35,True,16,True,True,True,True
seq_0061,18,64,bitflip,,mantissa,7,0.0001220703125,8.106231689453125e-06,1.049041748046875e-05,True,16,False,False,False,False
seq_0061,18,256,numeric,1e-06,,7,0.0,0.0,0.0,False,16,False,False,False,False
seq_0061,18,256,numeric,1e-05,,7,0.0,0.0,0.0,False,16,False,False,False,False
seq_0061,18,256,numeric,0.0001,,7,0.0,0.0,0.0,False,16,False,False,False,False
seq_0061,18,256,numeric,0.001,,7,0.0,0.0,0.0,False,16,False,False,False,False
seq_0061,18,256,numeric,0.01,,7,0.0078125,0.0006284713745117188,0.0015969276428222656,True,16,True,True,True,True
seq_0061,18,256,numeric,0.1,,7,0.08984375,0.007227689027786255,0.01836395263671875,True,16,True,True,True,True
seq_0061,18,256,bitflip,,sign,7,1.7734375,0.14266806840896606,0.3624870777130127,True,16,True,True,True,True
seq_0061,18,256,bitflip,,exponent,7,3.017347550431759e+38,2.427371907172307e+37,inf,True,16,True,True,True,True
seq_0061,18,256,bitflip,,mantissa,7,0.00390625,0.0003142356872558594,0.0007984638214111328,True,16,True,True,True,True
seq_0062,31,64,numeric,1e-06,,0,0.0,0.0,0.0,False,16,False,False,False,False
seq_0062,31,64,numeric,1e-05,,0,0.0,0.0,0.0,False,16,False,False,False,False
seq_0062,31,64,numeric,0.0001,,0,0.0,0.0,0.0,False,16,False,False,False,False
seq_0062,31,64,numeric,0.001,,0,0.0,0.0,0.0,False,16,False,False,False,False
seq_0062,31,64,numeric,0.01,,0,0.0078125,0.0023088455200195312,0.0023088455200195312,False,16,True,True,True,True
seq_0062,31,64,numeric,0.1,,0,0.07421875,0.021934986114501953,0.021935462951660156,True,16,True,True,True,True
seq_0062,31,64,bitflip,,sign,0,1.5078125,0.4456305503845215,0.4456315040588379,True,16,True,True,True,True
seq_0062,31,64,bitflip,,exponent,0,2.5654100318648876e+38,inf,inf,False,16,True,True,True,True
seq_0062,31,64,bitflip,,mantissa,0,0.00390625,0.0011544227600097656,0.0011544227600097656,False,16,True,True,True,True
seq_0062,31,256,numeric,1e-06,,0,0.0,0.0,0.0,False,16,False,False,False,False
seq_0062,31,256,numeric,1e-05,,0,0.0,0.0,0.0,False,16,False,False,False,False
seq_0062,31,256,numeric,0.0001,,0,0.0,0.0,0.0,False,16,False,False,False,False
seq_0062,31,256,numeric,0.001,,0,0.0,0.0,0.0,False,16,False,False,False,False
seq_0062,31,256,numeric,0.01,,0,0.00390625,0.00182342529296875,0.0024385452270507812,True,16,True,True,True,True
seq_0062,31,256,numeric,0.1,,0,0.0390625,0.0182342529296875,0.024384498596191406,True,16,True,True,True,True
seq_0062,31,256,bitflip,,sign,0,0.78125,0.3646883964538574,0.4876894950866699,True,16,True,True,True,True
seq_0062,31,256,bitflip,,exponent,0,1.3292279957849159e+38,inf,inf,False,16,True,True,True,True
seq_0062,31,256,bitflip,,mantissa,0,0.001953125,0.000911712646484375,0.0012192726135253906,True,16,True,True,True,True
seq_0063,4,64,numeric,1e-06,,5,0.0,0.0,0.0,False,16,False,False,False,False
seq_0063,4,64,numeric,1e-05,,5,0.0,0.0,0.0,False,16,False,False,False,False
seq_0063,4,64,numeric,0.0001,,5,0.0,0.0,0.0,False,16,False,False,False,False
seq_0063,4,64,numeric,0.001,,5,0.0,0.0,0.0,False,16,False,False,False,False
seq_0063,4,64,numeric,0.01,,5,0.0078125,0.0006494522094726562,0.0011548995971679688,True,16,True,True,True,True
seq_0063,4,64,numeric,0.1,,5,0.109375,0.009100914001464844,0.016162872314453125,True,16,True,True,True,True
seq_0063,4,64,bitflip,,sign,5,2.15625,0.17941951751708984,0.31863832473754883,True,16,True,True,True,True
seq_0063,4,64,bitflip,,exponent,5,nan,nan,nan,False,16,True,True,True,True
seq_0063,4,64,bitflip,,mantissa,5,0.0078125,0.0006504058837890625,0.0011544227600097656,True,16,True,True,True,True
seq_0063,4,256,numeric,1e-06,,5,0.0,0.0,0.0,False,16,False,False,False,False
seq_0063,4,256,numeric,1e-05,,5,0.0,0.0,0.0,False,16,False,False,False,False
seq_0063,4,256,numeric,0.0001,,5,0.0,0.0,0.0,False,16,False,False,False,False
seq_0063,4,256,numeric,0.001,,5,0.0,0.0,0.0,False,16,False,False,False,False
seq_0063,4,256,numeric,0.01,,5,0.0078125,0.0007767677307128906,0.0010409355163574219,True,16,True,True,True,True
seq_0063,4,256,numeric,0.1,,5,0.1171875,0.011652708053588867,0.015617847442626953,True,16,True,True,True,True
seq_0063,4,256,bitflip,,sign,5,2.296875,0.2283940315246582,0.30611181259155273,True,16,True,True,True,True
seq_0063,4,256,bitflip,,exponent,5,nan,nan,nan,False,16,True,True,True,True
seq_0063,4,256,bitflip,,mantissa,5,0.0078125,0.0007767677307128906,0.001041412353515625,True,16,True,True,True,True
seq_0064,18,64,numeric,1e-06,,1,0.0,0.0,0.0,False,16,False,False,False,False
seq_0064,18,64,numeric,1e-05,,1,0.0,0.0,0.0,False,16,False,False,False,False
seq_0064,18,64,numeric,0.0001,,1,0.0,0.0,0.0,False,16,False,False,False,False
seq_0064,18,64,numeric,0.001,,1,0.0,0.0,0.0,False,16,False,False,False,False
seq_0064,18,64,numeric,0.01,,1,0.00390625,0.0003452301025390625,0.0007767677307128906,True,16,True,True,True,True
seq_0064,18,64,numeric,0.1,,1,0.041015625,0.0036249160766601562,0.008156776428222656,True,16,True,True,True,True
seq_0064,18,64,bitflip,,sign,1,0.8125,0.07181549072265625,0.16158437728881836,True,16,True,True,True,True
seq_0064,18,64,bitflip,,exponent,1,1.3823971156163125e+38,1.2218778920600084e+37,2.749225352208814e+37,True,16,True,True,True,True
seq_0064,18,64,bitflip,,mantissa,1,0.001953125,0.00017261505126953125,0.0003886222839355469,True,16,True,True,True,True
seq_0064,18,256,numeric,1e-06,,1,0.0,0.0,0.0,False,16,False,False,False,False
seq_0064,18,256,numeric,1e-05,,1,0.0,0.0,0.0,False,16,False,False,False,False
seq_0064,18,256,numeric,0.0001,,1,0.0,0.0,0.0,False,16,False,False,False,False
seq_0064,18,256,numeric,0.001,,1,0.0,0.0,0.0,False,16,False,False,False,False
seq_0064,18,256,numeric,0.01,,1,0.015625,0.0027513504028320312,0.005093097686767578,True,16,True,True,True,True
seq_0064,18,256,numeric,0.1,,1,0.2109375,0.03714299201965332,0.06875085830688477,True,16,True,True,True,True
seq_0064,18,256,bitflip,,sign,1,4.25,0.7483658790588379,1.3852109909057617,True,16,True,True,True,True
seq_0064,18,256,bitflip,,exponent,1,2.125,0.37418293952941895,0.6926054954528809,True,16,True,True,True,True
seq_0064,18,256,bitflip,,mantissa,1,0.015625,0.0027513504028320312,0.005093097686767578,True,16,True,True,True,True
seq_0065,31,64,numeric,1e-06,,1,0.0,0.0,0.0,False,16,False,False,False,False
seq_0065,31,64,numeric,1e-05,,1,0.0,0.0,0.0,False,16,False,False,False,False
seq_0065,31,64,numeric,0.0001,,1,0.0,0.0,0.0,False,16,False,False,False,False
seq_0065,31,64,numeric,0.001,,1,0.0,0.0,0.0,False,16,False,False,False,False
seq_0065,31,64,numeric,0.01,,1,0.0078125,0.00023746490478515625,0.0008683204650878906,True,16,True,True,True,True
seq_0065,31,64,numeric,0.1,,1,0.078125,0.0023736953735351562,0.008685588836669922,True,16,True,True,True,True
seq_0065,31,64,bitflip,,sign,1,1.5625,0.047473907470703125,0.17371225357055664,True,16,True,True,True,True
seq_0065,31,64,bitflip,,exponent,1,2.6584559915698317e+38,8.07731814040755e+36,2.9555641362995235e+37,True,16,True,True,True,True
seq_0065,31,64,bitflip,,mantissa,1,0.00390625,0.000118255615234375,0.0004343986511230469,True,16,True,True,True,True
seq_0065,31,256,numeric,1e-06,,1,0.0,0.0,0.0,False,16,False,False,False,False
seq_0065,31,256,numeric,1e-05,,1,0.0,0.0,0.0,False,16,False,False,False,False
seq_0065,31,256,numeric,0.0001,,1,0.0,0.0,0.0,False,16,False,False,False,False
seq_0065,31,256,numeric,0.001,,1,0.0,0.0,0.0,False,16,False,False,False,False
seq_0065,31,256,numeric,0.01,,1,0.00390625,0.0014781951904296875,0.0021576881408691406,True,16,True,True,True,True
seq_0065,31,256,numeric,0.1,,1,0.0546875,0.020694732666015625,0.03021097183227539,True,16,True,True,True,True
seq_0065,31,256,bitflip,,sign,1,1.0703125,0.40501976013183594,0.5912699699401855,True,16,True,True,True,True
seq_0065,31,256,bitflip,,exponent,1,1.8210423542253347e+38,inf,inf,False,16,True,True,True,True
seq_0065,31,256,bitflip,,mantissa,1,0.00390625,0.0014781951904296875,0.0021581649780273438,True,16,True,True,True,True
seq_0066,4,64,numeric,1e-06,,4,0.0,0.0,0.0,False,16,False,False,False,False
seq_0066,4,64,numeric,1e-05,,4,0.0,0.0,0.0,False,16,False,False,False,False
seq_0066,4,64,numeric,0.0001,,4,0.0,0.0,0.0,False,16,False,False,False,False
seq_0066,4,64,numeric,0.001,,4,0.0,0.0,0.0,False,16,False,False,False,False
seq_0066,4,64,numeric,0.01,,4,0.00390625,0.00015914440155029297,0.0009603500366210938,True,16,True,True,True,True
seq_0066,4,64,numeric,0.1,,4,0.052734375,0.0021485090255737305,0.012963533401489258,True,16,True,True,True,True
seq_0066,4,64,bitflip,,sign,4,1.0625,0.04328787326812744,0.2611943483352661,True,16,True,True,True,True
seq_0066,4,64,bitflip,,exponent,4,1.8077500742674856e+38,7.365045550548912e+36,inf,True,16,True,True,True,True
seq_0066,4,64,bitflip,,mantissa,4,0.00390625,0.00015914440155029297,0.0009603500366210938,True,16,True,True,True,True
seq_0066,4,256,numeric,1e-06,,4,0.0,0.0,0.0,False,16,False,False,False,False
seq_0066,4,256,numeric,1e-05,,4,0.0,0.0,0.0,False,16,False,False,False,False
seq_0066,4,256,numeric,0.0001,,4,0.0,0.0,0.0,False,16,False,False,False,False
seq_0066,4,256,numeric,0.001,,4,0.0,0.0,0.0,False,16,False,False,False,False
seq_0066,4,256,numeric,0.01,,4,0.0078125,0.0012621879577636719,0.001726388931274414,True,16,True,True,True,True
seq_0066,4,256,numeric,0.1,,4,0.08203125,0.013255119323730469,0.018126487731933594,True,16,True,True,True,True
seq_0066,4,256,bitflip,,sign,4,1.671875,0.27014970779418945,0.36943578720092773,True,16,True,True,True,True
seq_0066,4,256,bitflip,,exponent,4,2.84454791097972e+38,inf,inf,False,16,True,True,True,True
seq_0066,4,256,bitflip,,mantissa,4,0.00390625,0.0006313323974609375,0.0008630752563476562,True,16,True,True,True,True
seq_0067,18,64,numeric,1e-06,,7,0.0,0.0,0.0,False,16,False,False,False,False
seq_0067,18,64,numeric,1e-05,,7,0.0,0.0,0.0,False,16,False,False,False,False
seq_0067,18,64,numeric,0.0001,,7,0.0,0.0,0.0,False,16,False,False,False,False
seq_0067,18,64,numeric,0.001,,7,0.0,0.0,0.0,False,16,False,False,False,False
seq_0067,18,64,numeric,0.01,,7,0.0009765625,9.107589721679688e-05,0.0002722740173339844,True,16,True,True,True,True
seq_0067,18,64,numeric,0.1,,7,0.0078125,0.0007283687591552734,0.002179384231567383,True,16,True,True,True,True
seq_0067,18,64,bitflip,,sign,7,0.16015625,0.014930009841918945,0.044679880142211914,True,16,True,True,True,True
seq_0067,18,64,bitflip,,exponent,7,2.7249173913590775e+37,2.5402247553877452e+36,7.601857894478748e+36,True,16,True,True,True,True
seq_0067,18,64,bitflip,,mantissa,7,0.00048828125,4.553794860839844e-05,0.0001361370086669922,True,16,True,True,True,True
seq_0067,18,256,numeric,1e-06,,7,0.0,0.0,0.0,False,16,False,False,False,False
seq_0067,18,256,numeric,1e-05,,7,0.0,0.0,0.0,False,16,False,False,False,False
seq_0067,18,256,numeric,0.0001,,7,0.0,0.0,0.0,False,16,False,False,False,False
seq_0067,18,256,numeric,0.001,,7,0.0,0.0,0.0,False,16,False,False,False,False
seq_0067,18,256,numeric,0.01,,7,0.00390625,0.0005285739898681641,0.0006256103515625,True,16,True,True,True,True
seq_0067,18,256,numeric,0.1,,7,0.03125,0.004229307174682617,0.005006313323974609,True,16,True,True,True,True
seq_0067,18,256,bitflip,,sign,7,0.625,0.08459019660949707,0.1001274585723877,True,16,True,True,True,True
seq_0067,18,256,bitflip,,exponent,7,1.0633823966279327e+38,1.439231292216101e+37,1.7035797960142146e+37,True,16,True,True,True,True
seq_0067,18,256,bitflip,,mantissa,7,0.001953125,0.0002644062042236328,0.00031304359436035156,True,16,True,True,True,True
seq_0068,31,64,numeric,1e-06,,0,0.0,0.0,0.0,False,16,False,False,False,False
seq_0068,31,64,numeric,1e-05,,0,0.0,0.0,0.0,False,16,False,False,False,False
seq_0068,31,64,numeric,0.0001,,0,0.0,0.0,0.0,False,16,False,False,False,False
seq_0068,31,64,numeric,0.001,,0,0.0,0.0,0.0,False,16,False,False,False,False
seq_0068,31,64,numeric,0.01,,0,0.0029296875,0.0004754066467285156,0.0004897117614746094,True,16,True,True,True,True
seq_0068,31,64,numeric,0.1,,0,0.0244140625,0.003962039947509766,0.0040798187255859375,True,16,True,True,True,True
seq_0068,31,64,bitflip,,sign,0,0.49609375,0.08050394058227539,0.0829019546508789,True,16,True,True,True,True
seq_0068,31,64,bitflip,,exponent,0,8.440597773234216e+37,1.3697020512092429e+37,1.4105016393077085e+37,True,16,True,True,True,True
seq_0068,31,64,bitflip,,mantissa,0,0.0009765625,0.0001583099365234375,0.00016307830810546875,True,16,True,True,True,True
seq_0068,31,256,numeric,1e-06,,0,0.0,0.0,0.0,False,16,False,False,False,False
seq_0068,31,256,numeric,1e-05,,0,0.0,0.0,0.0,False,16,False,False,False,False
seq_0068,31,256,numeric,0.0001,,0,0.0,0.0,0.0,False,16,False,False,False,False
seq_0068,31,256,numeric,0.001,,0,0.0,0.0,0.0,False,16,False,False,False,False
seq_0068,31,256,numeric,0.01,,0,0.03125,0.005135774612426758,0.012343406677246094,True,16,True,True,True,True
seq_0068,31,256,numeric,0.1,,0,0.34375,0.05649423599243164,0.13577604293823242,True,16,True,True,True,True
seq_0068,31,256,bitflip,,sign,0,6.75,1.1093428134918213,2.666151762008667,True,16,True,True,True,True
seq_0068,31,256,bitflip,,exponent,0,3.375,0.5546712875366211,1.333076000213623,True,16,True,True,True,True
seq_0068,31,256,bitflip,,mantissa,0,0.015625,0.0025680065155029297,0.006171703338623047,True,16,True,True,True,True
seq_0069,4,64,numeric,1e-06,,5,0.0,0.0,0.0,False,16,False,False,False,False
seq_0069,4,64,numeric,1e-05,,5,0.0,0.0,0.0,False,16,False,False,False,False
seq_0069,4,64,numeric,0.0001,,5,0.0,0.0,0.0,False,16,False,False,False,False
seq_0069,4,64,numeric,0.001,,5,0.0,0.0,0.0,False,16,False,False,False,False
seq_0069,4,64,numeric,0.01,,5,0.00390625,0.000308990478515625,0.0007283687591552734,True,16,True,True,True,True
seq_0069,4,64,numeric,0.1,,5,0.041015625,0.003242015838623047,0.007647037506103516,True,16,True,True,True,True
seq_0069,4,64,bitflip,,sign,5,0.828125,0.0654764175415039,0.15439915657043457,True,16,True,True,True,True
seq_0069,4,64,bitflip,,exponent,5,1.4089816755320108e+38,1.114027446643191e+37,2.626964254768602e+37,True,16,True,True,True,True
seq_0069,4,64,bitflip,,mantissa,5,0.001953125,0.00015497207641601562,0.00036406517028808594,True,16,True,True,True,True
seq_0069,4,256,numeric,1e-06,,5,0.0,0.0,0.0,False,16,False,False,False,False
seq_0069,4,256,numeric,1e-05,,5,0.0,0.0,0.0,False,16,False,False,False,False
seq_0069,4,256,numeric,0.0001,,5,0.0,0.0,0.0,False,16,False,False,False,False
seq_0069,4,256,numeric,0.001,,5,0.0,0.0,0.0,False,16,False,False,False,False
seq_0069,4,256,numeric,0.01,,5,0.0009765625,0.00018739700317382812,0.00026607513427734375,True,16,True,True,True,True
seq_0069,4,256,numeric,0.1,,5,0.0078125,0.0014996528625488281,0.0021257400512695312,True,16,True,True,True,True
seq_0069,4,256,bitflip,,sign,5,0.154296875,0.02962017059326172,0.04197978973388672,True,16,True,True,True,True
seq_0069,4,256,bitflip,,exponent,5,2.625225291675209e+37,5.0396039069602366e+36,7.142460683130738e+36,True,16,True,True,True,True
seq_0069,4,256,bitflip,,mantissa,5,0.00048828125,9.393692016601562e-05,0.000133514404296875,True,16,True,True,True,True
seq_0070,18,64,numeric,1e-06,,1,0.0,0.0,0.0,False,16,False,False,False,False
seq_0070,18,64,numeric,1e-05,,1,0.0,0.0,0.0,False,16,False,False,False,False
seq_0070,18,64,numeric,0.0001,,1,0.0,0.0,0.0,False,16,False,False,False,False
seq_0070,18,64,numeric,0.001,,1,0.0,0.0,0.0,False,16,False,False,False,False
seq_0070,18,64,numeric,0.01,,1,0.001953125,0.00019311904907226562,0.0003857612609863281,True,16,True,True,True,True
seq_0070,18,64,numeric,0.1,,1,0.021484375,0.002121448516845703,0.004421234130859375,True,16,True,True,True,True
seq_0070,18,64,bitflip,,sign,1,0.435546875,0.04300880432128906,0.08481431007385254,True,16,True,True,True,True
seq_0070,18,64,bitflip,,exponent,1,7.410446076500906e+37,7.31754541490776e+36,1.5249150921770876e+37,True,16,True,True,True,True
seq_0070,18,64,bitflip,,mantissa,1,0.0009765625,9.679794311523438e-05,0.0001901388168334961,True,16,True,True,True,True
seq_0070,18,256,numeric,1e-06,,1,0.0,0.0,0.0,False,16,False,False,False,False
seq_0070,18,256,numeric,1e-05,,1,0.0,0.0,0.0,False,16,False,False,False,False
seq_0070,18,256,numeric,0.0001,,1,0.0,0.0,0.0,False,16,False,False,False,False
seq_0070,18,256,numeric,0.001,,1,0.0,0.0,0.0,False,16,False,False,False,False
seq_0070,18,256,numeric,0.01,,1,0.0078125,0.0007181167602539062,0.001758575439453125,True,16,True,True,True,True
seq_0070,18,256,numeric,0.1,,1,0.09375,0.008610725402832031,0.021104812622070312,True,16,True,True,True,True
seq_0070,18,256,bitflip,,sign,1,1.890625,0.17363739013671875,0.42560577392578125,True,16,True,True,True,True
seq_0070,18,256,bitflip,,exponent,1,3.2167317497994964e+38,2.954278992121012e+37,inf,True,16,True,True,True,True
seq_0070,18,256,bitflip,,mantissa,1,0.00390625,0.00035858154296875,0.0008792877197265625,True,16,True,True,True,True
seq_0071,31,64,numeric,1e-06,,1,0.0,0.0,0.0,False,16,False,False,False,False
seq_0071,31,64,numeric,1e-05,,1,0.0,0.0,0.0,False,16,False,False,False,False
seq_0071,31,64,numeric,0.0001,,1,0.0,0.0,0.0,False,16,False,False,False,False
seq_0071,31,64,numeric,0.001,,1,0.0,0.0,0.0,False,16,False,False,False,False
seq_0071,31,64,numeric,0.01,,1,0.0078125,0.0014677047729492188,0.0009546279907226562,False,16,True,True,True,True
seq_0071,31,64,numeric,0.1,,1,0.078125,0.014674186706542969,0.009548187255859375,False,16,True,True,True,True
seq_0071,31,64,bitflip,,sign,1,1.578125,0.29641103744506836,0.1928858757019043,False,16,True,True,True,True
seq_0071,31,64,bitflip,,exponent,1,2.68504055148553e+38,inf,inf,False,16,True,True,True,True
seq_0071,31,64,bitflip,,mantissa,1,0.00390625,0.0007343292236328125,0.0004773139953613281,False,16,True,True,True,True
seq_0071,31,256,numeric,1e-06,,1,0.0,0.0,0.0,False,16,False,False,False,False
seq_0071,31,256,numeric,1e-05,,1,0.0,0.0,0.0,False,16,False,False,False,False
seq_0071,31,256,numeric,0.0001,,1,0.0,0.0,0.0,False,16,False,False,False,False
seq_0071,31,256,numeric,0.001,,1,0.0,0.0,0.0,False,16,False,False,False,False
seq_0071,31,256,numeric,0.01,,1,0.000244140625,1.4781951904296875e-05,6.4849853515625e-05,True,16,False,False,True,True
seq_0071,31,256,numeric,0.1,,1,0.002685546875,0.00015974044799804688,0.0007190704345703125,True,16,True,True,True,True
seq_0071,31,256,bitflip,,sign,1,0.052978515625,0.0031456947326660156,0.014195442199707031,True,16,True,True,True,True
seq_0071,31,256,bitflip,,exponent,1,9.013827346416461e+36,5.352944238397688e+35,2.4648440709014986e+36,True,16,True,True,True,True
seq_0071,31,256,bitflip,,mantissa,1,0.0001220703125,6.67572021484375e-06,3.337860107421875e-05,True,16,False,False,True,True
seq_0072,4,64,numeric,1e-06,,4,0.0,0.0,0.0,False,16,False,False,False,False
seq_0072,4,64,numeric,1e-05,,4,0.0,0.0,0.0,False,16,False,False,False,False
seq_0072,4,64,numeric,0.0001,,4,0.0,0.0,0.0,False,16,False,False,False,False
seq_0072,4,64,numeric,0.001,,4,0.0,0.0,0.0,False,16,False,False,False,False
seq_0072,4,64,numeric,0.01,,4,0.0078125,0.0005772113800048828,0.001456618309020996,True,16,True,True,True,True
seq_0072,4,64,numeric,0.1,,4,0.08203125,0.00606083869934082,0.015294313430786133,True,16,True,True,True,True
seq_0072,4,64,bitflip,,sign,4,1.6328125,0.12064385414123535,0.3044283390045166,True,16,True,True,True,True
seq_0072,4,64,bitflip,,exponent,4,2.778086511190474e+38,2.0526484317870214e+37,inf,True,16,True,True,True,True
seq_0072,4,64,bitflip,,mantissa,4,0.00390625,0.0002887248992919922,0.0007282495498657227,True,16,True,True,True,True
seq_0072,4,256,numeric,1e-06,,4,0.0,0.0,0.0,False,16,False,False,False,False
seq_0072,4,256,numeric,1e-05,,4,0.0,0.0,0.0,False,16,False,False,False,False
seq_0072,4,256,numeric,0.0001,,4,0.0,0.0,0.0,False,16,False,False,False,False
seq_0072,4,256,numeric,0.001,,4,0.0,0.0,0.0,False,16,False,False,False,False
seq_0072,4,256,numeric,0.01,,4,0.015625,0.0013540983200073242,0.003840923309326172,True,16,True,True,True,True
seq_0072,4,256,numeric,0.1,,4,0.21875,0.01895737648010254,0.06797432899475098,True,16,True,True,True,True
seq_0072,4,256,bitflip,,sign,4,4.46875,0.38727086782455444,1.09855318069458,True,16,True,True,True,True
seq_0072,4,256,bitflip,,exponent,4,2.234375,0.1936354637145996,0.54927659034729,True,16,True,True,True,True
seq_0072,4,256,bitflip,,mantissa,4,0.015625,0.0013540983200073242,0.003840923309326172,True,16,True,True,True,True
seq_0073,18,64,numeric,1e-06,,7,0.0,0.0,0.0,False,16,False,False,False,False
seq_0073,18,64,numeric,1e-05,,7,0.0,0.0,0.0,False,16,False,False,False,False
seq_0073,18,64,numeric,0.0001,,7,0.0,0.0,0.0,False,16,False,False,False,False
seq_0073,18,64,numeric,0.001,,7,0.0,0.0,0.0,False,16,False,False,False,False
seq_0073,18,64,numeric,0.01,,7,0.00390625,0.0003910064697265625,0.0005772113800048828,True,16,True,True,True,True
seq_0073,18,64,numeric,0.1,,7,0.03515625,0.0035200119018554688,0.0038115978240966797,True,16,True,True,True,True
seq_0073,18,64,bitflip,,sign,7,0.703125,0.070404052734375,0.10390377044677734,True,16,True,True,True,True
seq_0073,18,64,bitflip,,exponent,7,1.1963051962064243e+38,1.1978295460531987e+37,2.0652233989762254e+37,True,16,True,True,True,True
seq_0073,18,64,bitflip,,mantissa,7,0.001953125,0.00019550323486328125,0.0002886056900024414,True,16,True,True,True,True
seq_0073,18,256,numeric,1e-06,,7,0.0,0.0,0.0,False,16,False,False,False,False
seq_0073,18,256,numeric,1e-05,,7,0.0,0.0,0.0,False,16,False,False,False,False
seq_0073,18,256,numeric,0.0001,,7,0.0,0.0,0.0,False,16,False,False,False,False
seq_0073,18,256,numeric,0.001,,7,0.0,0.0,0.0,False,16,False,False,False,False
seq_0073,18,256,numeric,0.01,,7,0.03125,0.005114316940307617,0.006430625915527344,True,16,True,True,True,True
seq_0073,18,256,numeric,0.1,,7,0.328125,0.05369985103607178,0.06752133369445801,True,16,True,True,True,True
seq_0073,18,256,bitflip,,sign,7,6.625,1.0842245817184448,1.3632866144180298,True,16,True,True,True,True
seq_0073,18,256,bitflip,,exponent,7,3.3125,0.5421122908592224,0.6816433668136597,True,16,True,True,True,True
seq_0073,18,256,bitflip,,mantissa,7,0.015625,0.0025571584701538086,0.003215312957763672,True,16,True,True,True,True
seq_0074,31,64,numeric,1e-06,,0,0.0,0.0,0.0,False,16,False,False,False,False
seq_0074,31,64,numeric,1e-05,,0,0.0,0.0,0.0,False,16,False,False,False,False
seq_0074,31,64,numeric,0.0001,,0,0.0,0.0,0.0,False,16,False,False,False,False
seq_0074,31,64,numeric,0.001,,0,0.0,0.0,0.0,False,16,False,False,False,False
seq_0074,31,64,numeric,0.01,,0,0.015625,0.0017480850219726562,0.002762317657470703,True,16,True,True,True,True
seq_0074,31,64,numeric,0.1,,0,0.125,0.013983488082885742,0.022097110748291016,True,16,True,True,True,True
seq_0074,31,64,bitflip,,sign,0,2.515625,0.2814141511917114,0.4447038173675537,True,16,True,True,True,True
seq_0074,31,64,bitflip,,exponent,0,nan,nan,nan,False,16,True,True,True,True
seq_0074,31,64,bitflip,,mantissa,0,0.0078125,0.0008738040924072266,0.00138092041015625,True,16,True,True,True,True
seq_0074,31,256,numeric,1e-06,,0,0.0,0.0,0.0,False,16,False,False,False,False
seq_0074,31,256,numeric,1e-05,,0,0.0,0.0,0.0,False,16,False,False,False,False
seq_0074,31,256,numeric,0.0001,,0,0.0,0.0,0.0,False,16,False,False,False,False
seq_0074,31,256,numeric,0.001,,0,0.0,0.0,0.0,False,16,False,False,False,False
seq_0074,31,256,numeric,0.01,,0,0.00048828125,4.291534423828125e-05,7.724761962890625e-05,True,16,True,True,True,True
seq_0074,31,256,numeric,0.1,,0,0.004638671875,0.0004100799560546875,0.0007371902465820312,True,16,True,True,True,True
seq_0074,31,256,bitflip,,sign,0,0.09375,0.008286476135253906,0.014889717102050781,True,16,True,True,True,True
seq_0074,31,256,bitflip,,exponent,0,1.595073594941899e+37,1.4098591306009828e+36,2.5333406203468808e+36,True,16,True,True,True,True
seq_0074,31,256,bitflip,,mantissa,0,0.000244140625,2.1457672119140625e-05,3.8623809814453125e-05,True,16,True,True,True,True
seq_0075,4,64,numeric,1e-06,,5,0.0,0.0,0.0,False,16,False,False,False,False
seq_0075,4,64,numeric,1e-05,,5,0.0,0.0,0.0,False,16,False,False,False,False
seq_0075,4,64,numeric,0.0001,,5,0.0,0.0,0.0,False,16,False,False,False,False
seq_0075,4,64,numeric,0.001,,5,0.0,0.0,0.0,False,16,False,False,False,False
seq_0075,4,64,numeric,0.01,,5,0.03125,0.0020499229431152344,0.004423618316650391,True,16,True,True,True,True
seq_0075,4,64,numeric,0.1,,5,0.4375,0.02870035171508789,0.06193256378173828,True,16,True,True,True,True
seq_0075,4,64,bitflip,,sign,5,9.0,0.5904068946838379,1.2740354537963867,True,16,True,True,True,True
seq_0075,4,64,bitflip,,exponent,5,4.5,0.29520320892333984,0.6370177268981934,True,16,True,True,True,True
seq_0075,4,64,bitflip,,mantissa,5,0.03125,0.0020499229431152344,0.004423618316650391,True,16,True,True,True,True
seq_0075,4,256,numeric,1e-06,,5,0.0,0.0,0.0,False,16,False,False,False,False
seq_0075,4,256,numeric,1e-05,,5,0.0,0.0,0.0,False,16,False,False,False,False
seq_0075,4,256,numeric,0.0001,,5,0.0,0.0,0.0,False,16,False,False,False,False
seq_0075,4,256,numeric,0.001,,5,0.0,0.0,0.0,False,16,False,False,False,False
seq_0075,4,256,numeric,0.01,,5,0.0009765625,0.00021314620971679688,0.00026297569274902344,True,16,True,True,True,True
seq_0075,4,256,numeric,0.1,,5,0.01123046875,0.0024504661560058594,0.0030243396759033203,True,16,True,True,True,True
seq_0075,4,256,bitflip,,sign,5,0.2294921875,0.050077199935913086,0.06180429458618164,True,16,True,True,True,True
seq_0075,4,256,bitflip,,exponent,5,3.9046072376181904e+37,8.520194061482786e+36,1.0515429203169811e+37,True,16,True,True,True,True
seq_0075,4,256,bitflip,,mantissa,5,0.00048828125,0.00010633468627929688,0.00013136863708496094,True,16,True,True,True,True
seq_0076,18,64,numeric,1e-06,,1,0.0,0.0,0.0,False,16,False,False,False,False
seq_0076,18,64,numeric,1e-05,,1,0.0,0.0,0.0,False,16,False,False,False,False
seq_0076,18,64,numeric,0.0001,,1,0.0,0.0,0.0,False,16,False,False,False,False
seq_0076,18,64,numeric,0.001,,1,0.0,0.0,0.0,False,16,False,False,False,False
seq_0076,18,64,numeric,0.01,,1,0.001953125,0.0003452301025390625,0.00022530555725097656,False,16,True,True,True,True
seq_0076,18,64,numeric,0.1,,1,0.015625,0.002762138843536377,0.0018017292022705078,False,16,True,True,True,True
seq_0076,18,64,bitflip,,sign,1,0.3203125,0.056623756885528564,0.03693819046020508,False,16,True,True,True,True
seq_0076,18,64,bitflip,,exponent,1,5.449834782718155e+37,9.634037445258824e+36,6.924464710885389e+36,False,16,True,True,True,True
seq_0076,18,64,bitflip,,mantissa,1,0.0009765625,0.00017267465591430664,0.0001125335693359375,False,16,True,True,True,True
seq_0076,18,256,numeric,1e-06,,1,0.0,0.0,0.0,False,16,False,False,False,False
seq_0076,18,256,numeric,1e-05,,1,0.0,0.0,0.0,False,16,False,False,False,False
seq_0076,18,256,numeric,0.0001,,1,0.0,0.0,0.0,False,16,False,False,False,False
seq_0076,18,256,numeric,0.001,,1,0.0,0.0,0.0,False,16,False,False,False,False
seq_0076,18,256,numeric,0.01,,1,0.015625,0.002319812774658203,0.0031290054321289062,True,16,True,True,True,True
seq_0076,18,256,numeric,0.1,,1,0.15625,0.023197650909423828,0.031289100646972656,True,16,True,True,True,True
seq_0076,18,256,bitflip,,sign,1,3.0625,0.45467329025268555,0.6132802963256836,True,16,True,True,True,True
seq_0076,18,256,bitflip,,exponent,1,nan,nan,nan,False,16,True,True,True,True
seq_0076,18,256,bitflip,,mantissa,1,0.0078125,0.00115966796875,0.0015649795532226562,True,16,True,True,True,True
seq_0077,31,64,numeric,1e-06,,1,0.0,0.0,0.0,False,16,False,False,False,False
seq_0077,31,64,numeric,1e-05,,1,0.0,0.0,0.0,False,16,False,False,False,False
seq_0077,31,64,numeric,0.0001,,1,0.0,0.0,0.0,False,16,False,False,False,False
seq_0077,31,64,numeric,0.001,,1,0.0,0.0,0.0,False,16,False,False,False,False
seq_0077,31,64,numeric,0.01,,1,0.015625,0.0015859603881835938,0.0038194656372070312,True,16,True,True,True,True
seq_0077,31,64,numeric,0.1,,1,0.1328125,0.01348114013671875,0.03246593475341797,True,16,True,True,True,True
seq_0077,31,64,bitflip,,sign,1,2.703125,0.27439022064208984,0.6607761383056641,True,16,True,True,True,True
seq_0077,31,64,bitflip,,exponent,1,nan,nan,nan,False,16,True,True,True,True
seq_0077,31,64,bitflip,,mantissa,1,0.0078125,0.00079345703125,0.0019092559814453125,True,16,True,True,True,True
seq_0077,31,256,numeric,1e-06,,1,0.0,0.0,0.0,False,16,False,False,False,False
seq_0077,31,256,numeric,1e-05,,1,0.0,0.0,0.0,False,16,False,False,False,False
seq_0077,31,256,numeric,0.0001,,1,0.0,0.0,0.0,False,16,False,False,False,False
seq_0077,31,256,numeric,0.001,,1,0.0,0.0,0.0,False,16,False,False,False,False
seq_0077,31,256,numeric,0.01,,1,0.001953125,5.9604644775390625e-05,0.0001544952392578125,True,16,True,True,True,True
seq_0077,31,256,numeric,0.1,,1,0.025390625,0.0007715225219726562,0.0020074844360351562,True,16,True,True,True,True
seq_0077,31,256,bitflip,,sign,1,0.51171875,0.015547752380371094,0.040459632873535156,True,16,True,True,True,True
seq_0077,31,256,bitflip,,exponent,1,8.706443372391199e+37,2.645321705244542e+36,6.883848551828777e+36,True,16,True,True,True,True
seq_0077,31,256,bitflip,,mantissa,1,0.001953125,5.91278076171875e-05,0.0001544952392578125,True,16,True,True,True,True
seq_0078,4,64,numeric,1e-06,,4,0.0,0.0,0.0,False,16,False,False,False,False
seq_0078,4,64,numeric,1e-05,,4,0.0,0.0,0.0,False,16,False,False,False,False
seq_0078,4,64,numeric,0.0001,,4,0.0,0.0,0.0,False,16,False,False,False,False
seq_0078,4,64,numeric,0.001,,4,0.0,0.0,0.0,False,16,False,False,False,False
seq_0078,4,64,numeric,0.01,,4,0.00048828125,8.195638656616211e-05,0.00015307962894439697,True,16,True,True,True,True
seq_0078,4,64,numeric,0.1,,4,0.00537109375,0.0009012520313262939,0.001683846116065979,True,16,True,True,True,True
seq_0078,4,64,bitflip,,sign,4,0.109375,0.01835310459136963,0.03564882278442383,True,16,True,True,True,True
seq_0078,4,64,bitflip,,exponent,4,1.8609191940988822e+37,3.1226176676988e+36,6.06533162986381e+36,True,16,True,True,True,True
seq_0078,4,64,bitflip,,mantissa,4,0.000244140625,4.079937934875488e-05,7.653236389160156e-05,True,16,True,True,True,True
seq_0078,4,256,numeric,1e-06,,4,0.0,0.0,0.0,False,16,False,False,False,False
seq_0078,4,256,numeric,1e-05,,4,0.0,0.0,0.0,False,16,False,False,False,False
seq_0078,4,256,numeric,0.0001,,4,0.0,0.0,0.0,False,16,False,False,False,False
seq_0078,4,256,numeric,0.001,,4,0.0,0.0,0.0,False,16,False,False,False,False
seq_0078,4,256,numeric,0.01,,4,0.0078125,0.0010466575622558594,0.0019097551703453064,True,16,True,True,True,True
seq_0078,4,256,numeric,0.1,,4,0.09375,0.012559175491333008,0.02291709929704666,True,16,True,True,True,True
seq_0078,4,256,bitflip,,sign,4,1.84375,0.2469954490661621,0.45070287585258484,True,16,True,True,True,True
seq_0078,4,256,bitflip,,exponent,4,3.1369780700524015e+38,inf,inf,False,16,True,True,True,True
seq_0078,4,256,bitflip,,mantissa,4,0.00390625,0.0005233287811279297,0.0009548813104629517,True,16,True,True,True,True
seq_0079,18,64,numeric,1e-06,,7,0.0,0.0,0.0,False,16,False,False,False,False
seq_0079,18,64,numeric,1e-05,,7,0.0,0.0,0.0,False,16,False,False,False,False
seq_0079,18,64,numeric,0.0001,,7,0.0,0.0,0.0,False,16,False,False,False,False
seq_0079,18,64,numeric,0.001,,7,0.0,0.0,0.0,False,16,False,False,False,False
seq_0079,18,64,numeric,0.01,,7,0.0078125,0.0015213489532470703,0.00289154052734375,True,16,True,True,True,True
seq_0079,18,64,numeric,0.1,,7,0.08203125,0.015974044799804688,0.030361652374267578,True,16,True,True,True,True
seq_0079,18,64,bitflip,,sign,7,1.625,0.31643712520599365,0.6014556884765625,True,16,True,True,True,True
seq_0079,18,64,bitflip,,exponent,7,2.764794231232625e+38,inf,inf,False,16,True,True,True,True
seq_0079,18,64,bitflip,,mantissa,7,0.00390625,0.0007606744766235352,0.001445770263671875,True,16,True,True,True,True
seq_0079,18,256,numeric,1e-06,,7,0.0,0.0,0.0,False,16,False,False,False,False
seq_0079,18,256,numeric,1e-05,,7,0.0,0.0,0.0,False,16,False,False,False,False
seq_0079,18,256,numeric,0.0001,,7,0.0,0.0,0.0,False,16,False,False,False,False
seq_0079,18,256,numeric,0.001,,7,0.0,0.0,0.0,False,16,False,False,False,False
seq_0079,18,256,numeric,0.01,,7,0.00390625,0.0002804994583129883,0.0004668235778808594,True,16,True,True,True,True
seq_0079,18,256,numeric,0.1,,7,0.0546875,0.003927469253540039,0.006533145904541016,True,16,True,True,True,True
seq_0079,18,256,bitflip,,sign,7,1.09375,0.07854831218719482,0.1306617259979248,True,16,True,True,True,True
seq_0079,18,256,bitflip,,exponent,7,1.8609191940988822e+38,1.3364290117845724e+37,1.837589859512522e+37,True,16,True,True,True,True
seq_0079,18,256,bitflip,,mantissa,7,0.00390625,0.0002804994583129883,0.0004665851593017578,True,16,True,True,True,True
seq_0080,31,64,numeric,1e-06,,0,0.0,0.0,0.0,False,16,False,False,False,False
seq_0080,31,64,numeric,1e-05,,0,0.0,0.0,0.0,False,16,False,False,False,False
seq_0080,31,64,numeric,0.0001,,0,0.0,0.0,0.0,False,16,False,False,False,False
seq_0080,31,64,numeric,0.001,,0,0.0,0.0,0.0,False,16,False,False,False,False
seq_0080,31,64,numeric,0.01,,0,0.00390625,0.00026297569274902344,0.0008094310760498047,True,16,True,True,True,True
seq_0080,31,64,numeric,0.1,,0,0.044921875,0.0030243396759033203,0.009306192398071289,True,16,True,True,True,True
seq_0080,31,64,bitflip,,sign,0,0.9140625,0.061541080474853516,0.18935751914978027,True,16,True,True,True,True
seq_0080,31,64,bitflip,,exponent,0,1.5551967550683516e+38,1.0470682404632355e+37,inf,True,16,True,True,True,True
seq_0080,31,64,bitflip,,mantissa,0,0.001953125,0.0001316070556640625,0.00040459632873535156,True,16,True,True,True,True
seq_0080,31,256,numeric,1e-06,,0,0.0,0.0,0.0,False,16,False,False,False,False
seq_0080,31,256,numeric,1e-05,,0,0.0,0.0,0.0,False,16,False,False,False,False
seq_0080,31,256,numeric,0.0001,,0,0.0,0.0,0.0,False,16,False,False,False,False
seq_0080,31,256,numeric,0.001,,0,0.0,0.0,0.0,False,16,False,False,False,False
seq_0080,31,256,numeric,0.01,,0,0.015625,0.0020177364349365234,0.0028916001319885254,True,16,True,True,True,True
seq_0080,31,256,numeric,0.1,,0,0.1328125,0.017150163650512695,0.02457869052886963,True,16,True,True,True,True
seq_0080,31,256,bitflip,,sign,0,2.703125,0.34905409812927246,0.5002487897872925,True,16,True,True,True,True
seq_0080,31,256,bitflip,,exponent,0,nan,nan,nan,False,16,True,True,True,True
seq_0080,31,256,bitflip,,mantissa,0,0.0078125,0.001008749008178711,0.001445770263671875,True,16,True,True,True,True
seq_0081,4,64,numeric,1e-06,,5,0.0,0.0,0.0,False,16,False,False,False,False
seq_0081,4,64,numeric,1e-05,,5,0.0,0.0,0.0,False,16,False,False,False,False
seq_0081,4,64,numeric,0.0001,,5,0.0,0.0,0.0,False,16,False,False,False,False
seq_0081,4,64,numeric,0.001,,5,0.0,0.0,0.0,False,16,False,False,False,False
seq_0081,4,64,numeric,0.01,,5,6.103515625e-05,5.7220458984375e-06,1.0013580322265625e-05,True,16,False,False,False,False
seq_0081,4,64,numeric,0.1,,5,0.0006103515625,6.008148193359375e-05,0.00010156631469726562,True,16,True,True,True,True
seq_0081,4,64,bitflip,,sign,5,0.01220703125,0.0011968612670898438,0.0020313262939453125,True,16,True,True,True,True
seq_0081,4,64,bitflip,,exponent,5,2.076918743413931e+36,2.0365397142477237e+35,3.456380880272041e+35,True,16,True,True,True,True
seq_0081,4,64,bitflip,,mantissa,5,3.0517578125e-05,2.384185791015625e-06,5.245208740234375e-06,True,16,False,False,False,False
seq_0081,4,256,numeric,1e-06,,5,0.0,0.0,0.0,False,16,False,False,False,False
seq_0081,4,256,numeric,1e-05,,5,0.0,0.0,0.0,False,16,False,False,False,False
seq_0081,4,256,numeric,0.0001,,5,0.0,0.0,0.0,False,16,False,False,False,False
seq_0081,4,256,numeric,0.001,,5,0.0,0.0,0.0,False,16,False,False,False,False
seq_0081,4,256,numeric,0.01,,5,0.001953125,0.00020766258239746094,0.00045037269592285156,True,16,True,True,True,True
seq_0081,4,256,numeric,0.1,,5,0.021484375,0.0022847652435302734,0.0049550533294677734,True,16,True,True,True,True
seq_0081,4,256,bitflip,,sign,5,0.423828125,0.04507088661193848,0.09775114059448242,True,16,True,True,True,True
seq_0081,4,256,bitflip,,exponent,5,7.211061877133169e+37,7.668403846563029e+36,1.6631473195295751e+37,True,16,True,True,True,True
seq_0081,4,256,bitflip,,mantissa,5,0.0009765625,0.00010395050048828125,0.00022530555725097656,True,16,True,True,True,True
seq_0082,18,64,numeric,1e-06,,1,0.0,0.0,0.0,False,16,False,False,False,False
seq_0082,18,64,numeric,1e-05,,1,0.0,0.0,0.0,False,16,False,False,False,False
seq_0082,18,64,numeric,0.0001,,1,0.0,0.0,0.0,False,16,False,False,False,False
seq_0082,18,64,numeric,0.001,,1,0.0,0.0,0.0,False,16,False,False,False,False
seq_0082,18,64,numeric,0.01,,1,0.00390625,0.001953125,0.0031290054321289062,True,16,True,True,True,True
seq_0082,18,64,numeric,0.1,,1,0.033203125,0.016599655151367188,0.0265960693359375,True,16,True,True,True,True
seq_0082,18,64,bitflip,,sign,1,0.65625,0.32808971405029297,0.5256690979003906,True,16,True,True,True,True
seq_0082,18,64,bitflip,,exponent,1,1.1165515164593293e+38,inf,inf,False,16,True,True,True,True
seq_0082,18,64,bitflip,,mantissa,1,0.001953125,0.0009765625,0.0015649795532226562,True,16,True,True,True,True
seq_0082,18,256,numeric,1e-06,,1,0.0,0.0,0.0,False,16,False,False,False,False
seq_0082,18,256,numeric,1e-05,,1,0.0,0.0,0.0,False,16,False,False,False,False
seq_0082,18,256,numeric,0.0001,,1,0.0,0.0,0.0,False,16,False,False,False,False
seq_0082,18,256,numeric,0.001,,1,0.0,0.0,0.0,False,16,False,False,False,False
seq_0082,18,256,numeric,0.01,,1,0.001953125,0.00012969970703125,0.00016260147094726562,True,16,True,True,True,True
seq_0082,18,256,numeric,0.1,,1,0.015625,0.001035928726196289,0.0012998580932617188,True,16,True,True,True,True
seq_0082,18,256,bitflip,,sign,1,0.3046875,0.020198345184326172,0.025352954864501953,True,16,True,True,True,True
seq_0082,18,256,bitflip,,exponent,1,5.183989183561172e+37,3.4365316902610175e+36,4.3135633639325193e+36,True,16,True,True,True,True
seq_0082,18,256,bitflip,,mantissa,1,0.0009765625,6.461143493652344e-05,8.153915405273438e-05,True,16,True,True,True,True
seq_0083,31,64,numeric,1e-06,,1,0.0,0.0,0.0,False,16,False,False,False,False
seq_0083,31,64,numeric,1e-05,,1,0.0,0.0,0.0,False,16,False,False,False,False
seq_0083,31,64,numeric,0.0001,,1,0.0,0.0,0.0,False,16,False,False,False,False
seq_0083,31,64,numeric,0.001,,1,0.0,0.0,0.0,False,16,False,False,False,False
seq_0083,31,64,numeric,0.01,,1,0.015625,0.0019321441650390625,0.0034313201904296875,True,16,True,True,True,True
seq_0083,31,64,numeric,0.1,,1,0.140625,0.017381668090820312,0.030879974365234375,True,16,True,True,True,True
seq_0083,31,64,bitflip,,sign,1,2.8125,0.3476400375366211,0.6175961494445801,True,16,True,True,True,True
seq_0083,31,64,bitflip,,exponent,1,nan,nan,nan,False,16,True,True,True,True
seq_0083,31,64,bitflip,,mantissa,1,0.0078125,0.000965118408203125,0.0017156600952148438,True,16,True,True,True,True
seq_0083,31,256,numeric,1e-06,,1,0.0,0.0,0.0,False,16,False,False,False,False
seq_0083,31,256,numeric,1e-05,,1,0.0,0.0,0.0,False,16,False,False,False,False
seq_0083,31,256,numeric,0.0001,,1,0.0,0.0,0.0,False,16,False,False,False,False
seq_0083,31,256,numeric,0.001,,1,0.0,0.0,0.0,False,16,False,False,False,False
seq_0083,31,256,numeric,0.01,,1,0.00048828125,2.9802322387695312e-05,5.7220458984375e-05,True,16,True,True,True,True
seq_0083,31,256,numeric,0.1,,1,0.00439453125,0.00026702880859375,0.000518798828125,True,16,True,True,True,True
seq_0083,31,256,bitflip,,sign,1,0.087890625,0.0053408145904541016,0.010378360748291016,True,16,True,True,True,True
seq_0083,31,256,bitflip,,exponent,1,1.4953814952580304e+37,9.086982987186657e+35,1.7657659807716607e+36,True,16,True,True,True,True
seq_0083,31,256,bitflip,,mantissa,1,0.000244140625,1.4781951904296875e-05,2.9087066650390625e-05,True,16,True,True,True,True
seq_0000,4,64,numeric,1e-06,,4,0.0,0.0,0.0,False,16,False,False,False,False
seq_0000,4,64,numeric,1e-05,,4,0.0,0.0,0.0,False,16,False,False,False,False
seq_0000,4,64,numeric,0.0001,,4,0.0,0.0,0.0,False,16,False,False,False,False
seq_0000,4,64,numeric,0.001,,4,0.0,0.0,0.0,False,16,False,False,False,False
seq_0000,4,64,numeric,0.01,,4,0.0078125,0.001122117042541504,0.0018558502197265625,True,16,True,True,True,True
seq_0000,4,64,numeric,0.1,,4,0.078125,0.011221200227737427,0.018558263778686523,True,16,True,True,True,True
seq_0000,4,64,bitflip,,sign,4,1.5703125,0.22554561495780945,0.3730177879333496,True,16,True,True,True,True
seq_0000,4,64,bitflip,,exponent,4,2.671748271527681e+38,inf,inf,False,16,True,True,True,True
seq_0000,4,64,bitflip,,mantissa,4,0.00390625,0.000561058521270752,0.0009279251098632812,True,16,True,True,True,True
seq_0000,4,256,numeric,1e-06,,4,0.0,0.0,0.0,False,16,False,False,False,False
seq_0000,4,256,numeric,1e-05,,4,0.0,0.0,0.0,False,16,False,False,False,False
seq_0000,4,256,numeric,0.0001,,4,0.0,0.0,0.0,False,16,False,False,False,False
seq_0000,4,256,numeric,0.001,,4,0.0,0.0,0.0,False,16,False,False,False,False
seq_0000,4,256,numeric,0.01,,4,0.03125,0.00992642529308796,0.014414787292480469,True,16,True,True,True,True
seq_0000,4,256,numeric,0.1,,4,0.375,0.11911710351705551,0.17297863960266113,True,16,True,True,True,True
seq_0000,4,256,bitflip,,sign,4,7.46875,2.37241530418396,3.445159912109375,True,16,True,True,True,True
seq_0000,4,256,bitflip,,exponent,4,3.734375,1.1862077713012695,1.7225799560546875,True,16,True,True,True,True
seq_0000,4,256,bitflip,,mantissa,4,0.015625,0.004963211715221405,0.007207393646240234,True,16,True,True,True,True
seq_0001,18,64,numeric,1e-06,,7,0.0,0.0,0.0,False,16,False,False,False,False
seq_0001,18,64,numeric,1e-05,,7,0.0,0.0,0.0,False,16,False,False,False,False
seq_0001,18,64,numeric,0.0001,,7,0.0,0.0,0.0,False,16,False,False,False,False
seq_0001,18,64,numeric,0.001,,7,0.0,0.0,0.0,False,16,False,False,False,False
seq_0001,18,64,numeric,0.01,,7,0.00048828125,6.374716758728027e-05,8.344650268554688e-05,True,16,True,True,True,True
seq_0001,18,64,numeric,0.1,,7,0.005859375,0.0007647275924682617,0.001003265380859375,True,16,True,True,True,True
seq_0001,18,64,bitflip,,sign,7,0.1171875,0.01529422402381897,0.025409579277038574,True,16,True,True,True,True
seq_0001,18,64,bitflip,,exponent,7,1.9938419936773738e+37,2.60218149538655e+36,4.3232009945334045e+36,True,16,True,True,True,True
seq_0001,18,64,bitflip,,mantissa,7,0.000244140625,3.1888484954833984e-05,5.2928924560546875e-05,True,16,True,True,True,True
seq_0001,18,256,numeric,1e-06,,7,0.0,0.0,0.0,False,16,False,False,False,False
seq_0001,18,256,numeric,1e-05,,7,0.0,0.0,0.0,False,16,False,False,False,False
seq_0001,18,256,numeric,0.0001,,7,0.0,0.0,0.0,False,16,False,False,False,False
seq_0001,18,256,numeric,0.001,,7,0.0,0.0,0.0,False,16,False,False,False,False
seq_0001,18,256,numeric,0.01,,7,0.0078125,0.00045871734619140625,0.0014562606811523438,True,16,True,True,True,True
seq_0001,18,256,numeric,0.1,,7,0.1015625,0.005961418151855469,0.0189361572265625,True,16,True,True,True,True
seq_0001,18,256,bitflip,,sign,7,2.0625,0.12105941772460938,0.38454151153564453,True,16,True,True,True,True
seq_0001,18,256,bitflip,,exponent,7,nan,nan,nan,False,16,True,True,True,True
seq_0001,18,256,bitflip,,mantissa,7,0.0078125,0.00045871734619140625,0.0014562606811523438,True,16,True,True,True,True
seq_0002,31,64,numeric,1e-06,,0,0.0,0.0,0.0,False,16,False,False,False,False
seq_0002,31,64,numeric,1e-05,,0,0.0,0.0,0.0,False,16,False,False,False,False
seq_0002,31,64,numeric,0.0001,,0,0.0,0.0,0.0,False,16,False,False,False,False
seq_0002,31,64,numeric,0.001,,0,0.0,0.0,0.0,False,16,False,False,False,False
seq_0002,31,64,numeric,0.01,,0,0.03125,0.0039060115814208984,0.006042003631591797,True,16,True,True,True,True
seq_0002,31,64,numeric,0.1,,0,0.296875,0.03710532188415527,0.05904054641723633,True,16,True,True,True,True
seq_0002,31,64,bitflip,,sign,0,5.9375,0.7421083450317383,1.1808128356933594,True,16,True,True,True,True
seq_0002,31,64,bitflip,,exponent,0,2.96875,0.37105417251586914,0.5904064178466797,True,16,True,True,True,True
seq_0002,31,64,bitflip,,mantissa,0,0.015625,0.001953125,0.0031075477600097656,True,16,True,True,True,True
seq_0002,31,256,numeric,1e-06,,0,0.0,0.0,0.0,False,16,False,False,False,False
seq_0002,31,256,numeric,1e-05,,0,0.0,0.0,0.0,False,16,False,False,False,False
seq_0002,31,256,numeric,0.0001,,0,0.0,0.0,0.0,False,16,False,False,False,False
seq_0002,31,256,numeric,0.001,,0,0.0,0.0,0.0,False,16,False,False,False,False
seq_0002,31,256,numeric,0.01,,0,0.03125,0.0030642449855804443,0.004315853118896484,True,16,True,True,True,True
seq_0002,31,256,numeric,0.1,,0,0.296875,0.02911032736301422,0.06273078918457031,True,16,True,True,True,True
seq_0002,31,256,bitflip,,sign,0,5.875,0.5760780572891235,1.241407871246338,True,16,True,True,True,True
seq_0002,31,256,bitflip,,exponent,0,2.9375,0.28803905844688416,0.620704174041748,True,16,True,True,True,True
seq_0002,31,256,bitflip,,mantissa,0,0.015625,0.0015321224927902222,0.0021581649780273438,True,16,True,True,True,True
seq_0003,4,64,numeric,1e-06,,5,0.0,0.0,0.0,False,16,False,False,False,False
seq_0003,4,64,numeric,1e-05,,5,0.0,0.0,0.0,False,16,False,False,False,False
seq_0003,4,64,numeric,0.0001,,5,0.0,0.0,0.0,False,16,False,False,False,False
seq_0003,4,64,numeric,0.001,,5,0.0,0.0,0.0,False,16,False,False,False,False
seq_0003,4,64,numeric,0.01,,5,0.00390625,0.0005235671997070312,0.0006551742553710938,True,16,True,True,True,True
seq_0003,4,64,numeric,0.1,,5,0.03515625,0.0047092437744140625,0.0058994293212890625,True,16,True,True,True,True
seq_0003,4,64,bitflip,,sign,5,0.6953125,0.09314727783203125,0.11667346954345703,True,16,True,True,True,True
seq_0003,4,64,bitflip,,exponent,5,1.1830129162485751e+38,1.5848065124354705e+37,1.9850926692345986e+37,True,16,True,True,True,True
seq_0003,4,64,bitflip,,mantissa,5,0.001953125,0.0002613067626953125,0.00032806396484375,True,16,True,True,True,True
seq_0003,4,256,numeric,1e-06,,5,0.0,0.0,0.0,False,16,False,False,False,False
seq_0003,4,256,numeric,1e-05,,5,0.0,0.0,0.0,False,16,False,False,False,False
seq_0003,4,256,numeric,0.0001,,5,0.0,0.0,0.0,False,16,False,False,False,False
seq_0003,4,256,numeric,0.001,,5,0.0,0.0,0.0,False,16,False,False,False,False
seq_0003,4,256,numeric,0.01,,5,0.0625,0.0006422996520996094,0.0010089874267578125,True,16,True,True,True,True
seq_0003,4,256,numeric,0.1,,5,0.46875,0.004815101623535156,0.0075664520263671875,True,16,True,True,True,True
seq_0003,4,256,bitflip,,sign,5,9.625,0.09886503219604492,0.15535926818847656,True,16,True,True,True,True
seq_0003,4,256,bitflip,,exponent,5,4.8125,0.04943227767944336,0.07767963409423828,True,16,True,True,True,True
seq_0003,4,256,bitflip,,mantissa,5,0.03125,0.00032138824462890625,0.0005044937133789062,True,16,True,True,True,True
seq_0004,18,64,numeric,1e-06,,1,0.0,0.0,0.0,False,16,False,False,False,False
seq_0004,18,64,numeric,1e-05,,1,0.0,0.0,0.0,False,16,False,False,False,False
seq_0004,18,64,numeric,0.0001,,1,0.0,0.0,0.0,False,16,False,False,False,False
seq_0004,18,64,numeric,0.001,,1,0.0,0.0,0.0,False,16,False,False,False,False
seq_0004,18,64,numeric,0.01,,1,0.001953125,0.0009927749633789062,0.0014567375183105469,True,16,True,True,True,True
seq_0004,18,64,numeric,0.1,,1,0.01953125,0.009926557540893555,0.01456594467163086,True,16,True,True,True,True
seq_0004,18,64,bitflip,,sign,1,0.3828125,0.19455790519714355,0.2854924201965332,True,16,True,True,True,True
seq_0004,18,64,bitflip,,exponent,1,6.513217179346088e+37,inf,inf,False,16,True,True,True,True
seq_0004,18,64,bitflip,,mantissa,1,0.0009765625,0.0004963874816894531,0.000728607177734375,True,16,True,True,True,True
seq_0004,18,256,numeric,1e-06,,1,0.0,0.0,0.0,False,16,False,False,False,False
seq_0004,18,256,numeric,1e-05,,1,0.0,0.0,0.0,False,16,False,False,False,False
seq_0004,18,256,numeric,0.0001,,1,0.0,0.0,0.0,False,16,False,False,False,False
seq_0004,18,256,numeric,0.001,,1,0.0,0.0,0.0,False,16,False,False,False,False
seq_0004,18,256,numeric,0.01,,1,0.0078125,0.0010249614715576172,0.0024275779724121094,True,16,True,True,True,True
seq_0004,18,256,numeric,0.1,,1,0.08203125,0.010762572288513184,0.025490522384643555,True,16,True,True,True,True
seq_0004,18,256,bitflip,,sign,1,1.671875,0.21935248374938965,0.5195189714431763,True,16,True,True,True,True
seq_0004,18,256,bitflip,,exponent,1,2.84454791097972e+38,inf,inf,False,16,True,True,True,True
seq_0004,18,256,bitflip,,mantissa,1,0.00390625,0.0005124807357788086,0.0012137889862060547,True,16,True,True,True,True
seq_0005,31,64,numeric,1e-06,,1,0.0,0.0,0.0,False,16,False,False,False,False
seq_0005,31,64,numeric,1e-05,,1,0.0,0.0,0.0,False,16,False,False,False,False
seq_0005,31,64,numeric,0.0001,,1,0.0,0.0,0.0,False,16,False,False,False,False
seq_0005,31,64,numeric,0.001,,1,0.0,0.0,0.0,False,16,False,False,False,False
seq_0005,31,64,numeric,0.01,,1,0.0625,0.00377655029296875,0.013810157775878906,True,16,True,True,True,True
seq_0005,31,64,numeric,0.1,,1,0.71875,0.04342794418334961,0.15584564208984375,True,16,True,True,True,True
seq_0005,31,64,bitflip,,sign,1,14.3125,0.8647861480712891,3.162644863128662,True,16,True,True,True,True
seq_0005,31,64,bitflip,,exponent,1,7.15625,0.43239307403564453,1.5813226699829102,True,16,True,True,True,True
seq_0005,31,64,bitflip,,mantissa,1,0.03125,0.001888275146484375,0.00690460205078125,True,16,True,True,True,True
seq_0005,31,256,numeric,1e-06,,1,0.0,0.0,0.0,False,16,False,False,False,False
seq_0005,31,256,numeric,1e-05,,1,0.0,0.0,0.0,False,16,False,False,False,False
seq_0005,31,256,numeric,0.0001,,1,0.0,0.0,0.0,False,16,False,False,False,False
seq_0005,31,256,numeric,0.001,,1,0.0,0.0,0.0,False,16,False,False,False,False
seq_0005,31,256,numeric,0.01,,1,0.0625,0.01122140884399414,0.018731117248535156,True,16,True,True,True,True
seq_0005,31,256,numeric,0.1,,1,0.71875,0.1290435791015625,0.21540260314941406,True,16,True,True,True,True
seq_0005,31,256,bitflip,,sign,1,14.5,2.6033127307891846,4.3455305099487305,True,16,True,True,True,True
seq_0005,31,256,bitflip,,exponent,1,7.25,1.3016564846038818,2.1727657318115234,True,16,True,True,True,True
seq_0005,31,256,bitflip,,mantissa,1,0.03125,0.005610466003417969,0.009365081787109375,True,16,True,True,True,True
seq_0006,4,64,numeric,1e-06,,4,0.0,0.0,0.0,False,16,False,False,False,False
seq_0006,4,64,numeric,1e-05,,4,0.0,0.0,0.0,False,16,False,False,False,False
seq_0006,4,64,numeric,0.0001,,4,0.0,0.0,0.0,False,16,False,False,False,False
seq_0006,4,64,numeric,0.001,,4,0.0,0.0,0.0,False,16,False,False,False,False
seq_0006,4,64,numeric,0.01,,4,0.0001220703125,2.288818359375e-05,3.0040740966796875e-05,True,16,True,True,True,True
seq_0006,4,64,numeric,0.1,,4,0.00146484375,0.000270843505859375,0.0003685951232910156,True,16,True,True,True,True
seq_0006,4,64,bitflip,,sign,4,0.029541015625,0.005466938018798828,0.0074253082275390625,True,16,True,True,True,True
seq_0006,4,64,bitflip,,exponent,4,5.026143359061713e+36,9.30153681268341e+35,1.2633430442604914e+36,True,16,True,True,True,True
seq_0006,4,64,bitflip,,mantissa,4,6.103515625e-05,1.1444091796875e-05,1.4781951904296875e-05,True,16,False,False,False,False
seq_0006,4,256,numeric,1e-06,,4,0.0,0.0,0.0,False,16,False,False,False,False
seq_0006,4,256,numeric,1e-05,,4,0.0,0.0,0.0,False,16,False,False,False,False
seq_0006,4,256,numeric,0.0001,,4,0.0,0.0,0.0,False,16,False,False,False,False
seq_0006,4,256,numeric,0.001,,4,0.0,0.0,0.0,False,16,False,False,False,False
seq_0006,4,256,numeric,0.01,,4,0.015625,0.002071601804345846,0.003301680088043213,True,16,True,True,True,True
seq_0006,4,256,numeric,0.1,,4,0.1484375,0.019680218771100044,0.03136533498764038,True,16,True,True,True,True
seq_0006,4,256,bitflip,,sign,4,3.03125,0.40189075469970703,0.6405134797096252,True,16,True,True,True,True
seq_0006,4,256,bitflip,,exponent,4,nan,nan,nan,False,16,True,True,True,True
seq_0006,4,256,bitflip,,mantissa,4,0.0078125,0.0010358006693422794,0.0016508102416992188,True,16,True,True,True,True
seq_0007,18,64,numeric,1e-06,,7,0.0,0.0,0.0,False,16,False,False,False,False
seq_0007,18,64,numeric,1e-05,,7,0.0,0.0,0.0,False,16,False,False,False,False
seq_0007,18,64,numeric,0.0001,,7,0.0,0.0,0.0,False,16,False,False,False,False
seq_0007,18,64,numeric,0.001,,7,0.0,0.0,0.0,False,16,False,False,False,False
seq_0007,18,64,numeric,0.01,,7,0.03125,0.005351603031158447,0.008502006530761719,True,16,True,True,True,True
seq_0007,18,64,numeric,0.1,,7,0.4375,0.07492297887802124,0.11903095245361328,True,16,True,True,True,True
seq_0007,18,64,bitflip,,sign,7,8.9375,1.5305685997009277,2.431629180908203,True,16,True,True,True,True
seq_0007,18,64,bitflip,,exponent,7,4.46875,0.7652842998504639,1.2158145904541016,True,16,True,True,True,True
seq_0007,18,64,bitflip,,mantissa,7,0.03125,0.005351662635803223,0.008502006530761719,True,16,True,True,True,True
seq_0007,18,256,numeric,1e-06,,7,0.0,0.0,0.0,False,16,False,False,False,False
seq_0007,18,256,numeric,1e-05,,7,0.0,0.0,0.0,False,16,False,False,False,False
seq_0007,18,256,numeric,0.0001,,7,0.0,0.0,0.0,False,16,False,False,False,False
seq_0007,18,256,numeric,0.001,,7,0.0,0.0,0.0,False,16,False,False,False,False
seq_0007,18,256,numeric,0.01,,7,0.015625,0.005243778228759766,0.0034742355346679688,False,16,True,True,True,True
seq_0007,18,256,numeric,0.1,,7,0.125,0.041950225830078125,0.02779388427734375,False,16,True,True,True,True
seq_0007,18,256,bitflip,,sign,7,2.53125,0.8494863510131836,0.5628290176391602,False,16,True,True,True,True
seq_0007,18,256,bitflip,,exponent,7,nan,nan,nan,False,16,True,True,True,True
seq_0007,18,256,bitflip,,mantissa,7,0.0078125,0.0026221275329589844,0.0017366409301757812,False,16,True,True,True,True
seq_0008,31,64,numeric,1e-06,,0,0.0,0.0,0.0,False,16,False,False,False,False
seq_0008,31,64,numeric,1e-05,,0,0.0,0.0,0.0,False,16,False,False,False,False
seq_0008,31,64,numeric,0.0001,,0,0.0,0.0,0.0,False,16,False,False,False,False
seq_0008,31,64,numeric,0.001,,0,0.0,0.0,0.0,False,16,False,False,False,False
seq_0008,31,64,numeric,0.01,,0,0.0078125,0.0012516975402832031,0.0014133453369140625,True,16,True,True,True,True
seq_0008,31,64,numeric,0.1,,0,0.0859375,0.013767719268798828,0.015547752380371094,True,16,True,True,True,True
seq_0008,31,64,bitflip,,sign,0,1.71875,0.27535057067871094,0.3109560012817383,True,16,True,True,True,True
seq_0008,31,64,bitflip,,exponent,0,2.924301590726815e+38,inf,2.7260947852365695e+37,False,16,True,True,True,True
seq_0008,31,64,bitflip,,mantissa,0,0.00390625,0.0006256103515625,0.0007066726684570312,True,16,True,True,True,True
seq_0008,31,256,numeric,1e-06,,0,0.0,0.0,0.0,False,16,False,False,False,False
seq_0008,31,256,numeric,1e-05,,0,0.0,0.0,0.0,False,16,False,False,False,False
seq_0008,31,256,numeric,0.0001,,0,0.0,0.0,0.0,False,16,False,False,False,False
seq_0008,31,256,numeric,0.001,,0,0.0,0.0,0.0,False,16,False,False,False,False
seq_0008,31,256,numeric,0.01,,0,0.0078125,0.0015106201171875,0.0021903514862060547,True,16,True,True,True,True
seq_0008,31,256,numeric,0.1,,0,0.08984375,0.017371296882629395,0.025188446044921875,True,16,True,True,True,True
seq_0008,31,256,bitflip,,sign,0,1.8203125,0.35195648670196533,0.5103368759155273,True,16,True,True,True,True
seq_0008,31,256,bitflip,,exponent,0,3.097101230178854e+38,inf,inf,False,16,True,True,True,True
seq_0008,31,256,bitflip,,mantissa,0,0.00390625,0.0007551908493041992,0.0010950565338134766,True,16,True,True,True,True
seq_0009,4,64,numeric,1e-06,,5,0.0,0.0,0.0,False,16,False,False,False,False
seq_0009,4,64,numeric,1e-05,,5,0.0,0.0,0.0,False,16,False,False,False,False
seq_0009,4,64,numeric,0.0001,,5,0.0,0.0,0.0,False,16,False,False,False,False
seq_0009,4,64,numeric,0.001,,5,0.0,0.0,0.0,False,16,False,False,False,False
seq_0009,4,64,numeric,0.01,,5,0.01171875,0.002216815948486328,0.0034796446561813354,True,16,True,True,True,True
seq_0009,4,64,numeric,0.1,,5,0.09765625,0.01847696304321289,0.0289970301091671,True,16,True,True,True,True
seq_0009,4,64,bitflip,,sign,5,1.9765625,0.3739781379699707,0.5868999361991882,True,16,True,True,True,True
seq_0009,4,64,bitflip,,exponent,5,3.362946829335837e+38,inf,inf,False,16,True,True,True,True
seq_0009,4,64,bitflip,,mantissa,5,0.00390625,0.0007390975952148438,0.0011598803102970123,True,16,True,True,True,True
seq_0009,4,256,numeric,1e-06,,5,0.0,0.0,0.0,False,16,False,False,False,False
seq_0009,4,256,numeric,1e-05,,5,0.0,0.0,0.0,False,16,False,False,False,False
seq_0009,4,256,numeric,0.0001,,5,0.0,0.0,0.0,False,16,False,False,False,False
seq_0009,4,256,numeric,0.001,,5,0.0,0.0,0.0,False,16,False,False,False,False
seq_0009,4,256,numeric,0.01,,5,0.0234375,0.006376743316650391,0.00964587926864624,True,16,True,True,True,True
seq_0009,4,256,numeric,0.1,,5,0.1953125,0.05313873291015625,0.08038246631622314,True,16,True,True,True,True
seq_0009,4,256,bitflip,,sign,5,3.921875,1.067026138305664,1.6140799522399902,True,16,True,True,True,True
seq_0009,4,256,bitflip,,exponent,5,nan,nan,nan,False,16,True,True,True,True
seq_0009,4,256,bitflip,,mantissa,5,0.0078125,0.0021257400512695312,0.003215312957763672,True,16,True,True,True,True
seq_0010,18,64,numeric,1e-06,,1,0.0,0.0,0.0,False,16,False,False,False,False
seq_0010,18,64,numeric,1e-05,,1,0.0,0.0,0.0,False,16,False,False,False,False
seq_0010,18,64,numeric,0.0001,,1,0.0,0.0,0.0,False,16,False,False,False,False
seq_0010,18,64,numeric,0.001,,1,0.0,0.0,0.0,False,16,False,False,False,False
seq_0010,18,64,numeric,0.01,,1,0.03125,0.004014015197753906,0.01104879379272461,True,16,True,True,True,True
seq_0010,18,64,numeric,0.1,,1,0.265625,0.03411674499511719,0.09391260147094727,True,16,True,True,True,True
seq_0010,18,64,bitflip,,sign,1,5.15625,0.6622653007507324,1.8230090141296387,True,16,True,True,True,True
seq_0010,18,64,bitflip,,exponent,1,2.578125,0.3311324119567871,0.9115042686462402,True,16,True,True,True,True
seq_0010,18,64,bitflip,,mantissa,1,0.015625,0.00200653076171875,0.005524158477783203,True,16,True,True,True,True
seq_0010,18,256,numeric,1e-06,,1,0.0,0.0,0.0,False,16,False,False,False,False
seq_0010,18,256,numeric,1e-05,,1,0.0,0.0,0.0,False,16,False,False,False,False
seq_0010,18,256,numeric,0.0001,,1,0.0,0.0,0.0,False,16,False,False,False,False
seq_0010,18,256,numeric,0.001,,1,0.0,0.0,0.0,False,16,False,False,False,False
seq_0010,18,256,numeric,0.01,,1,0.015625,0.0015644431114196777,0.004078507423400879,True,16,True,True,True,True
seq_0010,18,256,numeric,0.1,,1,0.125,0.012515902519226074,0.03262770175933838,True,16,True,True,True,True
seq_0010,18,256,bitflip,,sign,1,2.5,0.2503185272216797,0.6525545716285706,True,16,True,True,True,True
seq_0010,18,256,bitflip,,exponent,1,nan,nan,nan,False,16,True,True,True,True
seq_0010,18,256,bitflip,,mantissa,1,0.0078125,0.0007822513580322266,0.002039194107055664,True,16,True,True,True,True
seq_0011,31,64,numeric,1e-06,,1,0.0,0.0,0.0,False,16,False,False,False,False
seq_0011,31,64,numeric,1e-05,,1,0.0,0.0,0.0,False,16,False,False,False,False
seq_0011,31,64,numeric,0.0001,,1,0.0,0.0,0.0,False,16,False,False,False,False
seq_0011,31,64,numeric,0.001,,1,0.0,0.0,0.0,False,16,False,False,False,False
seq_0011,31,64,numeric,0.01,,1,0.0625,0.03003835678100586,0.03366374969482422,True,16,True,True,True,True
seq_0011,31,64,numeric,0.1,,1,0.5625,0.2703437805175781,0.30297088623046875,True,16,True,True,True,True
seq_0011,31,64,bitflip,,sign,1,11.125,5.346803665161133,5.99210786819458,True,16,True,True,True,True
seq_0011,31,64,bitflip,,exponent,1,5.5625,2.6734018325805664,2.98068904876709,True,16,True,True,True,True
seq_0011,31,64,bitflip,,mantissa,1,0.03125,0.015019416809082031,0.01683187484741211,True,16,True,True,True,True
seq_0011,31,256,numeric,1e-06,,1,0.0,0.0,0.0,False,16,False,False,False,False
seq_0011,31,256,numeric,1e-05,,1,0.0,0.0,0.0,False,16,False,False,False,False
seq_0011,31,256,numeric,0.0001,,1,0.0,0.0,0.0,False,16,False,False,False,False
seq_0011,31,256,numeric,0.001,,1,0.0,0.0,0.0,False,16,False,False,False,False
seq_0011,31,256,numeric,0.01,,1,0.015625,0.00030231475830078125,0.000782012939453125,True,16,True,True,True,True
seq_0011,31,256,numeric,0.1,,1,0.203125,0.0039272308349609375,0.010169029235839844,True,16,True,True,True,True
seq_0011,31,256,bitflip,,sign,1,4.21875,0.08156919479370117,0.21120643615722656,True,16,True,True,True,True
seq_0011,31,256,bitflip,,exponent,1,2.109375,0.04078483581542969,0.10560321807861328,True,16,True,True,True,True
seq_0011,31,256,bitflip,,mantissa,1,0.015625,0.0003018379211425781,0.000782012939453125,True,16,True,True,True,True
seq_0012,4,64,numeric,1e-06,,4,0.0,0.0,0.0,False,16,False,False,False,False
seq_0012,4,64,numeric,1e-05,,4,0.0,0.0,0.0,False,16,False,False,False,False
seq_0012,4,64,numeric,0.0001,,4,0.0,0.0,0.0,False,16,False,False,False,False
seq_0012,4,64,numeric,0.001,,4,0.0,0.0,0.0,False,16,False,False,False,False
seq_0012,4,64,numeric,0.01,,4,0.00048828125,7.519125938415527e-05,0.0001004934310913086,True,16,True,True,True,True
seq_0012,4,64,numeric,0.1,,4,0.0048828125,0.0007518976926803589,0.0010047852993011475,True,16,True,True,True,True
seq_0012,4,64,bitflip,,sign,4,0.09912109375,0.015263572335243225,0.020397037267684937,True,16,True,True,True,True
seq_0012,4,64,bitflip,,exponent,4,1.686458019652112e+37,2.59696099330216e+36,3.307340663902008e+36,True,16,True,True,True,True
seq_0012,4,64,bitflip,,mantissa,4,0.000244140625,3.759562969207764e-05,5.02169132232666e-05,True,16,True,True,True,True
seq_0012,4,256,numeric,1e-06,,4,0.0,0.0,0.0,False,16,False,False,False,False
seq_0012,4,256,numeric,1e-05,,4,0.0,0.0,0.0,False,16,False,False,False,False
seq_0012,4,256,numeric,0.0001,,4,0.0,0.0,0.0,False,16,False,False,False,False
seq_0012,4,256,numeric,0.001,,4,0.0,0.0,0.0,False,16,False,False,False,False
seq_0012,4,256,numeric,0.01,,4,0.00390625,0.00020360946655273438,0.0008740425109863281,True,16,True,True,True,True
seq_0012,4,256,numeric,0.1,,4,0.052734375,0.0027494430541992188,0.011798381805419922,True,16,True,True,True,True
seq_0012,4,256,bitflip,,sign,4,1.046875,0.05457925796508789,0.2342205047607422,True,16,True,True,True,True
seq_0012,4,256,bitflip,,exponent,4,1.7811655143517873e+38,9.286162429291192e+36,inf,True,16,True,True,True,True
seq_0012,4,256,bitflip,,mantissa,4,0.00390625,0.00020360946655273438,0.0008740425109863281,True,16,True,True,True,True
seq_0013,18,64,numeric,1e-06,,7,0.0,0.0,0.0,False,16,False,False,False,False
seq_0013,18,64,numeric,1e-05,,7,0.0,0.0,0.0,False,16,False,False,False,False
seq_0013,18,64,numeric,0.0001,,7,0.0,0.0,0.0,False,16,False,False,False,False
seq_0013,18,64,numeric,0.001,,7,0.0,0.0,0.0,False,16,False,False,False,False
seq_0013,18,64,numeric,0.01,,7,0.015625,0.004380702972412109,0.004488468170166016,True,16,True,True,True,True
seq_0013,18,64,numeric,0.1,,7,0.15625,0.043805837631225586,0.044884681701660156,True,16,True,True,True,True
seq_0013,18,64,bitflip,,sign,7,3.125,0.876115083694458,0.8976941108703613,True,16,True,True,True,True
seq_0013,18,64,bitflip,,exponent,7,nan,nan,nan,False,16,True,True,True,True
seq_0013,18,64,bitflip,,mantissa,7,0.0078125,0.0021903514862060547,0.0022444725036621094,True,16,True,True,True,True
seq_0013,18,256,numeric,1e-06,,7,0.0,0.0,0.0,False,16,False,False,False,False
seq_0013,18,256,numeric,1e-05,,7,0.0,0.0,0.0,False,16,False,False,False,False
seq_0013,18,256,numeric,0.0001,,7,0.0,0.0,0.0,False,16,False,False,False,False
seq_0013,18,256,numeric,0.001,,7,0.0,0.0,0.0,False,16,False,False,False,False
seq_0013,18,256,numeric,0.01,,7,0.001953125,0.00012946128845214844,0.00028586387634277344,True,16,True,True,True,True
seq_0013,18,256,numeric,0.1,,7,0.017578125,0.001165151596069336,0.0025734901428222656,True,16,True,True,True,True
seq_0013,18,256,bitflip,,sign,7,0.3515625,0.023305654525756836,0.05146622657775879,True,16,True,True,True,True
seq_0013,18,256,bitflip,,exponent,7,5.981525981032121e+37,3.965228824622305e+36,8.75654688207004e+36,True,16,True,True,True,True
seq_0013,18,256,bitflip,,mantissa,7,0.0009765625,6.461143493652344e-05,0.0001430511474609375,True,16,True,True,True,True
seq_0014,31,64,numeric,1e-06,,0,0.0,0.0,0.0,False,16,False,False,False,False
seq_0014,31,64,numeric,1e-05,,0,0.0,0.0,0.0,False,16,False,False,False,False
seq_0014,31,64,numeric,0.0001,,0,0.0,0.0,0.0,False,16,False,False,False,False
seq_0014,31,64,numeric,0.001,,0,0.0,0.0,0.0,False,16,False,False,False,False
seq_0014,31,64,numeric,0.01,,0,0.03125,0.005524277687072754,0.0062580108642578125,True,16,True,True,True,True
seq_0014,31,64,numeric,0.1,,0,0.28125,0.049718379974365234,0.05632162094116211,True,16,True,True,True,True
seq_0014,31,64,bitflip,,sign,0,5.59375,0.988844633102417,1.1201756000518799,True,16,True,True,True,True
seq_0014,31,64,bitflip,,exponent,0,2.796875,0.49442237615585327,0.5600878596305847,True,16,True,True,True,True
seq_0014,31,64,bitflip,,mantissa,0,0.015625,0.0027621984481811523,0.0031290054321289062,True,16,True,True,True,True
seq_0014,31,256,numeric,1e-06,,0,0.0,0.0,0.0,False,16,False,False,False,False
seq_0014,31,256,numeric,1e-05,,0,0.0,0.0,0.0,False,16,False,False,False,False
seq_0014,31,256,numeric,0.0001,,0,0.0,0.0,0.0,False,16,False,False,False,False
seq_0014,31,256,numeric,0.001,,0,0.0,0.0,0.0,False,16,False,False,False,False
seq_0014,31,256,numeric,0.01,,0,0.0078125,0.00128936767578125,0.002460002899169922,True,16,True,True,True,True
seq_0014,31,256,numeric,0.1,,0,0.06640625,0.010959625244140625,0.020910263061523438,True,16,True,True,True,True
seq_0014,31,256,bitflip,,sign,0,1.34375,0.22176909446716309,0.4231245517730713,True,16,True,True,True,True
seq_0014,31,256,bitflip,,exponent,0,2.2862721527500553e+38,inf,2.9996223470309358e+37,False,16,True,True,True,True
seq_0014,31,256,bitflip,,mantissa,0,0.00390625,0.000644683837890625,0.001230001449584961,True,16,True,True,True,True
seq_0015,4,64,numeric,1e-06,,5,0.0,0.0,0.0,False,16,False,False,False,False
seq_0015,4,64,numeric,1e-05,,5,0.0,0.0,0.0,False,16,False,False,False,False
seq_0015,4,64,numeric,0.0001,,5,0.0,0.0,0.0,False,16,False,False,False,False
seq_0015,4,64,numeric,0.001,,5,0.0,0.0,0.0,False,16,False,False,False,False
seq_0015,4,64,numeric,0.01,,5,0.0078125,0.0009922981262207031,0.0020933151245117188,True,16,True,True,True,True
seq_0015,4,64,numeric,0.1,,5,0.09375,0.011911392211914062,0.025117874145507812,True,16,True,True,True,True
seq_0015,4,64,bitflip,,sign,5,1.8671875,0.23724126815795898,0.5002703666687012,True,16,True,True,True,True
seq_0015,4,64,bitflip,,exponent,5,3.176854909925949e+38,inf,inf,False,16,True,True,True,True
seq_0015,4,64,bitflip,,mantissa,5,0.00390625,0.00049591064453125,0.0010466575622558594,True,16,True,True,True,True
seq_0015,4,256,numeric,1e-06,,5,0.0,0.0,0.0,False,16,False,False,False,False
seq_0015,4,256,numeric,1e-05,,5,0.0,0.0,0.0,False,16,False,False,False,False
seq_0015,4,256,numeric,0.0001,,5,0.0,0.0,0.0,False,16,False,False,False,False
seq_0015,4,256,numeric,0.001,,5,0.0,0.0,0.0,False,16,False,False,False,False
seq_0015,4,256,numeric,0.01,,5,0.0009765625,7.724761962890625e-05,0.00013828277587890625,True,16,True,True,True,True
seq_0015,4,256,numeric,0.1,,5,0.009765625,0.0007721185684204102,0.0013823509216308594,True,16,True,True,True,True
seq_0015,4,256,bitflip,,sign,5,0.19140625,0.01513373851776123,0.027095317840576172,True,16,True,True,True,True
seq_0015,4,256,bitflip,,exponent,5,3.256608589673044e+37,2.5748745584380586e+36,4.610037683362097e+36,True,16,True,True,True,True
seq_0015,4,256,bitflip,,mantissa,5,0.00048828125,3.8623809814453125e-05,6.914138793945312e-05,True,16,True,True,True,True
seq_0016,18,64,numeric,1e-06,,1,0.0,0.0,0.0,False,16,False,False,False,False
seq_0016,18,64,numeric,1e-05,,1,0.0,0.0,0.0,False,16,False,False,False,False
seq_0016,18,64,numeric,0.0001,,1,0.0,0.0,0.0,False,16,False,False,False,False
seq_0016,18,64,numeric,0.001,,1,0.0,0.0,0.0,False,16,False,False,False,False
seq_0016,18,64,numeric,0.01,,1,0.00390625,0.00029540061950683594,0.0009870529174804688,True,16,True,True,True,True
seq_0016,18,64,numeric,0.1,,1,0.041015625,0.003101348876953125,0.010366439819335938,True,16,True,True,True,True
seq_0016,18,64,bitflip,,sign,1,0.80859375,0.06114053726196289,0.2043600082397461,True,16,True,True,True,True
seq_0016,18,64,bitflip,,exponent,1,1.375750975637388e+38,1.0402530339237585e+37,1.4915043858972323e+37,True,16,True,True,True,True
seq_0016,18,64,bitflip,,mantissa,1,0.001953125,0.00014770030975341797,0.0004935264587402344,True,16,True,True,True,True
seq_0016,18,256,numeric,1e-06,,1,0.0,0.0,0.0,False,16,False,False,False,False
seq_0016,18,256,numeric,1e-05,,1,0.0,0.0,0.0,False,16,False,False,False,False
seq_0016,18,256,numeric,0.0001,,1,0.0,0.0,0.0,False,16,False,False,False,False
seq_0016,18,256,numeric,0.001,,1,0.0,0.0,0.0,False,16,False,False,False,False
seq_0016,18,256,numeric,0.01,,1,0.015625,0.0011975765228271484,0.0020933151245117188,True,16,True,True,True,True
seq_0016,18,256,numeric,0.1,,1,0.15625,0.011976480484008789,0.020931720733642578,True,16,True,True,True,True
seq_0016,18,256,bitflip,,sign,1,3.0625,0.23473834991455078,0.4102635383605957,True,16,True,True,True,True
seq_0016,18,256,bitflip,,exponent,1,nan,nan,nan,False,16,True,True,True,True
seq_0016,18,256,bitflip,,mantissa,1,0.0078125,0.000598907470703125,0.0010466575622558594,True,16,True,True,True,True
seq_0017,31,64,numeric,1e-06,,1,0.0,0.0,0.0,False,16,False,False,False,False
seq_0017,31,64,numeric,1e-05,,1,0.0,0.0,0.0,False,16,False,False,False,False
seq_0017,31,64,numeric,0.0001,,1,0.0,0.0,0.0,False,16,False,False,False,False
seq_0017,31,64,numeric,0.001,,1,0.0,0.0,0.0,False,16,False,False,False,False
seq_0017,31,64,numeric,0.01,,1,0.0078125,0.0003237724304199219,0.0008196830749511719,True,16,True,True,True,True
seq_0017,31,64,numeric,0.1,,1,0.0703125,0.0029129981994628906,0.007380008697509766,True,16,True,True,True,True
seq_0017,31,64,bitflip,,sign,1,1.421875,0.05891084671020508,0.14924144744873047,True,16,True,True,True,True
seq_0017,31,64,bitflip,,exponent,1,2.419194952328547e+38,1.0023217588384293e+37,1.8459425360824858e+37,True,16,True,True,True,True
seq_0017,31,64,bitflip,,mantissa,1,0.00390625,0.0001621246337890625,0.00029850006103515625,True,16,True,True,True,True
seq_0017,31,256,numeric,1e-06,,1,0.0,0.0,0.0,False,16,False,False,False,False
seq_0017,31,256,numeric,1e-05,,1,0.0,0.0,0.0,False,16,False,False,False,False
seq_0017,31,256,numeric,0.0001,,1,0.0,0.0,0.0,False,16,False,False,False,False
seq_0017,31,256,numeric,0.001,,1,0.0,0.0,0.0,False,16,False,False,False,False
seq_0017,31,256,numeric,0.01,,1,0.00390625,0.0003452301025390625,0.0004420280456542969,True,16,True,True,True,True
seq_0017,31,256,numeric,0.1,,1,0.04296875,0.0037980079650878906,0.004866123199462891,True,16,True,True,True,True
seq_0017,31,256,bitflip,,sign,1,0.8671875,0.07664966583251953,0.09820699691772461,True,16,True,True,True,True
seq_0017,31,256,bitflip,,exponent,1,1.4754430753212566e+38,1.3041197671112554e+37,1.6709034397270715e+37,True,16,True,True,True,True
seq_0017,31,256,bitflip,,mantissa,1,0.001953125,0.00017261505126953125,0.00022125244140625,True,16,True,True,True,True
seq_0018,4,64,numeric,1e-06,,4,0.0,0.0,0.0,False,16,False,False,False,False
seq_0018,4,64,numeric,1e-05,,4,0.0,0.0,0.0,False,16,False,False,False,False
seq_0018,4,64,numeric,0.0001,,4,0.0,0.0,0.0,False,16,False,False,False,False
seq_0018,4,64,numeric,0.001,,4,0.0,0.0,0.0,False,16,False,False,False,False
seq_0018,4,64,numeric,0.01,,4,0.000244140625,4.13060188293457e-05,5.0574541091918945e-05,True,16,True,True,True,True
seq_0018,4,64,numeric,0.1,,4,0.0020751953125,0.0003510713577270508,0.0004298985004425049,True,16,True,True,True,True
seq_0018,4,64,bitflip,,sign,4,0.04150390625,0.007021665573120117,0.00859794020652771,True,16,True,True,True,True
seq_0018,4,64,bitflip,,exponent,4,7.061523727607366e+36,1.1946743320179657e+36,1.4628665742748263e+36,True,16,True,True,True,True
seq_0018,4,64,bitflip,,mantissa,4,0.0001220703125,2.0623207092285156e-05,2.530217170715332e-05,True,16,True,True,True,True
seq_0018,4,256,numeric,1e-06,,4,0.0,0.0,0.0,False,16,False,False,False,False
seq_0018,4,256,numeric,1e-05,,4,0.0,0.0,0.0,False,16,False,False,False,False
seq_0018,4,256,numeric,0.0001,,4,0.0,0.0,0.0,False,16,False,False,False,False
seq_0018,4,256,numeric,0.001,,4,0.0,0.0,0.0,False,16,False,False,False,False
seq_0018,4,256,numeric,0.01,,4,0.015625,0.007337093353271484,0.010660171508789062,True,16,True,True,True,True
seq_0018,4,256,numeric,0.1,,4,0.1484375,0.06970071792602539,0.10127115249633789,True,16,True,True,True,True
seq_0018,4,256,bitflip,,sign,4,2.9375,1.3793416023254395,2.0041022300720215,True,16,True,True,True,True
seq_0018,4,256,bitflip,,exponent,4,nan,nan,nan,False,16,True,True,True,True
seq_0018,4,256,bitflip,,mantissa,4,0.0078125,0.0036687850952148438,0.005330085754394531,True,16,True,True,True,True
seq_0019,18,64,numeric,1e-06,,7,0.0,0.0,0.0,False,16,False,False,False,False
seq_0019,18,64,numeric,1e-05,,7,0.0,0.0,0.0,False,16,False,False,False,False
seq_0019,18,64,numeric,0.0001,,7,0.0,0.0,0.0,False,16,False,False,False,False
seq_0019,18,64,numeric,0.001,,7,0.0,0.0,0.0,False,16,False,False,False,False
seq_0019,18,64,numeric,0.01,,7,0.015625,0.0030426979064941406,0.004294395446777344,True,16,True,True,True,True
seq_0019,18,64,numeric,0.1,,7,0.203125,0.039554595947265625,0.055825233459472656,True,16,True,True,True,True
seq_0019,18,64,bitflip,,sign,7,4.09375,0.7971782684326172,1.1250958442687988,True,16,True,True,True,True
seq_0019,18,64,bitflip,,exponent,7,2.046875,0.3985891342163086,0.5625476837158203,True,16,True,True,True,True
seq_0019,18,64,bitflip,,mantissa,7,0.015625,0.0030426979064941406,0.004294395446777344,True,16,True,True,True,True
seq_0019,18,256,numeric,1e-06,,7,0.0,0.0,0.0,False,16,False,False,False,False
seq_0019,18,256,numeric,1e-05,,7,0.0,0.0,0.0,False,16,False,False,False,False
seq_0019,18,256,numeric,0.0001,,7,0.0,0.0,0.0,False,16,False,False,False,False
seq_0019,18,256,numeric,0.001,,7,0.0,0.0,0.0,False,16,False,False,False,False
seq_0019,18,256,numeric,0.01,,7,0.0009765625,0.00010716915130615234,0.00016260147094726562,True,16,True,True,True,True
seq_0019,18,256,numeric,0.1,,7,0.00927734375,0.0010186433792114258,0.0015435218811035156,True,16,True,True,True,True
seq_0019,18,256,bitflip,,sign,7,0.189453125,0.02080094814300537,0.03152894973754883,True,16,True,True,True,True
seq_0019,18,256,bitflip,,exponent,7,3.223377889778421e+37,3.539104589316435e+36,5.163976276475129e+36,True,16,True,True,True,True
seq_0019,18,256,bitflip,,mantissa,7,0.00048828125,5.364418029785156e-05,8.058547973632812e-05,True,16,True,True,True,True
seq_0020,31,64,numeric,1e-06,,0,0.0,0.0,0.0,False,16,False,False,False,False
seq_0020,31,64,numeric,1e-05,,0,0.0,0.0,0.0,False,16,False,False,False,False
seq_0020,31,64,numeric,0.0001,,0,0.0,0.0,0.0,False,16,False,False,False,False
seq_0020,31,64,numeric,0.001,,0,0.0,0.0,0.0,False,16,False,False,False,False
seq_0020,31,64,numeric,0.01,,0,0.001953125,3.7670135498046875e-05,0.00024008750915527344,True,16,True,True,True,True
seq_0020,31,64,numeric,0.1,,0,0.0166015625,0.0003180503845214844,0.0020406246185302734,True,16,True,True,True,True
seq_0020,31,64,bitflip,,sign,0,0.32421875,0.006212711334228516,0.03985142707824707,True,16,True,True,True,True
seq_0020,31,64,bitflip,,exponent,0,5.516296182507401e+37,1.0570501808127751e+36,6.780357556826144e+36,True,16,True,True,True,True
seq_0020,31,64,bitflip,,mantissa,0,0.0009765625,1.8596649169921875e-05,0.00011992454528808594,True,16,True,True,True,True
seq_0020,31,256,numeric,1e-06,,0,0.0,0.0,0.0,False,16,False,False,False,False
seq_0020,31,256,numeric,1e-05,,0,0.0,0.0,0.0,False,16,False,False,False,False
seq_0020,31,256,numeric,0.0001,,0,0.0,0.0,0.0,False,16,False,False,False,False
seq_0020,31,256,numeric,0.001,,0,0.0,0.0,0.0,False,16,False,False,False,False
seq_0020,31,256,numeric,0.01,,0,0.015625,0.0026865005493164062,0.0029129981994628906,True,16,True,True,True,True
seq_0020,31,256,numeric,0.1,,0,0.2109375,0.036269187927246094,0.03932809829711914,True,16,True,True,True,True
seq_0020,31,256,bitflip,,sign,0,4.28125,0.7361307144165039,0.7982139587402344,True,16,True,True,True,True
seq_0020,31,256,bitflip,,exponent,0,2.140625,0.36806535720825195,0.3991069793701172,True,16,True,True,True,True
seq_0020,31,256,bitflip,,mantissa,0,0.015625,0.0026865005493164062,0.0029129981994628906,True,16,True,True,True,True
seq_0021,4,64,numeric,1e-06,,5,0.0,0.0,0.0,False,16,False,False,False,False
seq_0021,4,64,numeric,1e-05,,5,0.0,0.0,0.0,False,16,False,False,False,False
seq_0021,4,64,numeric,0.0001,,5,0.0,0.0,0.0,False,16,False,False,False,False
seq_0021,4,64,numeric,0.001,,5,0.0,0.0,0.0,False,16,False,False,False,False
seq_0021,4,64,numeric,0.01,,5,0.001953125,0.000202178955078125,0.000179290771484375,False,16,True,True,True,True
seq_0021,4,64,numeric,0.1,,5,0.015625,0.0016183853149414062,0.0014352798461914062,False,16,True,True,True,True
seq_0021,4,64,bitflip,,sign,5,0.3046875,0.03155946731567383,0.027982711791992188,False,16,True,True,True,True
seq_0021,4,64,bitflip,,exponent,5,5.183989183561172e+37,5.369580964103246e+36,5.441175334702936e+36,True,16,True,True,True,True
seq_0021,4,64,bitflip,,mantissa,5,0.0009765625,0.0001010894775390625,8.96453857421875e-05,False,16,True,True,True,True
seq_0021,4,256,numeric,1e-06,,5,0.0,0.0,0.0,False,16,False,False,False,False
seq_0021,4,256,numeric,1e-05,,5,0.0,0.0,0.0,False,16,False,False,False,False
seq_0021,4,256,numeric,0.0001,,5,0.0,0.0,0.0,False,16,False,False,False,False
seq_0021,4,256,numeric,0.001,,5,0.0,0.0,0.0,False,16,False,False,False,False
seq_0021,4,256,numeric,0.01,,5,0.001953125,0.00013148784637451172,0.0003345012664794922,True,16,True,True,True,True
seq_0021,4,256,numeric,0.1,,5,0.0146484375,0.0009862184524536133,0.0025086402893066406,True,16,True,True,True,True
seq_0021,4,256,bitflip,,sign,5,0.29296875,0.019724726676940918,0.050171613693237305,True,16,True,True,True,True
seq_0021,4,256,bitflip,,exponent,5,4.9846049841934345e+37,3.355988023336366e+36,8.536256462238278e+36,True,16,True,True,True,True
seq_0021,4,256,bitflip,,mantissa,5,0.0009765625,6.580352783203125e-05,0.0001671314239501953,True,16,True,True,True,True
seq_0022,18,64,numeric,1e-06,,1,0.0,0.0,0.0,False,16,False,False,False,False
seq_0022,18,64,numeric,1e-05,,1,0.0,0.0,0.0,False,16,False,False,False,False
seq_0022,18,64,numeric,0.0001,,1,0.0,0.0,0.0,False,16,False,False,False,False
seq_0022,18,64,numeric,0.001,,1,0.0,0.0,0.0,False,16,False,False,False,False
seq_0022,18,64,numeric,0.01,,1,0.001953125,0.00011539459228515625,0.0003261566162109375,True,16,True,True,True,True
seq_0022,18,64,numeric,0.1,,1,0.0185546875,0.0010955333709716797,0.0031003952026367188,True,16,True,True,True,True
seq_0022,18,64,bitflip,,sign,1,0.37109375,0.021909713745117188,0.06201362609863281,True,16,True,True,True,True
seq_0022,18,64,bitflip,,exponent,1,6.31383297997835e+37,3.727728146416545e+36,8.153043150488084e+36,True,16,True,True,True,True
seq_0022,18,64,bitflip,,mantissa,1,0.0009765625,5.7697296142578125e-05,0.00016307830810546875,True,16,True,True,True,True
seq_0022,18,256,numeric,1e-06,,1,0.0,0.0,0.0,False,16,False,False,False,False
seq_0022,18,256,numeric,1e-05,,1,0.0,0.0,0.0,False,16,False,False,False,False
seq_0022,18,256,numeric,0.0001,,1,0.0,0.0,0.0,False,16,False,False,False,False
seq_0022,18,256,numeric,0.001,,1,0.0,0.0,0.0,False,16,False,False,False,False
seq_0022,18,256,numeric,0.01,,1,0.0009765625,8.630752563476562e-05,0.00020933151245117188,True,16,True,True,True,True
seq_0022,18,256,numeric,0.1,,1,0.00927734375,0.0008172988891601562,0.002075672149658203,True,16,True,True,True,True
seq_0022,18,256,bitflip,,sign,1,0.181640625,0.01599264144897461,0.038883209228515625,True,16,True,True,True,True
seq_0022,18,256,bitflip,,exponent,1,3.0904550901999294e+37,2.72093183448943e+36,6.914367873854571e+36,True,16,True,True,True,True
seq_0022,18,256,bitflip,,mantissa,1,0.00048828125,4.3392181396484375e-05,0.00010919570922851562,True,16,True,True,True,True
seq_0023,31,64,numeric,1e-06,,1,0.0,0.0,0.0,False,16,False,False,False,False
seq_0023,31,64,numeric,1e-05,,1,0.0,0.0,0.0,False,16,False,False,False,False
seq_0023,31,64,numeric,0.0001,,1,0.0,0.0,0.0,False,16,False,False,False,False
seq_0023,31,64,numeric,0.001,,1,0.0,0.0,0.0,False,16,False,False,False,False
seq_0023,31,64,numeric,0.01,,1,0.015625,0.005114078521728516,0.005654335021972656,True,16,True,True,True,True
seq_0023,31,64,numeric,0.1,,1,0.1796875,0.058814048767089844,0.0650186538696289,True,16,True,True,True,True
seq_0023,31,64,bitflip,,sign,1,3.515625,1.150710105895996,1.2720928192138672,True,16,True,True,True,True
seq_0023,31,64,bitflip,,exponent,1,nan,nan,nan,False,16,True,True,True,True
seq_0023,31,64,bitflip,,mantissa,1,0.0078125,0.0025572776794433594,0.002826690673828125,True,16,True,True,True,True
seq_0023,31,256,numeric,1e-06,,1,0.0,0.0,0.0,False,16,False,False,False,False
seq_0023,31,256,numeric,1e-05,,1,0.0,0.0,0.0,False,16,False,False,False,False
seq_0023,31,256,numeric,0.0001,,1,0.0,0.0,0.0,False,16,False,False,False,False
seq_0023,31,256,numeric,0.001,,1,0.0,0.0,0.0,False,16,False,False,False,False
seq_0023,31,256,numeric,0.01,,1,0.0078125,0.000247955322265625,0.0012083053588867188,True,16,True,True,True,True
seq_0023,31,256,numeric,0.1,,1,0.08984375,0.0028533935546875,0.013896942138671875,True,16,True,True,True,True
seq_0023,31,256,bitflip,,sign,1,1.78125,0.056580543518066406,0.27552318572998047,True,16,True,True,True,True
seq_0023,31,256,bitflip,,exponent,1,3.0306398303896082e+38,9.626694579157002e+36,2.2915717942614175e+37,True,16,True,True,True,True
seq_0023,31,256,bitflip,,mantissa,1,0.00390625,0.0001239776611328125,0.0006041526794433594,True,16,True,True,True,True
seq_0024,4,64,numeric,1e-06,,4,0.0,0.0,0.0,False,16,False,False,False,False
seq_0024,4,64,numeric,1e-05,,4,0.0,0.0,0.0,False,16,False,False,False,False
seq_0024,4,64,numeric,0.0001,,4,0.0,0.0,0.0,False,16,False,False,False,False
seq_0024,4,64,numeric,0.001,,4,0.0,0.0,0.0,False,16,False,False,False,False
seq_0024,4,64,numeric,0.01,,4,0.015625,0.004315614700317383,0.0038411617279052734,False,16,True,True,True,True
seq_0024,4,64,numeric,0.1,,4,0.15625,0.043158531188964844,0.03841090202331543,False,16,True,True,True,True
seq_0024,4,64,bitflip,,sign,4,3.09375,0.8545360565185547,0.7605369091033936,False,16,True,True,True,True
seq_0024,4,64,bitflip,,exponent,4,nan,nan,nan,False,16,True,True,True,True
seq_0024,4,64,bitflip,,mantissa,4,0.0078125,0.0021576881408691406,0.001920461654663086,False,16,True,True,True,True
seq_0024,4,256,numeric,1e-06,,4,0.0,0.0,0.0,False,16,False,False,False,False
seq_0024,4,256,numeric,1e-05,,4,0.0,0.0,0.0,False,16,False,False,False,False
seq_0024,4,256,numeric,0.0001,,4,0.0,0.0,0.0,False,16,False,False,False,False
seq_0024,4,256,numeric,0.001,,4,0.0,0.0,0.0,False,16,False,False,False,False
seq_0024,4,256,numeric,0.01,,4,0.00390625,0.0003911256790161133,0.000911712646484375,True,16,True,True,True,True
seq_0024,4,256,numeric,0.1,,4,0.033203125,0.003324568271636963,0.0077495574951171875,True,16,True,True,True,True
seq_0024,4,256,bitflip,,sign,4,0.64453125,0.06453526020050049,0.15043389797210693,True,16,True,True,True,True
seq_0024,4,256,bitflip,,exponent,4,1.0966130965225556e+38,1.0980104277791872e+37,2.650369901921096e+37,True,16,True,True,True,True
seq_0024,4,256,bitflip,,mantissa,4,0.001953125,0.00019556283950805664,0.0004558563232421875,True,16,True,True,True,True
seq_0025,18,64,numeric,1e-06,,7,0.0,0.0,0.0,False,16,False,False,False,False
seq_0025,18,64,numeric,1e-05,,7,0.0,0.0,0.0,False,16,False,False,False,False
seq_0025,18,64,numeric,0.0001,,7,0.0,0.0,0.0,False,16,False,False,False,False
seq_0025,18,64,numeric,0.001,,7,0.0,0.0,0.0,False,16,False,False,False,False
seq_0025,18,64,numeric,0.01,,7,0.00390625,0.0005207061767578125,0.0007338523864746094,True,16,True,True,True,True
seq_0025,18,64,numeric,0.1,,7,0.046875,0.006247282028198242,0.0088043212890625,True,16,True,True,True,True
seq_0025,18,64,bitflip,,sign,7,0.9375,0.12494349479675293,0.17608642578125,True,16,True,True,True,True
seq_0025,18,64,bitflip,,exponent,7,1.595073594941899e+38,2.1258032802755923e+37,2.9959507238324347e+37,True,16,True,True,True,True
seq_0025,18,64,bitflip,,mantissa,7,0.001953125,0.0002601146697998047,0.0003666877746582031,True,16,True,True,True,True
seq_0025,18,256,numeric,1e-06,,7,0.0,0.0,0.0,False,16,False,False,False,False
seq_0025,18,256,numeric,1e-05,,7,0.0,0.0,0.0,False,16,False,False,False,False
seq_0025,18,256,numeric,0.0001,,7,0.0,0.0,0.0,False,16,False,False,False,False
seq_0025,18,256,numeric,0.001,,7,0.0,0.0,0.0,False,16,False,False,False,False
seq_0025,18,256,numeric,0.01,,7,0.00390625,0.0004343986511230469,0.0009171366691589355,True,16,True,True,True,True
seq_0025,18,256,numeric,0.1,,7,0.044921875,0.00499415397644043,0.01054680347442627,True,16,True,True,True,True
seq_0025,18,256,bitflip,,sign,7,0.91796875,0.10205626487731934,0.21552211046218872,True,16,True,True,True,True
seq_0025,18,256,bitflip,,exponent,7,1.5618428950472762e+38,1.7363939459216025e+37,2.0060203129937664e+37,True,16,True,True,True,True
seq_0025,18,256,bitflip,,mantissa,7,0.001953125,0.00021719932556152344,0.0004585385322570801,True,16,True,True,True,True
seq_0026,31,64,numeric,1e-06,,0,0.0,0.0,0.0,False,16,False,False,False,False
seq_0026,31,64,numeric,1e-05,,0,0.0,0.0,0.0,False,16,False,False,False,False
seq_0026,31,64,numeric,0.0001,,0,0.0,0.0,0.0,False,16,False,False,False,False
seq_0026,31,64,numeric,0.001,,0,0.0,0.0,0.0,False,16,False,False,False,False
seq_0026,31,64,numeric,0.01,,0,0.03125,0.003150463104248047,0.005955696105957031,True,16,True,True,True,True
seq_0026,31,64,numeric,0.1,,0,0.296875,0.02993011474609375,0.056580543518066406,True,16,True,True,True,True
seq_0026,31,64,bitflip,,sign,0,6.09375,0.6143593788146973,1.1613917350769043,True,16,True,True,True,True
seq_0026,31,64,bitflip,,exponent,0,3.046875,0.30717945098876953,0.5806958675384521,True,16,True,True,True,True
seq_0026,31,64,bitflip,,mantissa,0,0.015625,0.0015749931335449219,0.0029778480529785156,True,16,True,True,True,True
seq_0026,31,256,numeric,1e-06,,0,0.0,0.0,0.0,False,16,False,False,False,False
seq_0026,31,256,numeric,1e-05,,0,0.0,0.0,0.0,False,16,False,False,False,False
seq_0026,31,256,numeric,0.0001,,0,0.0,0.0,0.0,False,16,False,False,False,False
seq_0026,31,256,numeric,0.001,,0,0.0,0.0,0.0,False,16,False,False,False,False
seq_0026,31,256,numeric,0.01,,0,0.0078125,0.0005341768264770508,0.0019960403442382812,True,16,True,True,True,True
seq_0026,31,256,numeric,0.1,,0,0.1015625,0.006943106651306152,0.02594900131225586,True,16,True,True,True,True
seq_0026,31,256,bitflip,,sign,0,2.03125,0.13886213302612305,0.518979549407959,True,16,True,True,True,True
seq_0026,31,256,bitflip,,exponent,0,nan,nan,nan,False,16,True,True,True,True
seq_0026,31,256,bitflip,,mantissa,0,0.0078125,0.0005340576171875,0.0019960403442382812,True,16,True,True,True,True
seq_0027,4,64,numeric,1e-06,,5,0.0,0.0,0.0,False,16,False,False,False,False
seq_0027,4,64,numeric,1e-05,,5,0.0,0.0,0.0,False,16,False,False,False,False
seq_0027,4,64,numeric,0.0001,,5,0.0,0.0,0.0,False,16,False,False,False,False
seq_0027,4,64,numeric,0.001,,5,0.0,0.0,0.0,False,16,False,False,False,False
seq_0027,4,64,numeric,0.01,,5,0.00390625,0.0005960464477539062,0.0008847415447235107,True,16,True,True,True,True
seq_0027,4,64,numeric,0.1,,5,0.046875,0.007153511047363281,0.009840130805969238,True,16,True,True,True,True
seq_0027,4,64,bitflip,,sign,5,0.96875,0.14783859252929688,0.20336198806762695,True,16,True,True,True,True
seq_0027,4,64,bitflip,,exponent,5,1.6482427147732957e+38,2.515350408249827e+37,3.004762416684741e+37,True,16,True,True,True,True
seq_0027,4,64,bitflip,,mantissa,5,0.001953125,0.00029850006103515625,0.0005283355712890625,True,16,True,True,True,True
seq_0027,4,256,numeric,1e-06,,5,0.0,0.0,0.0,False,16,False,False,False,False
seq_0027,4,256,numeric,1e-05,,5,0.0,0.0,0.0,False,16,False,False,False,False
seq_0027,4,256,numeric,0.0001,,5,0.0,0.0,0.0,False,16,False,False,False,False
seq_0027,4,256,numeric,0.001,,5,0.0,0.0,0.0,False,16,False,False,False,False
seq_0027,4,256,numeric,0.01,,5,0.005859375,0.0007448196411132812,0.0012950897216796875,True,16,True,True,True,True
seq_0027,4,256,numeric,0.1,,5,0.05078125,0.0064525604248046875,0.011221885681152344,True,16,True,True,True,True
seq_0027,4,256,bitflip,,sign,5,0.984375,0.12507247924804688,0.21751785278320312,True,16,True,True,True,True
seq_0027,4,256,bitflip,,exponent,5,1.674827274688994e+38,2.128006076723609e+37,2.7872254607217356e+37,True,16,True,True,True,True
seq_0027,4,256,bitflip,,mantissa,5,0.001953125,0.00024890899658203125,0.00043201446533203125,True,16,True,True,True,True
seq_0028,18,64,numeric,1e-06,,1,0.0,0.0,0.0,False,16,False,False,False,False
seq_0028,18,64,numeric,1e-05,,1,0.0,0.0,0.0,False,16,False,False,False,False
seq_0028,18,64,numeric,0.0001,,1,0.0,0.0,0.0,False,16,False,False,False,False
seq_0028,18,64,numeric,0.001,,1,0.0,0.0,0.0,False,16,False,False,False,False
seq_0028,18,64,numeric,0.01,,1,0.00390625,0.0004100799560546875,0.0008523464202880859,True,16,True,True,True,True
seq_0028,18,64,numeric,0.1,,1,0.029296875,0.0030750036239624023,0.006392836570739746,True,16,True,True,True,True
seq_0028,18,64,bitflip,,sign,1,0.59765625,0.06273066997528076,0.13041377067565918,True,16,True,True,True,True
seq_0028,18,64,bitflip,,exponent,1,1.0168594167754606e+38,1.0673074231814194e+37,2.148658386772407e+37,True,16,True,True,True,True
seq_0028,18,64,bitflip,,mantissa,1,0.001953125,0.00020492076873779297,0.00042617321014404297,True,16,True,True,True,True
seq_0028,18,256,numeric,1e-06,,1,0.0,0.0,0.0,False,16,False,False,False,False
seq_0028,18,256,numeric,1e-05,,1,0.0,0.0,0.0,False,16,False,False,False,False
seq_0028,18,256,numeric,0.0001,,1,0.0,0.0,0.0,False,16,False,False,False,False
seq_0028,18,256,numeric,0.001,,1,0.0,0.0,0.0,False,16,False,False,False,False
seq_0028,18,256,numeric,0.01,,1,0.015625,0.002093195915222168,0.0026979446411132812,True,16,True,True,True,True
seq_0028,18,256,numeric,0.1,,1,0.1484375,0.019885241985321045,0.025626182556152344,True,16,True,True,True,True
seq_0028,18,256,bitflip,,sign,1,2.96875,0.3977043628692627,0.5125055313110352,True,16,True,True,True,True
seq_0028,18,256,bitflip,,exponent,1,nan,nan,nan,False,16,True,True,True,True
seq_0028,18,256,bitflip,,mantissa,1,0.0078125,0.001046597957611084,0.0013494491577148438,True,16,True,True,True,True
seq_0029,31,64,numeric,1e-06,,1,0.0,0.0,0.0,False,16,False,False,False,False
seq_0029,31,64,numeric,1e-05,,1,0.0,0.0,0.0,False,16,False,False,False,False
seq_0029,31,64,numeric,0.0001,,1,0.0,0.0,0.0,False,16,False,False,False,False
seq_0029,31,64,numeric,0.001,,1,0.0,0.0,0.0,False,16,False,False,False,False
seq_0029,31,64,numeric,0.01,,1,0.0078125,0.0005397796630859375,0.0016298294067382812,True,16,True,True,True,True
seq_0029,31,64,numeric,0.1,,1,0.0703125,0.004855155944824219,0.014662742614746094,True,16,True,True,True,True
seq_0029,31,64,bitflip,,sign,1,1.375,0.09494876861572266,0.2867441177368164,True,16,True,True,True,True
seq_0029,31,64,bitflip,,exponent,1,2.339441272581452e+38,1.61546362808151e+37,inf,True,16,True,True,True,True
seq_0029,31,64,bitflip,,mantissa,1,0.00390625,0.00026988983154296875,0.0008144378662109375,True,16,True,True,True,True
seq_0029,31,256,numeric,1e-06,,1,0.0,0.0,0.0,False,16,False,False,False,False
seq_0029,31,256,numeric,1e-05,,1,0.0,0.0,0.0,False,16,False,False,False,False
seq_0029,31,256,numeric,0.0001,,1,0.0,0.0,0.0,False,16,False,False,False,False
seq_0029,31,256,numeric,0.001,,1,0.0,0.0,0.0,False,16,False,False,False,False
seq_0029,31,256,numeric,0.01,,1,0.0078125,0.001186370849609375,0.0014133453369140625,True,16,True,True,True,True
seq_0029,31,256,numeric,0.1,,1,0.1171875,0.017803192138671875,0.02120208740234375,True,16,True,True,True,True
seq_0029,31,256,bitflip,,sign,1,2.265625,0.3441886901855469,0.4098968505859375,True,16,True,True,True,True
seq_0029,31,256,bitflip,,exponent,1,nan,nan,nan,False,16,True,True,True,True
seq_0029,31,256,bitflip,,mantissa,1,0.0078125,0.0011873245239257812,0.0014142990112304688,True,16,True,True,True,True
seq_0030,4,64,numeric,1e-06,,4,0.0,0.0,0.0,False,16,False,False,False,False
seq_0030,4,64,numeric,1e-05,,4,0.0,0.0,0.0,False,16,False,False,False,False
seq_0030,4,64,numeric,0.0001,,4,0.0,0.0,0.0,False,16,False,False,False,False
seq_0030,4,64,numeric,0.001,,4,0.0,0.0,0.0,False,16,False,False,False,False
seq_0030,4,64,numeric,0.01,,4,0.03125,0.0017802715301513672,0.005157470703125,True,16,True,True,True,True
seq_0030,4,64,numeric,0.1,,4,0.296875,0.01691269874572754,0.0489954948425293,True,16,True,True,True,True
seq_0030,4,64,bitflip,,sign,4,6.03125,0.3435945510864258,0.9953827857971191,True,16,True,True,True,True
seq_0030,4,64,bitflip,,exponent,4,3.015625,0.1717972755432129,0.49769163131713867,True,16,True,True,True,True
seq_0030,4,64,bitflip,,mantissa,4,0.015625,0.0008900165557861328,0.0025787353515625,True,16,True,True,True,True
seq_0030,4,256,numeric,1e-06,,4,0.0,0.0,0.0,False,16,False,False,False,False
seq_0030,4,256,numeric,1e-05,,4,0.0,0.0,0.0,False,16,False,False,False,False
seq_0030,4,256,numeric,0.0001,,4,0.0,0.0,0.0,False,16,False,False,False,False
seq_0030,4,256,numeric,0.001,,4,0.0,0.0,0.0,False,16,False,False,False,False
seq_0030,4,256,numeric,0.01,,4,0.001953125,0.00017523765563964844,0.0005688667297363281,True,16,True,True,True,True
seq_0030,4,256,numeric,0.1,,4,0.0205078125,0.0018410682678222656,0.005976200103759766,True,16,True,True,True,True
seq_0030,4,256,bitflip,,sign,4,0.404296875,0.03629350662231445,0.11781454086303711,True,16,True,True,True,True
seq_0030,4,256,bitflip,,exponent,4,6.87875487818694e+37,6.175017633349758e+36,2.0045058508216737e+37,True,16,True,True,True,True
seq_0030,4,256,bitflip,,mantissa,4,0.0009765625,8.7738037109375e-05,0.0002846717834472656,True,16,True,True,True,True
seq_0031,18,64,numeric,1e-06,,7,0.0,0.0,0.0,False,16,False,False,False,False
seq_0031,18,64,numeric,1e-05,,7,0.0,0.0,0.0,False,16,False,False,False,False
seq_0031,18,64,numeric,0.0001,,7,0.0,0.0,0.0,False,16,False,False,False,False
seq_0031,18,64,numeric,0.001,,7,0.0,0.0,0.0,False,16,False,False,False,False
seq_0031,18,64,numeric,0.01,,7,0.0078125,0.0003962516784667969,0.0011868476867675781,True,16,True,True,True,True
seq_0031,18,64,numeric,0.1,,7,0.109375,0.005551338195800781,0.016615867614746094,True,16,True,True,True,True
seq_0031,18,64,bitflip,,sign,7,2.234375,0.1134037971496582,0.33944082260131836,True,16,True,True,True,True
seq_0031,18,64,bitflip,,exponent,7,nan,nan,nan,False,16,True,True,True,True
seq_0031,18,64,bitflip,,mantissa,7,0.0078125,0.0003962516784667969,0.0011868476867675781,True,16,True,True,True,True
seq_0031,18,256,numeric,1e-06,,7,0.0,0.0,0.0,False,16,False,False,False,False
seq_0031,18,256,numeric,1e-05,,7,0.0,0.0,0.0,False,16,False,False,False,False
seq_0031,18,256,numeric,0.0001,,7,0.0,0.0,0.0,False,16,False,False,False,False
seq_0031,18,256,numeric,0.001,,7,0.0,0.0,0.0,False,16,False,False,False,False
seq_0031,18,256,numeric,0.01,,7,0.001953125,0.00022268295288085938,0.0003509521484375,True,16,True,True,True,True
seq_0031,18,256,numeric,0.1,,7,0.0224609375,0.002559185028076172,0.004032611846923828,True,16,True,True,True,True
seq_0031,18,256,bitflip,,sign,7,0.458984375,0.052295684814453125,0.08240509033203125,True,16,True,True,True,True
seq_0031,18,256,bitflip,,exponent,7,7.809214475236381e+37,8.897670620441648e+36,1.4020571848342881e+37,True,16,True,True,True,True
seq_0031,18,256,bitflip,,mantissa,7,0.0009765625,0.00011110305786132812,0.00017499923706054688,True,16,True,True,True,True
seq_0032,31,64,numeric,1e-06,,0,0.0,0.0,0.0,False,16,False,False,False,False
seq_0032,31,64,numeric,1e-05,,0,0.0,0.0,0.0,False,16,False,False,False,False
seq_0032,31,64,numeric,0.0001,,0,0.0,0.0,0.0,False,16,False,False,False,False
seq_0032,31,64,numeric,0.001,,0,0.0,0.0,0.0,False,16,False,False,False,False
seq_0032,31,64,numeric,0.01,,0,0.01171875,0.0014646053314208984,0.001772165298461914,True,16,True,True,True,True
seq_0032,31,64,numeric,0.1,,0,0.1015625,0.012694120407104492,0.015359163284301758,True,16,True,True,True,True
seq_0032,31,64,bitflip,,sign,0,2.015625,0.2519261837005615,0.30481648445129395,True,16,True,True,True,True
seq_0032,31,64,bitflip,,exponent,0,nan,nan,nan,False,16,True,True,True,True
seq_0032,31,64,bitflip,,mantissa,0,0.0078125,0.0009763240814208984,0.0011813640594482422,True,16,True,True,True,True
seq_0032,31,256,numeric,1e-06,,0,0.0,0.0,0.0,False,16,False,False,False,False
seq_0032,31,256,numeric,1e-05,,0,0.0,0.0,0.0,False,16,False,False,False,False
seq_0032,31,256,numeric,0.0001,,0,0.0,0.0,0.0,False,16,False,False,False,False
seq_0032,31,256,numeric,0.001,,0,0.0,0.0,0.0,False,16,False,False,False,False
seq_0032,31,256,numeric,0.01,,0,0.0078125,0.0008039474487304688,0.0011601448059082031,True,16,True,True,True,True
seq_0032,31,256,numeric,0.1,,0,0.1015625,0.010449886322021484,0.01641082763671875,True,16,True,True,True,True
seq_0032,31,256,bitflip,,sign,0,2.03125,0.20899438858032227,0.30156898498535156,True,16,True,True,True,True
seq_0032,31,256,bitflip,,exponent,0,nan,nan,nan,False,16,True,True,True,True
seq_0032,31,256,bitflip,,mantissa,0,0.0078125,0.0008039474487304688,0.0011601448059082031,True,16,True,True,True,True
seq_0033,4,64,numeric,1e-06,,5,0.0,0.0,0.0,False,16,False,False,False,False
seq_0033,4,64,numeric,1e-05,,5,0.0,0.0,0.0,False,16,False,False,False,False
seq_0033,4,64,numeric,0.0001,,5,0.0,0.0,0.0,False,16,False,False,False,False
seq_0033,4,64,numeric,0.001,,5,0.0,0.0,0.0,False,16,False,False,False,False
seq_0033,4,64,numeric,0.01,,5,0.015625,0.004445075988769531,0.0062580108642578125,True,16,True,True,True,True
seq_0033,4,64,numeric,0.1,,5,0.15625,0.04445314407348633,0.06257915496826172,True,16,True,True,True,True
seq_0033,4,64,bitflip,,sign,5,3.125,0.8890624046325684,1.234330177307129,True,16,True,True,True,True
seq_0033,4,64,bitflip,,exponent,5,nan,nan,nan,False,16,True,True,True,True
seq_0033,4,64,bitflip,,mantissa,5,0.0078125,0.0022225379943847656,0.002826690673828125,True,16,True,True,True,True
seq_0033,4,256,numeric,1e-06,,5,0.0,0.0,0.0,False,16,False,False,False,False
seq_0033,4,256,numeric,1e-05,,5,0.0,0.0,0.0,False,16,False,False,False,False
seq_0033,4,256,numeric,0.0001,,5,0.0,0.0,0.0,False,16,False,False,False,False
seq_0033,4,256,numeric,0.001,,5,0.0,0.0,0.0,False,16,False,False,False,False
seq_0033,4,256,numeric,0.01,,5,0.0078125,0.0010247230529785156,0.002913236618041992,True,16,True,True,True,True
seq_0033,4,256,numeric,0.1,,5,0.0625,0.00820016860961914,0.023305416107177734,True,16,True,True,True,True
seq_0033,4,256,bitflip,,sign,5,1.2265625,0.16092634201049805,0.4573702812194824,True,16,True,True,True,True
seq_0033,4,256,bitflip,,exponent,5,2.086887953382318e+38,2.738027180336518e+37,inf,True,16,True,True,True,True
seq_0033,4,256,bitflip,,mantissa,5,0.00390625,0.0005125999450683594,0.0014564990997314453,True,16,True,True,True,True
seq_0034,18,64,numeric,1e-06,,1,0.0,0.0,0.0,False,16,False,False,False,False
seq_0034,18,64,numeric,1e-05,,1,0.0,0.0,0.0,False,16,False,False,False,False
seq_0034,18,64,numeric,0.0001,,1,0.0,0.0,0.0,False,16,False,False,False,False
seq_0034,18,64,numeric,0.001,,1,0.0,0.0,0.0,False,16,False,False,False,False
seq_0034,18,64,numeric,0.01,,1,0.0078125,0.0010627508163452148,0.0010896921157836914,True,16,True,True,True,True
seq_0034,18,64,numeric,0.1,,1,0.0625,0.00850224494934082,0.008243083953857422,False,16,True,True,True,True
seq_0034,18,64,bitflip,,sign,1,1.2421875,0.1689814329147339,0.1732701063156128,True,16,True,True,True,True
seq_0034,18,64,bitflip,,exponent,1,2.1134725132980162e+38,2.8750662949440705e+37,2.2037309600390825e+37,False,16,True,True,True,True
seq_0034,18,64,bitflip,,mantissa,1,0.00390625,0.000531315803527832,0.0005449056625366211,True,16,True,True,True,True
seq_0034,18,256,numeric,1e-06,,1,0.0,0.0,0.0,False,16,False,False,False,False
seq_0034,18,256,numeric,1e-05,,1,0.0,0.0,0.0,False,16,False,False,False,False
seq_0034,18,256,numeric,0.0001,,1,0.0,0.0,0.0,False,16,False,False,False,False
seq_0034,18,256,numeric,0.001,,1,0.0,0.0,0.0,False,16,False,False,False,False
seq_0034,18,256,numeric,0.01,,1,0.0078125,0.001224517822265625,0.0018129348754882812,True,16,True,True,True,True
seq_0034,18,256,numeric,0.1,,1,0.109375,0.017145156860351562,0.025377273559570312,True,16,True,True,True,True
seq_0034,18,256,bitflip,,sign,1,2.15625,0.3379955291748047,0.5002918243408203,True,16,True,True,True,True
seq_0034,18,256,bitflip,,exponent,1,nan,nan,nan,False,16,True,True,True,True
seq_0034,18,256,bitflip,,mantissa,1,0.0078125,0.001224517822265625,0.001811981201171875,True,16,True,True,True,True
seq_0035,31,64,numeric,1e-06,,1,0.0,0.0,0.0,False,16,False,False,False,False
seq_0035,31,64,numeric,1e-05,,1,0.0,0.0,0.0,False,16,False,False,False,False
seq_0035,31,64,numeric,0.0001,,1,0.0,0.0,0.0,False,16,False,False,False,False
seq_0035,31,64,numeric,0.001,,1,0.0,0.0,0.0,False,16,False,False,False,False
seq_0035,31,64,numeric,0.01,,1,0.00390625,0.0001220703125,0.00038242340087890625,True,16,True,True,True,True
seq_0035,31,64,numeric,0.1,,1,0.05859375,0.0018215179443359375,0.00574493408203125,True,16,True,True,True,True
seq_0035,31,64,bitflip,,sign,1,1.1484375,0.03568744659423828,0.1126108169555664,True,16,True,True,True,True
seq_0035,31,64,bitflip,,exponent,1,1.9539651538038263e+38,6.071756716931067e+36,1.9159765555583548e+37,True,16,True,True,True,True
seq_0035,31,64,bitflip,,mantissa,1,0.00390625,0.0001220703125,0.00038242340087890625,True,16,True,True,True,True
seq_0035,31,256,numeric,1e-06,,1,0.0,0.0,0.0,False,16,False,False,False,False
seq_0035,31,256,numeric,1e-05,,1,0.0,0.0,0.0,False,16,False,False,False,False
seq_0035,31,256,numeric,0.0001,,1,0.0,0.0,0.0,False,16,False,False,False,False
seq_0035,31,256,numeric,0.001,,1,0.0,0.0,0.0,False,16,False,False,False,False
seq_0035,31,256,numeric,0.01,,1,0.0078125,0.00025653839111328125,0.0008525848388671875,True,16,True,True,True,True
seq_0035,31,256,numeric,0.1,,1,0.06640625,0.0021905899047851562,0.007245063781738281,True,16,True,True,True,True
seq_0035,31,256,bitflip,,sign,1,1.34375,0.044307708740234375,0.14011383056640625,True,16,True,True,True,True
seq_0035,31,256,bitflip,,exponent,1,2.2862721527500553e+38,7.538524169015445e+36,1.270892616638313e+37,True,16,True,True,True,True
seq_0035,31,256,bitflip,,mantissa,1,0.00390625,0.00012874603271484375,0.00042629241943359375,True,16,True,True,True,True
seq_0036,4,64,numeric,1e-06,,4,0.0,0.0,0.0,False,16,False,False,False,False
seq_0036,4,64,numeric,1e-05,,4,0.0,0.0,0.0,False,16,False,False,False,False
seq_0036,4,64,numeric,0.0001,,4,0.0,0.0,0.0,False,16,False,False,False,False
seq_0036,4,64,numeric,0.001,,4,0.0,0.0,0.0,False,16,False,False,False,False
seq_0036,4,64,numeric,0.01,,4,0.001953125,0.0015861988067626953,0.0020068585872650146,True,16,True,True,True,True
seq_0036,4,64,numeric,0.1,,4,0.0234375,0.019032955169677734,0.024082422256469727,True,16,True,True,True,True
seq_0036,4,64,bitflip,,sign,4,0.474609375,0.38541507720947266,0.4876680374145508,True,16,True,True,True,True
seq_0036,4,64,bitflip,,exponent,4,8.075060074393364e+37,inf,inf,False,16,True,True,True,True
seq_0036,4,64,bitflip,,mantissa,4,0.0009765625,0.0007929801940917969,0.0010034441947937012,True,16,True,True,True,True
seq_0036,4,256,numeric,1e-06,,4,0.0,0.0,0.0,False,16,False,False,False,False
seq_0036,4,256,numeric,1e-05,,4,0.0,0.0,0.0,False,16,False,False,False,False
seq_0036,4,256,numeric,0.0001,,4,0.0,0.0,0.0,False,16,False,False,False,False
seq_0036,4,256,numeric,0.001,,4,0.0,0.0,0.0,False,16,False,False,False,False
seq_0036,4,256,numeric,0.01,,4,0.00390625,0.0006958842277526855,0.0009548813104629517,True,16,True,True,True,True
seq_0036,4,256,numeric,0.1,,4,0.0390625,0.006959319114685059,0.009548783302307129,True,16,True,True,True,True
seq_0036,4,256,bitflip,,sign,4,0.79296875,0.14127355813980103,0.1938403993844986,True,16,True,True,True,True
seq_0036,4,256,bitflip,,exponent,4,1.3491664157216896e+38,2.403644783827595e+37,1.751493058985981e+37,False,16,True,True,True,True
seq_0036,4,256,bitflip,,mantissa,4,0.001953125,0.00034797191619873047,0.0004774332046508789,True,16,True,True,True,True
seq_0037,18,64,numeric,1e-06,,7,0.0,0.0,0.0,False,16,False,False,False,False
seq_0037,18,64,numeric,1e-05,,7,0.0,0.0,0.0,False,16,False,False,False,False
seq_0037,18,64,numeric,0.0001,,7,0.0,0.0,0.0,False,16,False,False,False,False
seq_0037,18,64,numeric,0.001,,7,0.0,0.0,0.0,False,16,False,False,False,False
seq_0037,18,64,numeric,0.01,,7,0.015625,0.0017371773719787598,0.004294395446777344,True,16,True,True,True,True
seq_0037,18,64,numeric,0.1,,7,0.15625,0.01737123727798462,0.04294252395629883,True,16,True,True,True,True
seq_0037,18,64,bitflip,,sign,7,3.0625,0.3404764235019684,0.8416745662689209,True,16,True,True,True,True
seq_0037,18,64,bitflip,,exponent,7,nan,nan,nan,False,16,True,True,True,True
seq_0037,18,64,bitflip,,mantissa,7,0.0078125,0.0008685588836669922,0.002147197723388672,True,16,True,True,True,True
seq_0037,18,256,numeric,1e-06,,7,0.0,0.0,0.0,False,16,False,False,False,False
seq_0037,18,256,numeric,1e-05,,7,0.0,0.0,0.0,False,16,False,False,False,False
seq_0037,18,256,numeric,0.0001,,7,0.0,0.0,0.0,False,16,False,False,False,False
seq_0037,18,256,numeric,0.001,,7,0.0,0.0,0.0,False,16,False,False,False,False
seq_0037,18,256,numeric,0.01,,7,0.0009765625,6.4849853515625e-05,0.00011599063873291016,True,16,True,True,True,True
seq_0037,18,256,numeric,0.1,,7,0.01171875,0.0007770061492919922,0.0013918876647949219,True,16,True,True,True,True
seq_0037,18,256,bitflip,,sign,7,0.2373046875,0.015731334686279297,0.028185129165649414,True,16,True,True,True,True
seq_0037,18,256,bitflip,,exponent,7,4.037530037196682e+37,2.676529520002586e+36,4.7954486969285786e+36,True,16,True,True,True,True
seq_0037,18,256,bitflip,,mantissa,7,0.00048828125,3.24249267578125e-05,5.805492401123047e-05,True,16,True,True,True,True
seq_0038,31,64,numeric,1e-06,,0,0.0,0.0,0.0,False,16,False,False,False,False
seq_0038,31,64,numeric,1e-05,,0,0.0,0.0,0.0,False,16,False,False,False,False
seq_0038,31,64,numeric,0.0001,,0,0.0,0.0,0.0,False,16,False,False,False,False
seq_0038,31,64,numeric,0.001,,0,0.0,0.0,0.0,False,16,False,False,False,False
seq_0038,31,64,numeric,0.01,,0,0.015625,0.004984855651855469,0.007552623748779297,True,16,True,True,True,True
seq_0038,31,64,numeric,0.1,,0,0.1640625,0.05234026908874512,0.07930374145507812,True,16,True,True,True,True
seq_0038,31,64,bitflip,,sign,0,3.234375,1.0318520069122314,1.5634121894836426,True,16,True,True,True,True
seq_0038,31,64,bitflip,,exponent,0,nan,nan,nan,False,16,True,True,True,True
seq_0038,31,64,bitflip,,mantissa,0,0.0078125,0.0024924278259277344,0.003776073455810547,True,16,True,True,True,True
seq_0038,31,256,numeric,1e-06,,0,0.0,0.0,0.0,False,16,False,False,False,False
seq_0038,31,256,numeric,1e-05,,0,0.0,0.0,0.0,False,16,False,False,False,False
seq_0038,31,256,numeric,0.0001,,0,0.0,0.0,0.0,False,16,False,False,False,False
seq_0038,31,256,numeric,0.001,,0,0.0,0.0,0.0,False,16,False,False,False,False
seq_0038,31,256,numeric,0.01,,0,0.03125,0.0026865005493164062,0.0045316219329833984,True,16,True,True,True,True
seq_0038,31,256,numeric,0.1,,0,0.375,0.032239437103271484,0.05437946319580078,True,16,True,True,True,True
seq_0038,31,256,bitflip,,sign,0,7.5,0.6447861194610596,1.0875910520553589,True,16,True,True,True,True
seq_0038,31,256,bitflip,,exponent,0,3.75,0.32239294052124023,0.5437954664230347,True,16,True,True,True,True
seq_0038,31,256,bitflip,,mantissa,0,0.015625,0.0013432502746582031,0.0022658109664916992,True,16,True,True,True,True
seq_0039,4,64,numeric,1e-06,,5,0.0,0.0,0.0,False,16,False,False,False,False
seq_0039,4,64,numeric,1e-05,,5,0.0,0.0,0.0,False,16,False,False,False,False
seq_0039,4,64,numeric,0.0001,,5,0.0,0.0,0.0,False,16,False,False,False,False
seq_0039,4,64,numeric,0.001,,5,0.0,0.0,0.0,False,16,False,False,False,False
seq_0039,4,64,numeric,0.01,,5,0.0625,0.0006690025329589844,0.0010900497436523438,True,16,True,True,True,True
seq_0039,4,64,numeric,0.1,,5,0.75,0.008027434349060059,0.013077259063720703,True,16,True,True,True,True
seq_0039,4,64,bitflip,,sign,5,14.625,0.15653538703918457,0.2550010681152344,True,16,True,True,True,True
seq_0039,4,64,bitflip,,exponent,5,7.3125,0.07826769351959229,0.1275005340576172,True,16,True,True,True,True
seq_0039,4,64,bitflip,,mantissa,5,0.03125,0.0003345012664794922,0.0005450248718261719,True,16,True,True,True,True
seq_0039,4,256,numeric,1e-06,,5,0.0,0.0,0.0,False,16,False,False,False,False
seq_0039,4,256,numeric,1e-05,,5,0.0,0.0,0.0,False,16,False,False,False,False
seq_0039,4,256,numeric,0.0001,,5,0.0,0.0,0.0,False,16,False,False,False,False
seq_0039,4,256,numeric,0.001,,5,0.0,0.0,0.0,False,16,False,False,False,False
seq_0039,4,256,numeric,0.01,,5,0.0625,0.0026111602783203125,0.00820016860961914,True,16,True,True,True,True
seq_0039,4,256,numeric,0.1,,5,0.65625,0.027416229248046875,0.08610105514526367,True,16,True,True,True,True
seq_0039,4,256,bitflip,,sign,5,13.0,0.5431046485900879,1.7056188583374023,True,16,True,True,True,True
seq_0039,4,256,bitflip,,exponent,5,6.5,0.27155256271362305,0.8528094291687012,True,16,True,True,True,True
seq_0039,4,256,bitflip,,mantissa,5,0.03125,0.0013055801391601562,0.004099845886230469,True,16,True,True,True,True
seq_0040,18,64,numeric,1e-06,,1,0.0,0.0,0.0,False,16,False,False,False,False
seq_0040,18,64,numeric,1e-05,,1,0.0,0.0,0.0,False,16,False,False,False,False
seq_0040,18,64,numeric,0.0001,,1,0.0,0.0,0.0,False,16,False,False,False,False
seq_0040,18,64,numeric,0.001,,1,0.0,0.0,0.0,False,16,False,False,False,False
seq_0040,18,64,numeric,0.01,,1,0.015625,0.0010788440704345703,0.0023088455200195312,True,16,True,True,True,True
seq_0040,18,64,numeric,0.1,,1,0.1328125,0.009171247482299805,0.02201080322265625,True,16,True,True,True,True
seq_0040,18,64,bitflip,,sign,1,2.703125,0.1866600513458252,0.39945244789123535,True,16,True,True,True,True
seq_0040,18,64,bitflip,,exponent,1,nan,nan,nan,False,16,True,True,True,True
seq_0040,18,64,bitflip,,mantissa,1,0.0078125,0.0005395412445068359,0.0012946128845214844,True,16,True,True,True,True
seq_0040,18,256,numeric,1e-06,,1,0.0,0.0,0.0,False,16,False,False,False,False
seq_0040,18,256,numeric,1e-05,,1,0.0,0.0,0.0,False,16,False,False,False,False
seq_0040,18,256,numeric,0.0001,,1,0.0,0.0,0.0,False,16,False,False,False,False
seq_0040,18,256,numeric,0.001,,1,0.0,0.0,0.0,False,16,False,False,False,False
seq_0040,18,256,numeric,0.01,,1,0.00390625,0.0007495880126953125,0.0009393692016601562,True,16,True,True,True,True
seq_0040,18,256,numeric,0.1,,1,0.03125,0.0059986114501953125,0.0075092315673828125,True,16,True,True,True,True
seq_0040,18,256,bitflip,,sign,1,0.6171875,0.11848068237304688,0.1483144760131836,True,16,True,True,True,True
seq_0040,18,256,bitflip,,exponent,1,1.0500901166700835e+38,2.0158415627840946e+37,2.523427624344361e+37,True,16,True,True,True,True
seq_0040,18,256,bitflip,,mantissa,1,0.001953125,0.00037479400634765625,0.000469207763671875,True,16,True,True,True,True
seq_0041,31,64,numeric,1e-06,,1,0.0,0.0,0.0,False,16,False,False,False,False
seq_0041,31,64,numeric,1e-05,,1,0.0,0.0,0.0,False,16,False,False,False,False
seq_0041,31,64,numeric,0.0001,,1,0.0,0.0,0.0,False,16,False,False,False,False
seq_0041,31,64,numeric,0.001,,1,0.0,0.0,0.0,False,16,False,False,False,False
seq_0041,31,64,numeric,0.01,,1,0.00390625,9.1552734375e-05,0.00038814544677734375,True,16,True,True,True,True
seq_0041,31,64,numeric,0.1,,1,0.044921875,0.0010466575622558594,0.004466056823730469,True,16,True,True,True,True
seq_0041,31,64,bitflip,,sign,1,0.8984375,0.020938873291015625,0.08933734893798828,True,16,True,True,True,True
seq_0041,31,64,bitflip,,exponent,1,1.5286121951526533e+38,3.562510489999049e+36,1.5200044672819235e+37,True,16,True,True,True,True
seq_0041,31,64,bitflip,,mantissa,1,0.001953125,4.57763671875e-05,0.000194549560546875,True,16,True,True,True,True
seq_0041,31,256,numeric,1e-06,,1,0.0,0.0,0.0,False,16,False,False,False,False
seq_0041,31,256,numeric,1e-05,,1,0.0,0.0,0.0,False,16,False,False,False,False
seq_0041,31,256,numeric,0.0001,,1,0.0,0.0,0.0,False,16,False,False,False,False
seq_0041,31,256,numeric,0.001,,1,0.0,0.0,0.0,False,16,False,False,False,False
seq_0041,31,256,numeric,0.01,,1,0.00390625,0.00018739700317382812,0.0004968643188476562,True,16,True,True,True,True
seq_0041,31,256,numeric,0.1,,1,0.0546875,0.00262451171875,0.0069484710693359375,True,16,True,True,True,True
seq_0041,31,256,bitflip,,sign,1,1.125,0.05399131774902344,0.14294052124023438,True,16,True,True,True,True
seq_0041,31,256,bitflip,,exponent,1,1.914088313930279e+38,9.18611373949348e+36,9.384374927194475e+36,True,16,True,True,True,True
seq_0041,31,256,bitflip,,mantissa,1,0.00390625,0.00018739700317382812,0.00049591064453125,True,16,True,True,True,True
seq_0042,4,64,numeric,1e-06,,4,0.0,0.0,0.0,False,16,False,False,False,False
seq_0042,4,64,numeric,1e-05,,4,0.0,0.0,0.0,False,16,False,False,False,False
seq_0042,4,64,numeric,0.0001,,4,0.0,0.0,0.0,False,16,False,False,False,False
seq_0042,4,64,numeric,0.001,,4,0.0,0.0,0.0,False,16,False,False,False,False
seq_0042,4,64,numeric,0.01,,4,0.001953125,0.00015652179718017578,0.0007175058126449585,True,16,True,True,True,True
seq_0042,4,64,numeric,0.1,,4,0.021484375,0.0017209053039550781,0.007892593741416931,True,16,True,True,True,True
seq_0042,4,64,bitflip,,sign,4,0.4375,0.03504467010498047,0.1607217639684677,True,16,True,True,True,True
seq_0042,4,64,bitflip,,exponent,4,7.443676776395529e+37,5.962529602962401e+36,2.73453936647505e+37,True,16,True,True,True,True
seq_0042,4,64,bitflip,,mantissa,4,0.0009765625,7.82012939453125e-05,0.00035876035690307617,True,16,True,True,True,True
seq_0042,4,256,numeric,1e-06,,4,0.0,0.0,0.0,False,16,False,False,False,False
seq_0042,4,256,numeric,1e-05,,4,0.0,0.0,0.0,False,16,False,False,False,False
seq_0042,4,256,numeric,0.0001,,4,0.0,0.0,0.0,False,16,False,False,False,False
seq_0042,4,256,numeric,0.001,,4,0.0,0.0,0.0,False,16,False,False,False,False
seq_0042,4,256,numeric,0.01,,4,0.00390625,0.0005987882614135742,0.0008146762847900391,True,16,True,True,True,True
seq_0042,4,256,numeric,0.1,,4,0.0546875,0.008383512496948242,0.01215982437133789,True,16,True,True,True,True
seq_0042,4,256,bitflip,,sign,4,1.1015625,0.16886794567108154,0.2449345588684082,True,16,True,True,True,True
seq_0042,4,256,bitflip,,exponent,4,1.8742114740567314e+38,2.8731387054413635e+37,inf,True,16,True,True,True,True
seq_0042,4,256,bitflip,,mantissa,4,0.00390625,0.0005987882614135742,0.0008685588836669922,True,16,True,True,True,True
seq_0043,18,64,numeric,1e-06,,7,0.0,0.0,0.0,False,16,False,False,False,False
seq_0043,18,64,numeric,1e-05,,7,0.0,0.0,0.0,False,16,False,False,False,False
seq_0043,18,64,numeric,0.0001,,7,0.0,0.0,0.0,False,16,False,False,False,False
seq_0043,18,64,numeric,0.001,,7,0.0,0.0,0.0,False,16,False,False,False,False
seq_0043,18,64,numeric,0.01,,7,0.0009765625,5.7220458984375e-06,7.534027099609375e-05,True,16,False,True,True,True
seq_0043,18,64,numeric,0.1,,7,0.00927734375,5.173683166503906e-05,0.0007147789001464844,True,16,True,True,True,True
seq_0043,18,64,bitflip,,sign,7,0.1865234375,0.0010383129119873047,0.014361381530761719,True,16,True,True,True,True
seq_0043,18,64,bitflip,,exponent,7,3.1735318399364866e+37,1.766841701148198e+35,2.487274672903562e+36,True,16,True,True,True,True
seq_0043,18,64,bitflip,,mantissa,7,0.00048828125,2.86102294921875e-06,3.7670135498046875e-05,True,16,False,True,True,True
seq_0043,18,256,numeric,1e-06,,7,0.0,0.0,0.0,False,16,False,False,False,False
seq_0043,18,256,numeric,1e-05,,7,0.0,0.0,0.0,False,16,False,False,False,False
seq_0043,18,256,numeric,0.0001,,7,0.0,0.0,0.0,False,16,False,False,False,False
seq_0043,18,256,numeric,0.001,,7,0.0,0.0,0.0,False,16,False,False,False,False
seq_0043,18,256,numeric,0.01,,7,0.000244140625,2.09808349609375e-05,7.88569450378418e-05,True,16,True,True,True,True
seq_0043,18,256,numeric,0.1,,7,0.0023193359375,0.0001983642578125,0.0007495880126953125,True,16,True,True,True,True
seq_0043,18,256,bitflip,,sign,7,0.046875,0.004013538360595703,0.015148639678955078,True,16,True,True,True,True
seq_0043,18,256,bitflip,,exponent,7,7.975367974709495e+36,6.829005708542128e+35,2.577398767695763e+36,True,16,True,True,True,True
seq_0043,18,256,bitflip,,mantissa,7,0.0001220703125,1.0967254638671875e-05,3.93986701965332e-05,True,16,False,False,True,True
seq_0044,31,64,numeric,1e-06,,0,0.0,0.0,0.0,False,16,False,False,False,False
seq_0044,31,64,numeric,1e-05,,0,0.0,0.0,0.0,False,16,False,False,False,False
seq_0044,31,64,numeric,0.0001,,0,0.0,0.0,0.0,False,16,False,False,False,False
seq_0044,31,64,numeric,0.001,,0,0.0,0.0,0.0,False,16,False,False,False,False
seq_0044,31,64,numeric,0.01,,0,0.00390625,8.511543273925781e-05,0.000469207763671875,True,16,True,True,True,True
seq_0044,31,64,numeric,0.1,,0,0.0390625,0.0008494853973388672,0.004693508148193359,True,16,True,True,True,True
seq_0044,31,64,bitflip,,sign,0,0.7890625,0.017163753509521484,0.09480810165405273,True,16,True,True,True,True
seq_0044,31,64,bitflip,,exponent,0,1.342520275742765e+38,2.920225840516961e+36,1.6130771490615204e+37,True,16,True,True,True,True
seq_0044,31,64,bitflip,,mantissa,0,0.001953125,4.2438507080078125e-05,0.0002346038818359375,True,16,True,True,True,True
seq_0044,31,256,numeric,1e-06,,0,0.0,0.0,0.0,False,16,False,False,False,False
seq_0044,31,256,numeric,1e-05,,0,0.0,0.0,0.0,False,16,False,False,False,False
seq_0044,31,256,numeric,0.0001,,0,0.0,0.0,0.0,False,16,False,False,False,False
seq_0044,31,256,numeric,0.001,,0,0.0,0.0,0.0,False,16,False,False,False,False
seq_0044,31,256,numeric,0.01,,0,0.0078125,0.00013828277587890625,0.0016942024230957031,True,16,True,True,True,True
seq_0044,31,256,numeric,0.1,,0,0.07421875,0.0013136863708496094,0.016092300415039062,True,16,True,True,True,True
seq_0044,31,256,bitflip,,sign,0,1.5234375,0.02695751190185547,0.3303232192993164,True,16,True,True,True,True
seq_0044,31,256,bitflip,,exponent,0,2.591994591780586e+38,4.586517060300162e+36,inf,True,16,True,True,True,True
seq_0044,31,256,bitflip,,mantissa,0,0.00390625,6.914138793945312e-05,0.00084686279296875,True,16,True,True,True,True
seq_0045,4,64,numeric,1e-06,,5,0.0,0.0,0.0,False,16,False,False,False,False
seq_0045,4,64,numeric,1e-05,,5,0.0,0.0,0.0,False,16,False,False,False,False
seq_0045,4,64,numeric,0.0001,,5,0.0,0.0,0.0,False,16,False,False,False,False
seq_0045,4,64,numeric,0.001,,5,0.0,0.0,0.0,False,16,False,False,False,False
seq_0045,4,64,numeric,0.01,,5,0.0078125,0.000728607177734375,0.001132965087890625,True,16,True,True,True,True
seq_0045,4,64,numeric,0.1,,5,0.08984375,0.008375167846679688,0.013028621673583984,True,16,True,True,True,True
seq_0045,4,64,bitflip,,sign,5,1.7734375,0.16532325744628906,0.2571702003479004,True,16,True,True,True,True
seq_0045,4,64,bitflip,,exponent,5,3.017347550431759e+38,2.812834284617426e+37,inf,True,16,True,True,True,True
seq_0045,4,64,bitflip,,mantissa,5,0.00390625,0.0003643035888671875,0.0005664825439453125,True,16,True,True,True,True
seq_0045,4,256,numeric,1e-06,,5,0.0,0.0,0.0,False,16,False,False,False,False
seq_0045,4,256,numeric,1e-05,,5,0.0,0.0,0.0,False,16,False,False,False,False
seq_0045,4,256,numeric,0.0001,,5,0.0,0.0,0.0,False,16,False,False,False,False
seq_0045,4,256,numeric,0.001,,5,0.0,0.0,0.0,False,16,False,False,False,False
seq_0045,4,256,numeric,0.01,,5,0.0078125,0.00115966796875,0.0020933151245117188,True,16,True,True,True,True
seq_0045,4,256,numeric,0.1,,5,0.09765625,0.014498710632324219,0.026164531707763672,True,16,True,True,True,True
seq_0045,4,256,bitflip,,sign,5,1.9375,0.28765058517456055,0.519108772277832,True,16,True,True,True,True
seq_0045,4,256,bitflip,,exponent,5,3.2964854295465914e+38,inf,inf,False,16,True,True,True,True
seq_0045,4,256,bitflip,,mantissa,5,0.00390625,0.000579833984375,0.0010466575622558594,True,16,True,True,True,True
seq_0046,18,64,numeric,1e-06,,1,0.0,0.0,0.0,False,16,False,False,False,False
seq_0046,18,64,numeric,1e-05,,1,0.0,0.0,0.0,False,16,False,False,False,False
seq_0046,18,64,numeric,0.0001,,1,0.0,0.0,0.0,False,16,False,False,False,False
seq_0046,18,64,numeric,0.001,,1,0.0,0.0,0.0,False,16,False,False,False,False
seq_0046,18,64,numeric,0.01,,1,0.0078125,0.0006905198097229004,0.0014781951904296875,True,16,True,True,True,True
seq_0046,18,64,numeric,0.1,,1,0.05859375,0.005178987979888916,0.011086463928222656,True,16,True,True,True,True
seq_0046,18,64,bitflip,,sign,1,1.1875,0.10496115684509277,0.22468233108520508,True,16,True,True,True,True
seq_0046,18,64,bitflip,,exponent,1,2.020426553593072e+38,1.7858216710654616e+37,2.9298635345003763e+37,True,16,True,True,True,True
seq_0046,18,64,bitflip,,mantissa,1,0.00390625,0.0003452897071838379,0.0007390975952148438,True,16,True,True,True,True
seq_0046,18,256,numeric,1e-06,,1,0.0,0.0,0.0,False,16,False,False,False,False
seq_0046,18,256,numeric,1e-05,,1,0.0,0.0,0.0,False,16,False,False,False,False
seq_0046,18,256,numeric,0.0001,,1,0.0,0.0,0.0,False,16,False,False,False,False
seq_0046,18,256,numeric,0.001,,1,0.0,0.0,0.0,False,16,False,False,False,False
seq_0046,18,256,numeric,0.01,,1,0.00390625,0.0007982254028320312,0.0014243125915527344,True,16,True,True,True,True
seq_0046,18,256,numeric,0.1,,1,0.046875,0.009581565856933594,0.017090797424316406,True,16,True,True,True,True
seq_0046,18,256,bitflip,,sign,1,0.94140625,0.19242191314697266,0.34323883056640625,True,16,True,True,True,True
seq_0046,18,256,bitflip,,exponent,1,1.6017197349208236e+38,inf,1.802848246867487e+37,False,16,True,True,True,True
seq_0046,18,256,bitflip,,mantissa,1,0.001953125,0.00039958953857421875,0.0007123947143554688,True,16,True,True,True,True
seq_0047,31,64,numeric,1e-06,,1,0.0,0.0,0.0,False,16,False,False,False,False
seq_0047,31,64,numeric,1e-05,,1,0.0,0.0,0.0,False,16,False,False,False,False
seq_0047,31,64,numeric,0.0001,,1,0.0,0.0,0.0,False,16,False,False,False,False
seq_0047,31,64,numeric,0.001,,1,0.0,0.0,0.0,False,16,False,False,False,False
seq_0047,31,64,numeric,0.01,,1,0.0009765625,0.00010251998901367188,8.249282836914062e-05,False,16,True,True,True,True
seq_0047,31,64,numeric,0.1,,1,0.013671875,0.0014348030090332031,0.00095367431640625,False,16,True,True,True,True
seq_0047,31,64,bitflip,,sign,1,0.2734375,0.02870035171508789,0.02303600311279297,False,16,True,True,True,True
seq_0047,31,64,bitflip,,exponent,1,4.652297985247206e+37,4.8831061021090605e+36,3.919335119204292e+36,False,16,True,True,True,True
seq_0047,31,64,bitflip,,mantissa,1,0.0009765625,0.00010251998901367188,8.20159912109375e-05,False,16,True,True,True,True
seq_0047,31,256,numeric,1e-06,,1,0.0,0.0,0.0,False,16,False,False,False,False
seq_0047,31,256,numeric,1e-05,,1,0.0,0.0,0.0,False,16,False,False,False,False
seq_0047,31,256,numeric,0.0001,,1,0.0,0.0,0.0,False,16,False,False,False,False
seq_0047,31,256,numeric,0.001,,1,0.0,0.0,0.0,False,16,False,False,False,False
seq_0047,31,256,numeric,0.01,,1,0.0078125,0.000141143798828125,0.0002994537353515625,True,16,True,True,True,True
seq_0047,31,256,numeric,0.1,,1,0.1015625,0.0018405914306640625,0.0038919448852539062,True,16,True,True,True,True
seq_0047,31,256,bitflip,,sign,1,2.03125,0.0368194580078125,0.07784652709960938,True,16,True,True,True,True
seq_0047,31,256,bitflip,,exponent,1,nan,nan,nan,False,16,True,True,True,True
seq_0047,31,256,bitflip,,mantissa,1,0.0078125,0.000141143798828125,0.0002994537353515625,True,16,True,True,True,True
seq_0048,4,64,numeric,1e-06,,4,0.0,0.0,0.0,False,16,False,False,False,False
seq_0048,4,64,numeric,1e-05,,4,0.0,0.0,0.0,False,16,False,False,False,False
seq_0048,4,64,numeric,0.0001,,4,0.0,0.0,0.0,False,16,False,False,False,False
seq_0048,4,64,numeric,0.001,,4,0.0,0.0,0.0,False,16,False,False,False,False
seq_0048,4,64,numeric,0.01,,4,0.00146484375,0.00020956993103027344,0.00029754638671875,True,16,True,True,True,True
seq_0048,4,64,numeric,0.1,,4,0.01220703125,0.0017447471618652344,0.0024781227111816406,True,16,True,True,True,True
seq_0048,4,64,bitflip,,sign,4,0.2470703125,0.03531646728515625,0.05015969276428223,True,16,True,True,True,True
seq_0048,4,64,bitflip,,exponent,4,4.2036835366697964e+37,6.008767158605726e+36,8.534191459410507e+36,True,16,True,True,True,True
seq_0048,4,64,bitflip,,mantissa,4,0.00048828125,6.985664367675781e-05,9.918212890625e-05,True,16,True,True,True,True
seq_0048,4,256,numeric,1e-06,,4,0.0,0.0,0.0,False,16,False,False,False,False
seq_0048,4,256,numeric,1e-05,,4,0.0,0.0,0.0,False,16,False,False,False,False
seq_0048,4,256,numeric,0.0001,,4,0.0,0.0,0.0,False,16,False,False,False,False
seq_0048,4,256,numeric,0.001,,4,0.0,0.0,0.0,False,16,False,False,False,False
seq_0048,4,256,numeric,0.01,,4,0.00390625,0.0003829002380371094,0.0009225606918334961,True,16,True,True,True,True
seq_0048,4,256,numeric,0.1,,4,0.0390625,0.003830432891845703,0.009225130081176758,True,16,True,True,True,True
seq_0048,4,256,bitflip,,sign,4,0.79296875,0.07775521278381348,0.18726956844329834,True,16,True,True,True,True
seq_0048,4,256,bitflip,,exponent,4,1.3491664157216896e+38,1.322936265560803e+37,1.993720806279992e+37,True,16,True,True,True,True
seq_0048,4,256,bitflip,,mantissa,4,0.001953125,0.0001914501190185547,0.00046133995056152344,True,16,True,True,True,True
seq_0049,18,64,numeric,1e-06,,7,0.0,0.0,0.0,False,16,False,False,False,False
seq_0049,18,64,numeric,1e-05,,7,0.0,0.0,0.0,False,16,False,False,False,False
seq_0049,18,64,numeric,0.0001,,7,0.0,0.0,0.0,False,16,False,False,False,False
seq_0049,18,64,numeric,0.001,,7,0.0,0.0,0.0,False,16,False,False,False,False
seq_0049,18,64,numeric,0.01,,7,0.00048828125,2.6226043701171875e-06,4.2438507080078125e-05,True,16,False,True,True,True
seq_0049,18,64,numeric,0.1,,7,0.005126953125,2.6226043701171875e-05,0.00044608116149902344,True,16,True,True,True,True
seq_0049,18,64,bitflip,,sign,7,0.1025390625,0.0005266666412353516,0.008921623229980469,True,16,True,True,True,True
seq_0049,18,64,bitflip,,exponent,7,1.744611744467702e+37,8.960057490134742e+34,1.5179391792327667e+36,True,16,True,True,True,True
seq_0049,18,64,bitflip,,mantissa,7,0.000244140625,1.1920928955078125e-06,2.1219253540039062e-05,True,16,False,False,True,True
seq_0049,18,256,numeric,1e-06,,7,0.0,0.0,0.0,False,16,False,False,False,False
seq_0049,18,256,numeric,1e-05,,7,0.0,0.0,0.0,False,16,False,False,False,False
seq_0049,18,256,numeric,0.0001,,7,0.0,0.0,0.0,False,16,False,False,False,False
seq_0049,18,256,numeric,0.001,,7,0.0,0.0,0.0,False,16,False,False,False,False
seq_0049,18,256,numeric,0.01,,7,0.00390625,0.0004668235778808594,0.0007443428039550781,True,16,True,True,True,True
seq_0049,18,256,numeric,0.1,,7,0.029296875,0.0034995079040527344,0.005583763122558594,True,16,True,True,True,True
seq_0049,18,256,bitflip,,sign,7,0.59765625,0.07139778137207031,0.11390566825866699,True,16,True,True,True,True
seq_0049,18,256,bitflip,,exponent,7,1.0168594167754606e+38,1.2147643439517677e+37,1.938005660924061e+37,True,16,True,True,True,True
seq_0049,18,256,bitflip,,mantissa,7,0.001953125,0.00023365020751953125,0.00037217140197753906,True,16,True,True,True,True
seq_0050,31,64,numeric,1e-06,,0,0.0,0.0,0.0,False,16,False,False,False,False
seq_0050,31,64,numeric,1e-05,,0,0.0,0.0,0.0,False,16,False,False,False,False
seq_0050,31,64,numeric,0.0001,,0,0.0,0.0,0.0,False,16,False,False,False,False
seq_0050,31,64,numeric,0.001,,0,0.0,0.0,0.0,False,16,False,False,False,False
seq_0050,31,64,numeric,0.01,,0,0.015625,0.00038051605224609375,0.00263214111328125,True,16,True,True,True,True
seq_0050,31,64,numeric,0.1,,0,0.140625,0.0034232139587402344,0.023693084716796875,True,16,True,True,True,True
seq_0050,31,64,bitflip,,sign,0,2.78125,0.06769943237304688,0.4686126708984375,True,16,True,True,True,True
seq_0050,31,64,bitflip,,exponent,0,nan,nan,nan,False,16,True,True,True,True
seq_0050,31,64,bitflip,,mantissa,0,0.0078125,0.00018978118896484375,0.0013170242309570312,True,16,True,True,True,True
seq_0050,31,256,numeric,1e-06,,0,0.0,0.0,0.0,False,16,False,False,False,False
seq_0050,31,256,numeric,1e-05,,0,0.0,0.0,0.0,False,16,False,False,False,False
seq_0050,31,256,numeric,0.0001,,0,0.0,0.0,0.0,False,16,False,False,False,False
seq_0050,31,256,numeric,0.001,,0,0.0,0.0,0.0,False,16,False,False,False,False
seq_0050,31,256,numeric,0.01,,0,0.0078125,0.0005071163177490234,0.0009708404541015625,True,16,True,True,True,True
seq_0050,31,256,numeric,0.1,,0,0.08984375,0.00583195686340332,0.011167049407958984,True,16,True,True,True,True
seq_0050,31,256,bitflip,,sign,0,1.8671875,0.12119936943054199,0.2320842742919922,True,16,True,True,True,True
seq_0050,31,256,bitflip,,exponent,0,3.176854909925949e+38,2.0621025699635235e+37,inf,True,16,True,True,True,True
seq_0050,31,256,bitflip,,mantissa,0,0.00390625,0.00025343894958496094,0.00048542022705078125,True,16,True,True,True,True
seq_0051,4,64,numeric,1e-06,,5,0.0,0.0,0.0,False,16,False,False,False,False
seq_0051,4,64,numeric,1e-05,,5,0.0,0.0,0.0,False,16,False,False,False,False
seq_0051,4,64,numeric,0.0001,,5,0.0,0.0,0.0,False,16,False,False,False,False
seq_0051,4,64,numeric,0.001,,5,0.0,0.0,0.0,False,16,False,False,False,False
seq_0051,4,64,numeric,0.01,,5,0.00390625,0.0004315376281738281,0.0005717277526855469,True,16,True,True,True,True
seq_0051,4,64,numeric,0.1,,5,0.046875,0.005178928375244141,0.006862163543701172,True,16,True,True,True,True
seq_0051,4,64,bitflip,,sign,5,0.94921875,0.1048746109008789,0.13895893096923828,True,16,True,True,True,True
seq_0051,4,64,bitflip,,exponent,5,1.6150120148786728e+38,1.7843529710800371e+37,2.3642677532327057e+37,True,16,True,True,True,True
seq_0051,4,64,bitflip,,mantissa,5,0.001953125,0.00021600723266601562,0.0003037452697753906,True,16,True,True,True,True
seq_0051,4,256,numeric,1e-06,,5,0.0,0.0,0.0,False,16,False,False,False,False
seq_0051,4,256,numeric,1e-05,,5,0.0,0.0,0.0,False,16,False,False,False,False
seq_0051,4,256,numeric,0.0001,,5,0.0,0.0,0.0,False,16,False,False,False,False
seq_0051,4,256,numeric,0.001,,5,0.0,0.0,0.0,False,16,False,False,False,False
seq_0051,4,256,numeric,0.01,,5,0.0078125,0.0002422332763671875,0.0010356903076171875,True,16,True,True,True,True
seq_0051,4,256,numeric,0.1,,5,0.07421875,0.002292633056640625,0.009840011596679688,True,16,True,True,True,True
seq_0051,4,256,bitflip,,sign,5,1.5234375,0.047077178955078125,0.2019810676574707,True,16,True,True,True,True
seq_0051,4,256,bitflip,,exponent,5,2.591994591780586e+38,8.009624964530063e+36,1.7451137341053925e+37,True,16,True,True,True,True
seq_0051,4,256,bitflip,,mantissa,5,0.00390625,0.0001220703125,0.0005178451538085938,True,16,True,True,True,True
seq_0052,18,64,numeric,1e-06,,1,0.0,0.0,0.0,False,16,False,False,False,False
seq_0052,18,64,numeric,1e-05,,1,0.0,0.0,0.0,False,16,False,False,False,False
seq_0052,18,64,numeric,0.0001,,1,0.0,0.0,0.0,False,16,False,False,False,False
seq_0052,18,64,numeric,0.001,,1,0.0,0.0,0.0,False,16,False,False,False,False
seq_0052,18,64,numeric,0.01,,1,0.00390625,0.0002903938293457031,0.001003265380859375,True,16,True,True,True,True
seq_0052,18,64,numeric,0.1,,1,0.0546875,0.004059791564941406,0.014048099517822266,True,16,True,True,True,True
seq_0052,18,64,bitflip,,sign,1,1.1015625,0.0817718505859375,0.28296756744384766,True,16,True,True,True,True
seq_0052,18,64,bitflip,,exponent,1,1.8742114740567314e+38,1.3912721402926064e+37,2.42016658116061e+37,True,16,True,True,True,True
seq_0052,18,64,bitflip,,mantissa,1,0.00390625,0.0002903938293457031,0.001003265380859375,True,16,True,True,True,True
seq_0052,18,256,numeric,1e-06,,1,0.0,0.0,0.0,False,16,False,False,False,False
seq_0052,18,256,numeric,1e-05,,1,0.0,0.0,0.0,False,16,False,False,False,False
seq_0052,18,256,numeric,0.0001,,1,0.0,0.0,0.0,False,16,False,False,False,False
seq_0052,18,256,numeric,0.001,,1,0.0,0.0,0.0,False,16,False,False,False,False
seq_0052,18,256,numeric,0.01,,1,0.0009765625,5.733966827392578e-05,0.00017404556274414062,True,16,True,True,True,True
seq_0052,18,256,numeric,0.1,,1,0.00927734375,0.0005444884300231934,0.0016527175903320312,True,16,True,True,True,True
seq_0052,18,256,bitflip,,sign,1,0.18359375,0.010776102542877197,0.03270864486694336,True,16,True,True,True,True
seq_0052,18,256,bitflip,,exponent,1,3.1236857900945523e+37,1.8334594735617983e+36,5.565088814700546e+36,True,16,True,True,True,True
seq_0052,18,256,bitflip,,mantissa,1,0.00048828125,2.866983413696289e-05,8.702278137207031e-05,True,16,True,True,True,True
seq_0053,31,64,numeric,1e-06,,1,0.0,0.0,0.0,False,16,False,False,False,False
seq_0053,31,64,numeric,1e-05,,1,0.0,0.0,0.0,False,16,False,False,False,False
seq_0053,31,64,numeric,0.0001,,1,0.0,0.0,0.0,False,16,False,False,False,False
seq_0053,31,64,numeric,0.001,,1,0.0,0.0,0.0,False,16,False,False,False,False
seq_0053,31,64,numeric,0.01,,1,0.0078125,0.00029754638671875,0.0013217926025390625,True,16,True,True,True,True
seq_0053,31,64,numeric,0.1,,1,0.09375,0.0035762786865234375,0.011328697204589844,True,16,True,True,True,True
seq_0053,31,64,bitflip,,sign,1,1.859375,0.0709381103515625,0.22469234466552734,True,16,True,True,True,True
seq_0053,31,64,bitflip,,exponent,1,3.1635626299680998e+38,1.206962461567603e+37,2.5886885590151907e+37,True,16,True,True,True,True
seq_0053,31,64,bitflip,,mantissa,1,0.00390625,0.00014972686767578125,0.0006608963012695312,True,16,True,True,True,True
seq_0053,31,256,numeric,1e-06,,1,0.0,0.0,0.0,False,16,False,False,False,False
seq_0053,31,256,numeric,1e-05,,1,0.0,0.0,0.0,False,16,False,False,False,False
seq_0053,31,256,numeric,0.0001,,1,0.0,0.0,0.0,False,16,False,False,False,False
seq_0053,31,256,numeric,0.001,,1,0.0,0.0,0.0,False,16,False,False,False,False
seq_0053,31,256,numeric,0.01,,1,0.00390625,0.00031280517578125,0.0010356903076171875,True,16,True,True,True,True
seq_0053,31,256,numeric,0.1,,1,0.044921875,0.0035982131958007812,0.011911392211914062,True,16,True,True,True,True
seq_0053,31,256,bitflip,,sign,1,0.93359375,0.0747828483581543,0.2475576400756836,True,16,True,True,True,True
seq_0053,31,256,bitflip,,exponent,1,1.5884274549629745e+38,1.2723611898586775e+37,1.8207927284691378e+37,True,16,True,True,True,True
seq_0053,31,256,bitflip,,mantissa,1,0.001953125,0.000156402587890625,0.0005178451538085938,True,16,True,True,True,True
seq_0054,4,64,numeric,1e-06,,4,0.0,0.0,0.0,False,16,False,False,False,False
seq_0054,4,64,numeric,1e-05,,4,0.0,0.0,0.0,False,16,False,False,False,False
seq_0054,4,64,numeric,0.0001,,4,0.0,0.0,0.0,False,16,False,False,False,False
seq_0054,4,64,numeric,0.001,,4,0.0,0.0,0.0,False,16,False,False,False,False
seq_0054,4,64,numeric,0.01,,4,0.03125,0.011221170425415039,0.008545398712158203,False,16,True,True,True,True
seq_0054,4,64,numeric,0.1,,4,0.28125,0.1009906530380249,0.07690823078155518,False,16,True,True,True,True
seq_0054,4,64,bitflip,,sign,4,5.6875,2.0422542095184326,1.5552550554275513,False,16,True,True,True,True
seq_0054,4,64,bitflip,,exponent,4,2.84375,1.0211269855499268,0.7776275873184204,False,16,True,True,True,True
seq_0054,4,64,bitflip,,mantissa,4,0.015625,0.0056105852127075195,0.0042726993560791016,False,16,True,True,True,True
seq_0054,4,256,numeric,1e-06,,4,0.0,0.0,0.0,False,16,False,False,False,False
seq_0054,4,256,numeric,1e-05,,4,0.0,0.0,0.0,False,16,False,False,False,False
seq_0054,4,256,numeric,0.0001,,4,0.0,0.0,0.0,False,16,False,False,False,False
seq_0054,4,256,numeric,0.001,,4,0.0,0.0,0.0,False,16,False,False,False,False
seq_0054,4,256,numeric,0.01,,4,0.125,0.01040118932723999,0.011911869049072266,True,16,True,True,True,True
seq_0054,4,256,numeric,0.1,,4,1.5,0.12481403350830078,0.14294052124023438,True,16,True,True,True,True
seq_0054,4,256,bitflip,,sign,4,29.5,2.4546754360198975,2.811164140701294,True,16,True,True,True,True
seq_0054,4,256,bitflip,,exponent,4,14.75,1.2273378372192383,1.4055819511413574,True,16,True,True,True,True
seq_0054,4,256,bitflip,,mantissa,4,0.0625,0.005200564861297607,0.005955696105957031,True,16,True,True,True,True
seq_0055,18,64,numeric,1e-06,,7,0.0,0.0,0.0,False,16,False,False,False,False
seq_0055,18,64,numeric,1e-05,,7,0.0,0.0,0.0,False,16,False,False,False,False
seq_0055,18,64,numeric,0.0001,,7,0.0,0.0,0.0,False,16,False,False,False,False
seq_0055,18,64,numeric,0.001,,7,0.0,0.0,0.0,False,16,False,False,False,False
seq_0055,18,64,numeric,0.01,,7,0.125,0.00561070442199707,0.022269725799560547,True,16,True,True,True,True
seq_0055,18,64,numeric,0.1,,7,1.0625,0.04768991470336914,0.18929243087768555,True,16,True,True,True,True
seq_0055,18,64,bitflip,,sign,7,20.875,0.9369683265686035,3.719043254852295,True,16,True,True,True,True
seq_0055,18,64,bitflip,,exponent,7,10.4375,0.46848416328430176,1.8595213890075684,True,16,True,True,True,True
seq_0055,18,64,bitflip,,mantissa,7,0.0625,0.0028052330017089844,0.011134624481201172,True,16,True,True,True,True
seq_0055,18,256,numeric,1e-06,,7,0.0,0.0,0.0,False,16,False,False,False,False
seq_0055,18,256,numeric,1e-05,,7,0.0,0.0,0.0,False,16,False,False,False,False
seq_0055,18,256,numeric,0.0001,,7,0.0,0.0,0.0,False,16,False,False,False,False
seq_0055,18,256,numeric,0.001,,7,0.0,0.0,0.0,False,16,False,False,False,False
seq_0055,18,256,numeric,0.01,,7,0.00048828125,3.5703182220458984e-05,9.846687316894531e-05,True,16,True,True,True,True
seq_0055,18,256,numeric,0.1,,7,0.0048828125,0.0003573894500732422,0.000606536865234375,True,16,True,True,True,True
seq_0055,18,256,bitflip,,sign,7,0.09814453125,0.007183849811553955,0.012198448181152344,True,16,True,True,True,True
seq_0055,18,256,bitflip,,exponent,7,1.6698426697048006e+37,1.2222680749147587e+36,2.0755495223093595e+36,True,16,True,True,True,True
seq_0055,18,256,bitflip,,mantissa,7,0.000244140625,1.7821788787841797e-05,2.956390380859375e-05,True,16,True,True,True,True
seq_0056,31,64,numeric,1e-06,,0,0.0,0.0,0.0,False,16,False,False,False,False
seq_0056,31,64,numeric,1e-05,,0,0.0,0.0,0.0,False,16,False,False,False,False
seq_0056,31,64,numeric,0.0001,,0,0.0,0.0,0.0,False,16,False,False,False,False
seq_0056,31,64,numeric,0.001,,0,0.0,0.0,0.0,False,16,False,False,False,False
seq_0056,31,64,numeric,0.01,,0,0.03125,0.0036468505859375,0.0072078704833984375,True,16,True,True,True,True
seq_0056,31,64,numeric,0.1,,0,0.359375,0.04193925857543945,0.0828857421875,True,16,True,True,True,True
seq_0056,31,64,bitflip,,sign,0,7.46875,0.8716051578521729,1.7225799560546875,True,16,True,True,True,True
seq_0056,31,64,bitflip,,exponent,0,3.734375,0.4358024597167969,0.8612899780273438,True,16,True,True,True,True
seq_0056,31,64,bitflip,,mantissa,0,0.015625,0.00182342529296875,0.0036034584045410156,True,16,True,True,True,True
seq_0056,31,256,numeric,1e-06,,0,0.0,0.0,0.0,False,16,False,False,False,False
seq_0056,31,256,numeric,1e-05,,0,0.0,0.0,0.0,False,16,False,False,False,False
seq_0056,31,256,numeric,0.0001,,0,0.0,0.0,0.0,False,16,False,False,False,False
seq_0056,31,256,numeric,0.001,,0,0.0,0.0,0.0,False,16,False,False,False,False
seq_0056,31,256,numeric,0.01,,0,0.0078125,0.000949859619140625,0.0020284652709960938,True,16,True,True,True,True
seq_0056,31,256,numeric,0.1,,0,0.09765625,0.011868476867675781,0.02535533905029297,True,16,True,True,True,True
seq_0056,31,256,bitflip,,sign,0,1.9453125,0.2364215850830078,0.5050826072692871,True,16,True,True,True,True
seq_0056,31,256,bitflip,,exponent,0,3.3097777095044405e+38,inf,inf,False,16,True,True,True,True
seq_0056,31,256,bitflip,,mantissa,0,0.00390625,0.0004749298095703125,0.0010142326354980469,True,16,True,True,True,True
seq_0057,4,64,numeric,1e-06,,5,0.0,0.0,0.0,False,16,False,False,False,False
seq_0057,4,64,numeric,1e-05,,5,0.0,0.0,0.0,False,16,False,False,False,False
seq_0057,4,64,numeric,0.0001,,5,0.0,0.0,0.0,False,16,False,False,False,False
seq_0057,4,64,numeric,0.001,,5,0.0,0.0,0.0,False,16,False,False,False,False
seq_0057,4,64,numeric,0.01,,5,0.001953125,0.0001926422119140625,0.0003962516784667969,True,16,True,True,True,True
seq_0057,4,64,numeric,0.1,,5,0.0205078125,0.002025604248046875,0.004163265228271484,True,16,True,True,True,True
seq_0057,4,64,bitflip,,sign,5,0.41796875,0.04127311706542969,0.0848550796508789,True,16,True,True,True,True
seq_0057,4,64,bitflip,,exponent,5,7.1113697774493e+37,7.022218319271389e+36,1.4437287897806507e+37,True,16,True,True,True,True
seq_0057,4,64,bitflip,,mantissa,5,0.0009765625,9.679794311523438e-05,0.00019788742065429688,True,16,True,True,True,True
seq_0057,4,256,numeric,1e-06,,5,0.0,0.0,0.0,False,16,False,False,False,False
seq_0057,4,256,numeric,1e-05,,5,0.0,0.0,0.0,False,16,False,False,False,False
seq_0057,4,256,numeric,0.0001,,5,0.0,0.0,0.0,False,16,False,False,False,False
seq_0057,4,256,numeric,0.001,,5,0.0,0.0,0.0,False,16,False,False,False,False
seq_0057,4,256,numeric,0.01,,5,0.0078125,0.0005397796630859375,0.0012462139129638672,True,16,True,True,True,True
seq_0057,4,256,numeric,0.1,,5,0.0703125,0.004855632781982422,0.011215925216674805,True,16,True,True,True,True
seq_0057,4,256,bitflip,,sign,5,1.40625,0.0971064567565918,0.22431540489196777,True,16,True,True,True,True
seq_0057,4,256,bitflip,,exponent,5,2.3926103924128486e+38,1.6521787191809803e+37,inf,True,16,True,True,True,True
seq_0057,4,256,bitflip,,mantissa,5,0.00390625,0.00026988983154296875,0.0006232261657714844,True,16,True,True,True,True
seq_0058,18,64,numeric,1e-06,,1,0.0,0.0,0.0,False,16,False,False,False,False
seq_0058,18,64,numeric,1e-05,,1,0.0,0.0,0.0,False,16,False,False,False,False
seq_0058,18,64,numeric,0.0001,,1,0.0,0.0,0.0,False,16,False,False,False,False
seq_0058,18,64,numeric,0.001,,1,0.0,0.0,0.0,False,16,False,False,False,False
seq_0058,18,64,numeric,0.01,,1,0.03125,0.0015430450439453125,0.00502777099609375,True,16,True,True,True,True
seq_0058,18,64,numeric,0.1,,1,0.3125,0.015429019927978516,0.05027961730957031,True,16,True,True,True,True
seq_0058,18,64,bitflip,,sign,1,6.3125,0.31166791915893555,1.015645980834961,True,16,True,True,True,True
seq_0058,18,64,bitflip,,exponent,1,3.15625,0.15583419799804688,0.5078229904174805,True,16,True,True,True,True
seq_0058,18,64,bitflip,,mantissa,1,0.015625,0.0007715225219726562,0.002513885498046875,True,16,True,True,True,True
seq_0058,18,256,numeric,1e-06,,1,0.0,0.0,0.0,False,16,False,False,False,False
seq_0058,18,256,numeric,1e-05,,1,0.0,0.0,0.0,False,16,False,False,False,False
seq_0058,18,256,numeric,0.0001,,1,0.0,0.0,0.0,False,16,False,False,False,False
seq_0058,18,256,numeric,0.001,,1,0.0,0.0,0.0,False,16,False,False,False,False
seq_0058,18,256,numeric,0.01,,1,0.0078125,0.0007066726684570312,0.0011436939239501953,True,16,True,True,True,True
seq_0058,18,256,numeric,0.1,,1,0.078125,0.007067203521728516,0.012354135513305664,True,16,True,True,True,True
seq_0058,18,256,bitflip,,sign,1,1.59375,0.14417028427124023,0.2333141565322876,True,16,True,True,True,True
seq_0058,18,256,bitflip,,exponent,1,2.7116251114012284e+38,2.4529345885861494e+37,inf,True,16,True,True,True,True
seq_0058,18,256,bitflip,,mantissa,1,0.00390625,0.0003533363342285156,0.0006176233291625977,True,16,True,True,True,True
seq_0059,31,64,numeric,1e-06,,1,0.0,0.0,0.0,False,16,False,False,False,False
seq_0059,31,64,numeric,1e-05,,1,0.0,0.0,0.0,False,16,False,False,False,False
seq_0059,31,64,numeric,0.0001,,1,0.0,0.0,0.0,False,16,False,False,False,False
seq_0059,31,64,numeric,0.001,,1,0.0,0.0,0.0,False,16,False,False,False,False
seq_0059,31,64,numeric,0.01,,1,0.000244140625,1.049041748046875e-05,1.71661376953125e-05,True,16,False,False,False,False
seq_0059,31,64,numeric,0.1,,1,0.0028076171875,0.0001201629638671875,0.00018978118896484375,True,16,True,True,True,True
seq_0059,31,64,bitflip,,sign,1,0.056640625,0.0024247169494628906,0.0038328170776367188,True,16,True,True,True,True
seq_0059,31,64,bitflip,,exponent,1,9.63690296944064e+36,4.1258572689543245e+35,7.952257436616734e+35,True,16,True,True,True,True
seq_0059,31,64,bitflip,,mantissa,1,0.0001220703125,5.7220458984375e-06,7.62939453125e-06,True,16,False,False,False,False
seq_0059,31,256,numeric,1e-06,,1,0.0,0.0,0.0,False,16,False,False,False,False
seq_0059,31,256,numeric,1e-05,,1,0.0,0.0,0.0,False,16,False,False,False,False
seq_0059,31,256,numeric,0.0001,,1,0.0,0.0,0.0,False,16,False,False,False,False
seq_0059,31,256,numeric,0.001,,1,0.0,0.0,0.0,False,16,False,False,False,False
seq_0059,31,256,numeric,0.01,,1,0.00390625,0.0002560615539550781,0.0014677047729492188,True,16,True,True,True,True
seq_0059,31,256,numeric,0.1,,1,0.046875,0.00307464599609375,0.017608642578125,True,16,True,True,True,True
seq_0059,31,256,bitflip,,sign,1,0.953125,0.06252527236938477,0.35804176330566406,True,16,True,True,True,True
seq_0059,31,256,bitflip,,exponent,1,1.6216581548575974e+38,1.0638194825548914e+37,8.958480453559896e+36,False,16,True,True,True,True
seq_0059,31,256,bitflip,,mantissa,1,0.001953125,0.00012826919555664062,0.0007333755493164062,True,16,True,True,True,True
seq_0060,4,64,numeric,1e-06,,4,0.0,0.0,0.0,False,16,False,False,False,False
seq_0060,4,64,numeric,1e-05,,4,0.0,0.0,0.0,False,16,False,False,False,False
seq_0060,4,64,numeric,0.0001,,4,0.0,0.0,0.0,False,16,False,False,False,False
seq_0060,4,64,numeric,0.001,,4,0.0,0.0,0.0,False,16,False,False,False,False
seq_0060,4,64,numeric,0.01,,4,0.01171875,0.0025408267974853516,0.0033178329467773438,True,16,True,True,True,True
seq_0060,4,64,numeric,0.1,,4,0.09765625,0.02117443084716797,0.027648210525512695,True,16,True,True,True,True
seq_0060,4,64,bitflip,,sign,4,1.9609375,0.4251861572265625,0.5497620105743408,True,16,True,True,True,True
seq_0060,4,64,bitflip,,exponent,4,3.336362269420139e+38,inf,inf,False,16,True,True,True,True
seq_0060,4,64,bitflip,,mantissa,4,0.00390625,0.00084686279296875,0.0011060237884521484,True,16,True,True,True,True
seq_0060,4,256,numeric,1e-06,,4,0.0,0.0,0.0,False,16,False,False,False,False
seq_0060,4,256,numeric,1e-05,,4,0.0,0.0,0.0,False,16,False,False,False,False
seq_0060,4,256,numeric,0.0001,,4,0.0,0.0,0.0,False,16,False,False,False,False
seq_0060,4,256,numeric,0.001,,4,0.0,0.0,0.0,False,16,False,False,False,False
seq_0060,4,256,numeric,0.01,,4,0.001953125,0.0002779960632324219,0.0008739233016967773,True,16,True,True,True,True
seq_0060,4,256,numeric,0.1,,4,0.0263671875,0.0037505626678466797,0.011798381805419922,True,16,True,True,True,True
seq_0060,4,256,bitflip,,sign,4,0.53515625,0.0761258602142334,0.23946428298950195,True,16,True,True,True,True
seq_0060,4,256,bitflip,,exponent,4,9.105211771126674e+37,1.2952162963554924e+37,1.7101885656534445e+37,True,16,True,True,True,True
seq_0060,4,256,bitflip,,mantissa,4,0.001953125,0.0002777576446533203,0.0008739233016967773,True,16,True,True,True,True
seq_0061,18,64,numeric,1e-06,,7,0.0,0.0,0.0,False,16,False,False,False,False
seq_0061,18,64,numeric,1e-05,,7,0.0,0.0,0.0,False,16,False,False,False,False
seq_0061,18,64,numeric,0.0001,,7,0.0,0.0,0.0,False,16,False,False,False,False
seq_0061,18,64,numeric,0.001,,7,0.0,0.0,0.0,False,16,False,False,False,False
seq_0061,18,64,numeric,0.01,,7,0.0078125,8.96453857421875e-05,0.001553654670715332,True,16,True,True,True,True
seq_0061,18,64,numeric,0.1,,7,0.08984375,0.0010313987731933594,0.017867565155029297,True,16,True,True,True,True
seq_0061,18,64,bitflip,,sign,7,1.8046875,0.020718097686767578,0.3589050769805908,True,16,True,True,True,True
seq_0061,18,64,bitflip,,exponent,7,3.0705166702631557e+38,3.524992152096744e+36,inf,True,16,True,True,True,True
seq_0061,18,64,bitflip,,mantissa,7,0.00390625,4.482269287109375e-05,0.0007768869400024414,True,16,True,True,True,True
seq_0061,18,256,numeric,1e-06,,7,0.0,0.0,0.0,False,16,False,False,False,False
seq_0061,18,256,numeric,1e-05,,7,0.0,0.0,0.0,False,16,False,False,False,False
seq_0061,18,256,numeric,0.0001,,7,0.0,0.0,0.0,False,16,False,False,False,False
seq_0061,18,256,numeric,0.001,,7,0.0,0.0,0.0,False,16,False,False,False,False
seq_0061,18,256,numeric,0.01,,7,0.0625,0.016745567321777344,0.03780674934387207,True,16,True,True,True,True
seq_0061,18,256,numeric,0.1,,7,0.53125,0.14233613014221191,0.3213574290275574,True,16,True,True,True,True
seq_0061,18,256,bitflip,,sign,7,10.3125,2.7629988193511963,6.2381110191345215,True,16,True,True,True,True
seq_0061,18,256,bitflip,,exponent,7,5.15625,1.3814994096755981,3.11905574798584,True,16,True,True,True,True
seq_0061,18,256,bitflip,,mantissa,7,0.03125,0.00837254524230957,0.018903374671936035,True,16,True,True,True,True
seq_0062,31,64,numeric,1e-06,,0,0.0,0.0,0.0,False,16,False,False,False,False
seq_0062,31,64,numeric,1e-05,,0,0.0,0.0,0.0,False,16,False,False,False,False
seq_0062,31,64,numeric,0.0001,,0,0.0,0.0,0.0,False,16,False,False,False,False
seq_0062,31,64,numeric,0.001,,0,0.0,0.0,0.0,False,16,False,False,False,False
seq_0062,31,64,numeric,0.01,,0,0.00048828125,6.771087646484375e-05,9.632110595703125e-05,True,16,True,True,True,True
seq_0062,31,64,numeric,0.1,,0,0.005615234375,0.0007753372192382812,0.0011005401611328125,True,16,True,True,True,True
seq_0062,31,64,bitflip,,sign,0,0.11572265625,0.01598215103149414,0.02269458770751953,True,16,True,True,True,True
seq_0062,31,64,bitflip,,exponent,0,1.9689189687564066e+37,2.71921068188697e+36,3.8612792570150396e+36,True,16,True,True,True,True
seq_0062,31,64,bitflip,,mantissa,0,0.000244140625,3.3855438232421875e-05,4.863739013671875e-05,True,16,True,True,True,True
seq_0062,31,256,numeric,1e-06,,0,0.0,0.0,0.0,False,16,False,False,False,False
seq_0062,31,256,numeric,1e-05,,0,0.0,0.0,0.0,False,16,False,False,False,False
seq_0062,31,256,numeric,0.0001,,0,0.0,0.0,0.0,False,16,False,False,False,False
seq_0062,31,256,numeric,0.001,,0,0.0,0.0,0.0,False,16,False,False,False,False
seq_0062,31,256,numeric,0.01,,0,0.015625,0.002460002899169922,0.004811763763427734,True,16,True,True,True,True
seq_0062,31,256,numeric,0.1,,0,0.1953125,0.030750751495361328,0.06015205383300781,True,16,True,True,True,True
seq_0062,31,256,bitflip,,sign,0,3.90625,0.6150069236755371,1.2030398845672607,True,16,True,True,True,True
seq_0062,31,256,bitflip,,exponent,0,nan,nan,nan,False,16,True,True,True,True
seq_0062,31,256,bitflip,,mantissa,0,0.0078125,0.0012297630310058594,0.0024061203002929688,True,16,True,True,True,True
seq_0063,4,64,numeric,1e-06,,5,0.0,0.0,0.0,False,16,False,False,False,False
seq_0063,4,64,numeric,1e-05,,5,0.0,0.0,0.0,False,16,False,False,False,False
seq_0063,4,64,numeric,0.0001,,5,0.0,0.0,0.0,False,16,False,False,False,False
seq_0063,4,64,numeric,0.001,,5,0.0,0.0,0.0,False,16,False,False,False,False
seq_0063,4,64,numeric,0.01,,5,0.0078125,0.0012187957763671875,0.0014781951904296875,True,16,True,True,True,True
seq_0063,4,64,numeric,0.1,,5,0.07421875,0.011582374572753906,0.014042377471923828,True,16,True,True,True,True
seq_0063,4,64,bitflip,,sign,5,1.5234375,0.2377481460571289,0.28824377059936523,True,16,True,True,True,True
seq_0063,4,64,bitflip,,exponent,5,2.591994591780586e+38,inf,inf,False,16,True,True,True,True
seq_0063,4,64,bitflip,,mantissa,5,0.00390625,0.0006093978881835938,0.0007390975952148438,True,16,True,True,True,True
seq_0063,4,256,numeric,1e-06,,5,0.0,0.0,0.0,False,16,False,False,False,False
seq_0063,4,256,numeric,1e-05,,5,0.0,0.0,0.0,False,16,False,False,False,False
seq_0063,4,256,numeric,0.0001,,5,0.0,0.0,0.0,False,16,False,False,False,False
seq_0063,4,256,numeric,0.001,,5,0.0,0.0,0.0,False,16,False,False,False,False
seq_0063,4,256,numeric,0.01,,5,0.0078125,0.0011544227600097656,0.002524852752685547,True,16,True,True,True,True
seq_0063,4,256,numeric,0.1,,5,0.08203125,0.012122154235839844,0.026509761810302734,True,16,True,True,True,True
seq_0063,4,256,bitflip,,sign,5,1.6328125,0.2412877082824707,0.5276756286621094,True,16,True,True,True,True
seq_0063,4,256,bitflip,,exponent,5,2.778086511190474e+38,inf,inf,False,16,True,True,True,True
seq_0063,4,256,bitflip,,mantissa,5,0.00390625,0.0005772113800048828,0.0012621879577636719,True,16,True,True,True,True
seq_0064,18,64,numeric,1e-06,,1,0.0,0.0,0.0,False,16,False,False,False,False
seq_0064,18,64,numeric,1e-05,,1,0.0,0.0,0.0,False,16,False,False,False,False
seq_0064,18,64,numeric,0.0001,,1,0.0,0.0,0.0,False,16,False,False,False,False
seq_0064,18,64,numeric,0.001,,1,0.0,0.0,0.0,False,16,False,False,False,False
seq_0064,18,64,numeric,0.01,,1,0.015625,0.0007500648498535156,0.003452777862548828,True,16,True,True,True,True
seq_0064,18,64,numeric,0.1,,1,0.1640625,0.00787353515625,0.03625297546386719,True,16,True,True,True,True
seq_0064,18,64,bitflip,,sign,1,3.296875,0.15822410583496094,0.728513240814209,True,16,True,True,True,True
seq_0064,18,64,bitflip,,exponent,1,nan,nan,nan,False,16,True,True,True,True
seq_0064,18,64,bitflip,,mantissa,1,0.0078125,0.0003752708435058594,0.0017261505126953125,True,16,True,True,True,True
seq_0064,18,256,numeric,1e-06,,1,0.0,0.0,0.0,False,16,False,False,False,False
seq_0064,18,256,numeric,1e-05,,1,0.0,0.0,0.0,False,16,False,False,False,False
seq_0064,18,256,numeric,0.0001,,1,0.0,0.0,0.0,False,16,False,False,False,False
seq_0064,18,256,numeric,0.001,,1,0.0,0.0,0.0,False,16,False,False,False,False
seq_0064,18,256,numeric,0.01,,1,0.015625,0.001596689224243164,0.00289154052734375,True,16,True,True,True,True
seq_0064,18,256,numeric,0.1,,1,0.171875,0.017565488815307617,0.031807899475097656,True,16,True,True,True,True
seq_0064,18,256,bitflip,,sign,1,3.4375,0.35130882263183594,0.6361546516418457,True,16,True,True,True,True
seq_0064,18,256,bitflip,,exponent,1,nan,nan,nan,False,16,True,True,True,True
seq_0064,18,256,bitflip,,mantissa,1,0.0078125,0.0007984638214111328,0.001445770263671875,True,16,True,True,True,True
seq_0065,31,64,numeric,1e-06,,1,0.0,0.0,0.0,False,16,False,False,False,False
seq_0065,31,64,numeric,1e-05,,1,0.0,0.0,0.0,False,16,False,False,False,False
seq_0065,31,64,numeric,0.0001,,1,0.0,0.0,0.0,False,16,False,False,False,False
seq_0065,31,64,numeric,0.001,,1,0.0,0.0,0.0,False,16,False,False,False,False
seq_0065,31,64,numeric,0.01,,1,0.0078125,0.002524852752685547,0.0031719207763671875,True,16,True,True,True,True
seq_0065,31,64,numeric,0.1,,1,0.1171875,0.037871360778808594,0.04758167266845703,True,16,True,True,True,True
seq_0065,31,64,bitflip,,sign,1,2.3125,0.7473301887512207,0.9389538764953613,True,16,True,True,True,True
seq_0065,31,64,bitflip,,exponent,1,nan,nan,nan,False,16,True,True,True,True
seq_0065,31,64,bitflip,,mantissa,1,0.0078125,0.002524852752685547,0.0031719207763671875,True,16,True,True,True,True
seq_0065,31,256,numeric,1e-06,,1,0.0,0.0,0.0,False,16,False,False,False,False
seq_0065,31,256,numeric,1e-05,,1,0.0,0.0,0.0,False,16,False,False,False,False
seq_0065,31,256,numeric,0.0001,,1,0.0,0.0,0.0,False,16,False,False,False,False
seq_0065,31,256,numeric,0.001,,1,0.0,0.0,0.0,False,16,False,False,False,False
seq_0065,31,256,numeric,0.01,,1,0.00390625,0.00019931793212890625,0.00034999847412109375,True,16,True,True,True,True
seq_0065,31,256,numeric,0.1,,1,0.05859375,0.002994537353515625,0.005260467529296875,True,16,True,True,True,True
seq_0065,31,256,bitflip,,sign,1,1.15625,0.059082984924316406,0.10379600524902344,True,16,True,True,True,True
seq_0065,31,256,bitflip,,exponent,1,1.9672574337616755e+38,1.0052589686616881e+37,1.8067491880595694e+37,True,16,True,True,True,True
seq_0065,31,256,bitflip,,mantissa,1,0.00390625,0.0002002716064453125,0.0003509521484375,True,16,True,True,True,True
seq_0066,4,64,numeric,1e-06,,4,0.0,0.0,0.0,False,16,False,False,False,False
seq_0066,4,64,numeric,1e-05,,4,0.0,0.0,0.0,False,16,False,False,False,False
seq_0066,4,64,numeric,0.0001,,4,0.0,0.0,0.0,False,16,False,False,False,False
seq_0066,4,64,numeric,0.001,,4,0.0,0.0,0.0,False,16,False,False,False,False
seq_0066,4,64,numeric,0.01,,4,0.000244140625,3.388524055480957e-05,4.267692565917969e-05,True,16,True,True,True,True
seq_0066,4,64,numeric,0.1,,4,0.0018310546875,0.000254213809967041,0.0003198981285095215,True,16,True,True,True,True
seq_0066,4,64,bitflip,,sign,4,0.03662109375,0.005082905292510986,0.006397902965545654,True,16,True,True,True,True
seq_0066,4,64,bitflip,,exponent,4,6.230756230241793e+36,8.648123141669269e+35,1.0885448015191205e+36,True,16,True,True,True,True
seq_0066,4,64,bitflip,,mantissa,4,0.0001220703125,1.6868114471435547e-05,2.130866050720215e-05,True,16,True,True,True,True
seq_0066,4,256,numeric,1e-06,,4,0.0,0.0,0.0,False,16,False,False,False,False
seq_0066,4,256,numeric,1e-05,,4,0.0,0.0,0.0,False,16,False,False,False,False
seq_0066,4,256,numeric,0.0001,,4,0.0,0.0,0.0,False,16,False,False,False,False
seq_0066,4,256,numeric,0.001,,4,0.0,0.0,0.0,False,16,False,False,False,False
seq_0066,4,256,numeric,0.01,,4,0.0078125,0.0011224746704101562,0.002567887306213379,True,16,True,True,True,True
seq_0066,4,256,numeric,0.1,,4,0.08203125,0.011782169342041016,0.026963233947753906,True,16,True,True,True,True
seq_0066,4,256,bitflip,,sign,4,1.6484375,0.23676681518554688,0.5418317317962646,True,16,True,True,True,True
seq_0066,4,256,bitflip,,exponent,4,2.8046710711061725e+38,inf,inf,False,16,True,True,True,True
seq_0066,4,256,bitflip,,mantissa,4,0.00390625,0.0005612373352050781,0.001283884048461914,True,16,True,True,True,True
seq_0067,18,64,numeric,1e-06,,7,0.0,0.0,0.0,False,16,False,False,False,False
seq_0067,18,64,numeric,1e-05,,7,0.0,0.0,0.0,False,16,False,False,False,False
seq_0067,18,64,numeric,0.0001,,7,0.0,0.0,0.0,False,16,False,False,False,False
seq_0067,18,64,numeric,0.001,,7,0.0,0.0,0.0,False,16,False,False,False,False
seq_0067,18,64,numeric,0.01,,7,0.03125,0.004272937774658203,0.009322207421064377,True,16,True,True,True,True
seq_0067,18,64,numeric,0.1,,7,0.25,0.03418159484863281,0.07457766681909561,True,16,True,True,True,True
seq_0067,18,64,bitflip,,sign,7,5.0625,0.6921749114990234,1.5101977586746216,True,16,True,True,True,True
seq_0067,18,64,bitflip,,exponent,7,2.53125,0.3460869789123535,0.7550988793373108,True,16,True,True,True,True
seq_0067,18,64,bitflip,,mantissa,7,0.015625,0.00213623046875,0.004661101847887039,True,16,True,True,True,True
seq_0067,18,256,numeric,1e-06,,7,0.0,0.0,0.0,False,16,False,False,False,False
seq_0067,18,256,numeric,1e-05,,7,0.0,0.0,0.0,False,16,False,False,False,False
seq_0067,18,256,numeric,0.0001,,7,0.0,0.0,0.0,False,16,False,False,False,False
seq_0067,18,256,numeric,0.001,,7,0.0,0.0,0.0,False,16,False,False,False,False
seq_0067,18,256,numeric,0.01,,7,0.015625,0.002244234085083008,0.005956172943115234,True,16,True,True,True,True
seq_0067,18,256,numeric,0.1,,7,0.203125,0.0291750431060791,0.07742643356323242,True,16,True,True,True,True
seq_0067,18,256,bitflip,,sign,7,4.09375,0.5879898071289062,1.5604338645935059,True,16,True,True,True,True
seq_0067,18,256,bitflip,,exponent,7,2.046875,0.2939949035644531,0.780217170715332,True,16,True,True,True,True
seq_0067,18,256,bitflip,,mantissa,7,0.015625,0.002244234085083008,0.005955696105957031,True,16,True,True,True,True
seq_0068,31,64,numeric,1e-06,,0,0.0,0.0,0.0,False,16,False,False,False,False
seq_0068,31,64,numeric,1e-05,,0,0.0,0.0,0.0,False,16,False,False,False,False
seq_0068,31,64,numeric,0.0001,,0,0.0,0.0,0.0,False,16,False,False,False,False
seq_0068,31,64,numeric,0.001,,0,0.0,0.0,0.0,False,16,False,False,False,False
seq_0068,31,64,numeric,0.01,,0,0.00390625,0.00017547607421875,0.0007607936859130859,True,16,True,True,True,True
seq_0068,31,64,numeric,0.1,,0,0.052734375,0.0023670196533203125,0.010268926620483398,True,16,True,True,True,True
seq_0068,31,64,bitflip,,sign,0,1.0390625,0.04663801193237305,0.20233726501464844,True,16,True,True,True,True
seq_0068,31,64,bitflip,,exponent,0,1.767873234393938e+38,7.935047178242736e+36,1.2573997436494838e+37,True,16,True,True,True,True
seq_0068,31,64,bitflip,,mantissa,0,0.00390625,0.00017547607421875,0.0007607936859130859,True,16,True,True,True,True
seq_0068,31,256,numeric,1e-06,,0,0.0,0.0,0.0,False,16,False,False,False,False
seq_0068,31,256,numeric,1e-05,,0,0.0,0.0,0.0,False,16,False,False,False,False
seq_0068,31,256,numeric,0.0001,,0,0.0,0.0,0.0,False,16,False,False,False,False
seq_0068,31,256,numeric,0.001,,0,0.0,0.0,0.0,False,16,False,False,False,False
seq_0068,31,256,numeric,0.01,,0,0.001953125,0.00013256072998046875,0.0005340576171875,True,16,True,True,True,True
seq_0068,31,256,numeric,0.1,,0,0.0166015625,0.0011301040649414062,0.00453948974609375,True,16,True,True,True,True
seq_0068,31,256,bitflip,,sign,0,0.328125,0.022318363189697266,0.08972597122192383,True,16,True,True,True,True
seq_0068,31,256,bitflip,,exponent,0,5.582757582296647e+37,3.797257514188463e+36,1.5266131101560933e+37,True,16,True,True,True,True
seq_0068,31,256,bitflip,,mantissa,0,0.0009765625,6.580352783203125e-05,0.00026702880859375,True,16,True,True,True,True
seq_0069,4,64,numeric,1e-06,,5,0.0,0.0,0.0,False,16,False,False,False,False
seq_0069,4,64,numeric,1e-05,,5,0.0,0.0,0.0,False,16,False,False,False,False
seq_0069,4,64,numeric,0.0001,,5,0.0,0.0,0.0,False,16,False,False,False,False
seq_0069,4,64,numeric,0.001,,5,0.0,0.0,0.0,False,16,False,False,False,False
seq_0069,4,64,numeric,0.01,,5,0.00390625,0.0006260871887207031,0.0008630752563476562,True,16,True,True,True,True
seq_0069,4,64,numeric,0.1,,5,0.029296875,0.004693508148193359,0.006474018096923828,True,16,True,True,True,True
seq_0069,4,64,bitflip,,sign,5,0.59375,0.09512090682983398,0.13120174407958984,True,16,True,True,True,True
seq_0069,4,64,bitflip,,exponent,5,1.010213276796536e+38,1.618400901287299e+37,2.232276930375502e+37,True,16,True,True,True,True
seq_0069,4,64,bitflip,,mantissa,5,0.001953125,0.00031280517578125,0.0004315376281738281,True,16,True,True,True,True
seq_0069,4,256,numeric,1e-06,,5,0.0,0.0,0.0,False,16,False,False,False,False
seq_0069,4,256,numeric,1e-05,,5,0.0,0.0,0.0,False,16,False,False,False,False
seq_0069,4,256,numeric,0.0001,,5,0.0,0.0,0.0,False,16,False,False,False,False
seq_0069,4,256,numeric,0.001,,5,0.0,0.0,0.0,False,16,False,False,False,False
seq_0069,4,256,numeric,0.01,,5,0.001953125,0.0002498626708984375,0.0004367828369140625,True,16,True,True,True,True
seq_0069,4,256,numeric,0.1,,5,0.02734375,0.0034928321838378906,0.006117820739746094,True,16,True,True,True,True
seq_0069,4,256,bitflip,,sign,5,0.54296875,0.06936359405517578,0.12147998809814453,True,16,True,True,True,True
seq_0069,4,256,bitflip,,exponent,5,9.238134570705165e+37,1.1801603981619176e+37,2.0668755280035029e+37,True,16,True,True,True,True
seq_0069,4,256,bitflip,,mantissa,5,0.001953125,0.0002493858337402344,0.0004372596740722656,True,16,True,True,True,True
seq_0070,18,64,numeric,1e-06,,1,0.0,0.0,0.0,False,16,False,False,False,False
seq_0070,18,64,numeric,1e-05,,1,0.0,0.0,0.0,False,16,False,False,False,False
seq_0070,18,64,numeric,0.0001,,1,0.0,0.0,0.0,False,16,False,False,False,False
seq_0070,18,64,numeric,0.001,,1,0.0,0.0,0.0,False,16,False,False,False,False
seq_0070,18,64,numeric,0.01,,1,0.01171875,0.0015454292297363281,0.0021038055419921875,True,16,True,True,True,True
seq_0070,18,64,numeric,0.1,,1,0.1015625,0.013395309448242188,0.018234729766845703,True,16,True,True,True,True
seq_0070,18,64,bitflip,,sign,1,2.0,0.26378393173217773,0.3494105339050293,True,16,True,True,True,True
seq_0070,18,64,bitflip,,exponent,1,inf,inf,inf,False,16,True,True,True,True
seq_0070,18,64,bitflip,,mantissa,1,0.0078125,0.0010304450988769531,0.0009546279907226562,False,16,True,True,True,True
seq_0070,18,256,numeric,1e-06,,1,0.0,0.0,0.0,False,16,False,False,False,False
seq_0070,18,256,numeric,1e-05,,1,0.0,0.0,0.0,False,16,False,False,False,False
seq_0070,18,256,numeric,0.0001,,1,0.0,0.0,0.0,False,16,False,False,False,False
seq_0070,18,256,numeric,0.001,,1,0.0,0.0,0.0,False,16,False,False,False,False
seq_0070,18,256,numeric,0.01,,1,0.03125,0.0063018798828125,0.015535354614257812,True,16,True,True,True,True
seq_0070,18,256,numeric,0.1,,1,0.328125,0.0661611557006836,0.16313934326171875,True,16,True,True,True,True
seq_0070,18,256,bitflip,,sign,1,6.71875,1.3547420501708984,3.340458869934082,True,16,True,True,True,True
seq_0070,18,256,bitflip,,exponent,1,3.359375,0.6773710250854492,1.6702280044555664,True,16,True,True,True,True
seq_0070,18,256,bitflip,,mantissa,1,0.015625,0.00315093994140625,0.0077667236328125,True,16,True,True,True,True
seq_0071,31,64,numeric,1e-06,,1,0.0,0.0,0.0,False,16,False,False,False,False
seq_0071,31,64,numeric,1e-05,,1,0.0,0.0,0.0,False,16,False,False,False,False
seq_0071,31,64,numeric,0.0001,,1,0.0,0.0,0.0,False,16,False,False,False,False
seq_0071,31,64,numeric,0.001,,1,0.0,0.0,0.0,False,16,False,False,False,False
seq_0071,31,64,numeric,0.01,,1,0.0078125,0.00017642974853515625,0.0008845329284667969,True,16,True,True,True,True
seq_0071,31,64,numeric,0.1,,1,0.09375,0.0021200180053710938,0.010617256164550781,True,16,True,True,True,True
seq_0071,31,64,bitflip,,sign,1,1.90625,0.043109893798828125,0.21587753295898438,True,16,True,True,True,True
seq_0071,31,64,bitflip,,exponent,1,3.2433163097151947e+38,7.334755673281759e+36,inf,True,16,True,True,True,True
seq_0071,31,64,bitflip,,mantissa,1,0.00390625,8.869171142578125e-05,0.0004425048828125,True,16,True,True,True,True
seq_0071,31,256,numeric,1e-06,,1,0.0,0.0,0.0,False,16,False,False,False,False
seq_0071,31,256,numeric,1e-05,,1,0.0,0.0,0.0,False,16,False,False,False,False
seq_0071,31,256,numeric,0.0001,,1,0.0,0.0,0.0,False,16,False,False,False,False
seq_0071,31,256,numeric,0.001,,1,0.0,0.0,0.0,False,16,False,False,False,False
seq_0071,31,256,numeric,0.01,,1,0.015625,0.0007119178771972656,0.001758575439453125,True,16,True,True,True,True
seq_0071,31,256,numeric,0.1,,1,0.140625,0.006409168243408203,0.015633583068847656,True,16,True,True,True,True
seq_0071,31,256,bitflip,,sign,1,2.8125,0.12818050384521484,0.3126821517944336,True,16,True,True,True,True
seq_0071,31,256,bitflip,,exponent,1,nan,nan,nan,False,16,True,True,True,True
seq_0071,31,256,bitflip,,mantissa,1,0.0078125,0.00035572052001953125,0.0008792877197265625,True,16,True,True,True,True
seq_0072,4,64,numeric,1e-06,,4,0.0,0.0,0.0,False,16,False,False,False,False
seq_0072,4,64,numeric,1e-05,,4,0.0,0.0,0.0,False,16,False,False,False,False
seq_0072,4,64,numeric,0.0001,,4,0.0,0.0,0.0,False,16,False,False,False,False
seq_0072,4,64,numeric,0.001,,4,0.0,0.0,0.0,False,16,False,False,False,False
seq_0072,4,64,numeric,0.01,,4,0.00390625,0.00038051605224609375,0.0009279251098632812,True,16,True,True,True,True
seq_0072,4,64,numeric,0.1,,4,0.041015625,0.003993511199951172,0.009743094444274902,True,16,True,True,True,True
seq_0072,4,64,bitflip,,sign,4,0.82421875,0.08025026321411133,0.19578790664672852,True,16,True,True,True,True
seq_0072,4,64,bitflip,,exponent,4,1.4023355355530862e+38,1.3653879826865462e+37,inf,True,16,True,True,True,True
seq_0072,4,64,bitflip,,mantissa,4,0.001953125,0.0001900196075439453,0.0004639625549316406,True,16,True,True,True,True
seq_0072,4,256,numeric,1e-06,,4,0.0,0.0,0.0,False,16,False,False,False,False
seq_0072,4,256,numeric,1e-05,,4,0.0,0.0,0.0,False,16,False,False,False,False
seq_0072,4,256,numeric,0.0001,,4,0.0,0.0,0.0,False,16,False,False,False,False
seq_0072,4,256,numeric,0.001,,4,0.0,0.0,0.0,False,16,False,False,False,False
seq_0072,4,256,numeric,0.01,,4,0.0009765625,0.00015175342559814453,0.00017535686492919922,True,16,True,True,True,True
seq_0072,4,256,numeric,0.1,,4,0.01123046875,0.0017448663711547852,0.002016305923461914,True,16,True,True,True,True
seq_0072,4,256,bitflip,,sign,4,0.2265625,0.03520113229751587,0.04067671298980713,True,16,True,True,True,True
seq_0072,4,256,bitflip,,exponent,4,3.854761187776256e+37,5.989147730265994e+36,6.920792960921828e+36,True,16,True,True,True,True
seq_0072,4,256,bitflip,,mantissa,4,0.00048828125,7.581710815429688e-05,8.7738037109375e-05,True,16,True,True,True,True
seq_0073,18,64,numeric,1e-06,,7,0.0,0.0,0.0,False,16,False,False,False,False
seq_0073,18,64,numeric,1e-05,,7,0.0,0.0,0.0,False,16,False,False,False,False
seq_0073,18,64,numeric,0.0001,,7,0.0,0.0,0.0,False,16,False,False,False,False
seq_0073,18,64,numeric,0.001,,7,0.0,0.0,0.0,False,16,False,False,False,False
seq_0073,18,64,numeric,0.01,,7,0.001953125,0.0002238750457763672,0.0002751350402832031,True,16,True,True,True,True
seq_0073,18,64,numeric,0.1,,7,0.021484375,0.002462625503540039,0.0030264854431152344,True,16,True,True,True,True
seq_0073,18,64,bitflip,,sign,7,0.42578125,0.04880690574645996,0.05997943878173828,True,16,True,True,True,True
seq_0073,18,64,bitflip,,exponent,7,7.2442925770277915e+37,8.304033647306569e+36,1.0204957485812513e+37,True,16,True,True,True,True
seq_0073,18,64,bitflip,,mantissa,7,0.0009765625,0.00011205673217773438,0.0001652240753173828,True,16,True,True,True,True
seq_0073,18,256,numeric,1e-06,,7,0.0,0.0,0.0,False,16,False,False,False,False
seq_0073,18,256,numeric,1e-05,,7,0.0,0.0,0.0,False,16,False,False,False,False
seq_0073,18,256,numeric,0.0001,,7,0.0,0.0,0.0,False,16,False,False,False,False
seq_0073,18,256,numeric,0.001,,7,0.0,0.0,0.0,False,16,False,False,False,False
seq_0073,18,256,numeric,0.01,,7,0.00390625,0.0009765625,0.0011868476867675781,True,16,True,True,True,True
seq_0073,18,256,numeric,0.1,,7,0.052734375,0.01318216323852539,0.016022682189941406,True,16,True,True,True,True
seq_0073,18,256,bitflip,,sign,7,1.0546875,0.2636435031890869,0.3204512596130371,True,16,True,True,True,True
seq_0073,18,256,bitflip,,exponent,7,1.7944577943096364e+38,inf,inf,False,16,True,True,True,True
seq_0073,18,256,bitflip,,mantissa,7,0.00390625,0.0009763240814208984,0.0011868476867675781,True,16,True,True,True,True
seq_0074,31,64,numeric,1e-06,,0,0.0,0.0,0.0,False,16,False,False,False,False
seq_0074,31,64,numeric,1e-05,,0,0.0,0.0,0.0,False,16,False,False,False,False
seq_0074,31,64,numeric,0.0001,,0,0.0,0.0,0.0,False,16,False,False,False,False
seq_0074,31,64,numeric,0.001,,0,0.0,0.0,0.0,False,16,False,False,False,False
seq_0074,31,64,numeric,0.01,,0,0.015625,0.0004208087921142578,0.002352118492126465,True,16,True,True,True,True
seq_0074,31,64,numeric,0.1,,0,0.203125,0.00547027587890625,0.030577659606933594,True,16,True,True,True,True
seq_0074,31,64,bitflip,,sign,0,4.125,0.11108922958374023,0.6209625005722046,True,16,True,True,True,True
seq_0074,31,64,bitflip,,exponent,0,2.0625,0.055544376373291016,0.3104811906814575,True,16,True,True,True,True
seq_0074,31,64,bitflip,,mantissa,0,0.015625,0.0004208087921142578,0.002352118492126465,True,16,True,True,True,True
seq_0074,31,256,numeric,1e-06,,0,0.0,0.0,0.0,False,16,False,False,False,False
seq_0074,31,256,numeric,1e-05,,0,0.0,0.0,0.0,False,16,False,False,False,False
seq_0074,31,256,numeric,0.0001,,0,0.0,0.0,0.0,False,16,False,False,False,False
seq_0074,31,256,numeric,0.001,,0,0.0,0.0,0.0,False,16,False,False,False,False
seq_0074,31,256,numeric,0.01,,0,0.00390625,0.0003428459167480469,0.00047779083251953125,True,16,True,True,True,True
seq_0074,31,256,numeric,0.1,,0,0.029296875,0.0025691986083984375,0.003459453582763672,True,16,True,True,True,True
seq_0074,31,256,bitflip,,sign,0,0.6015625,0.05275535583496094,0.07352542877197266,True,16,True,True,True,True
seq_0074,31,256,bitflip,,exponent,0,1.0235055567543852e+38,8.975919522867236e+36,1.250974656582227e+37,True,16,True,True,True,True
seq_0074,31,256,bitflip,,mantissa,0,0.001953125,0.000171661376953125,0.00023889541625976562,True,16,True,True,True,True
seq_0075,4,64,numeric,1e-06,,5,0.0,0.0,0.0,False,16,False,False,False,False
seq_0075,4,64,numeric,1e-05,,5,0.0,0.0,0.0,False,16,False,False,False,False
seq_0075,4,64,numeric,0.0001,,5,0.0,0.0,0.0,False,16,False,False,False,False
seq_0075,4,64,numeric,0.001,,5,0.0,0.0,0.0,False,16,False,False,False,False
seq_0075,4,64,numeric,0.01,,5,0.0078125,0.0008955001831054688,0.0019207000732421875,True,16,True,True,True,True
seq_0075,4,64,numeric,0.1,,5,0.06640625,0.007611751556396484,0.016324520111083984,True,16,True,True,True,True
seq_0075,4,64,bitflip,,sign,5,1.3203125,0.15134525299072266,0.3245725631713867,True,16,True,True,True,True
seq_0075,4,64,bitflip,,exponent,5,2.246395312876508e+38,2.5750123837495685e+37,2.7456457604438895e+37,True,16,True,True,True,True
seq_0075,4,64,bitflip,,mantissa,5,0.00390625,0.0004477500915527344,0.0009603500366210938,True,16,True,True,True,True
seq_0075,4,256,numeric,1e-06,,5,0.0,0.0,0.0,False,16,False,False,False,False
seq_0075,4,256,numeric,1e-05,,5,0.0,0.0,0.0,False,16,False,False,False,False
seq_0075,4,256,numeric,0.0001,,5,0.0,0.0,0.0,False,16,False,False,False,False
seq_0075,4,256,numeric,0.001,,5,0.0,0.0,0.0,False,16,False,False,False,False
seq_0075,4,256,numeric,0.01,,5,0.0009765625,0.000202178955078125,0.0002884864807128906,True,16,True,True,True,True
seq_0075,4,256,numeric,0.1,,5,0.013671875,0.0028319358825683594,0.004040241241455078,True,16,True,True,True,True
seq_0075,4,256,bitflip,,sign,5,0.2734375,0.05664539337158203,0.08081436157226562,True,16,True,True,True,True
seq_0075,4,256,bitflip,,exponent,5,4.652297985247206e+37,9.637709195222385e+36,1.374979787718233e+37,True,16,True,True,True,True
seq_0075,4,256,bitflip,,mantissa,5,0.0009765625,0.000202178955078125,0.0002884864807128906,True,16,True,True,True,True
seq_0076,18,64,numeric,1e-06,,1,0.0,0.0,0.0,False,16,False,False,False,False
seq_0076,18,64,numeric,1e-05,,1,0.0,0.0,0.0,False,16,False,False,False,False
seq_0076,18,64,numeric,0.0001,,1,0.0,0.0,0.0,False,16,False,False,False,False
seq_0076,18,64,numeric,0.001,,1,0.0,0.0,0.0,False,16,False,False,False,False
seq_0076,18,64,numeric,0.01,,1,0.00390625,0.00026977062225341797,0.0006365776062011719,True,16,True,True,True,True
seq_0076,18,64,numeric,0.1,,1,0.044921875,0.003101944923400879,0.007320761680603027,True,16,True,True,True,True
seq_0076,18,64,bitflip,,sign,1,0.90625,0.06257963180541992,0.1476879119873047,True,16,True,True,True,True
seq_0076,18,64,bitflip,,exponent,1,1.5419044751105024e+38,1.0647373883545167e+37,1.9591168604901419e+37,True,16,True,True,True,True
seq_0076,18,64,bitflip,,mantissa,1,0.001953125,0.0001348257064819336,0.00031828880310058594,True,16,True,True,True,True
seq_0076,18,256,numeric,1e-06,,1,0.0,0.0,0.0,False,16,False,False,False,False
seq_0076,18,256,numeric,1e-05,,1,0.0,0.0,0.0,False,16,False,False,False,False
seq_0076,18,256,numeric,0.0001,,1,0.0,0.0,0.0,False,16,False,False,False,False
seq_0076,18,256,numeric,0.001,,1,0.0,0.0,0.0,False,16,False,False,False,False
seq_0076,18,256,numeric,0.01,,1,0.00390625,0.0008578300476074219,0.0011544227600097656,True,16,True,True,True,True
seq_0076,18,256,numeric,0.1,,1,0.05078125,0.011150836944580078,0.01500844955444336,True,16,True,True,True,True
seq_0076,18,256,bitflip,,sign,1,1.015625,0.2230210304260254,0.30016660690307617,True,16,True,True,True,True
seq_0076,18,256,bitflip,,exponent,1,1.7279963945203906e+38,inf,inf,False,16,True,True,True,True
seq_0076,18,256,bitflip,,mantissa,1,0.00390625,0.0008578300476074219,0.0011544227600097656,True,16,True,True,True,True
seq_0077,31,64,numeric,1e-06,,1,0.0,0.0,0.0,False,16,False,False,False,False
seq_0077,31,64,numeric,1e-05,,1,0.0,0.0,0.0,False,16,False,False,False,False
seq_0077,31,64,numeric,0.0001,,1,0.0,0.0,0.0,False,16,False,False,False,False
seq_0077,31,64,numeric,0.001,,1,0.0,0.0,0.0,False,16,False,False,False,False
seq_0077,31,64,numeric,0.01,,1,0.00390625,0.00022125244140625,0.0009331703186035156,True,16,True,True,True,True
seq_0077,31,64,numeric,0.1,,1,0.05078125,0.0028753280639648438,0.012132644653320312,True,16,True,True,True,True
seq_0077,31,64,bitflip,,sign,1,1.015625,0.05750846862792969,0.24265766143798828,True,16,True,True,True,True
seq_0077,31,64,bitflip,,exponent,1,1.7279963945203906e+38,9.784569686385326e+36,inf,True,16,True,True,True,True
seq_0077,31,64,bitflip,,mantissa,1,0.00390625,0.00022125244140625,0.0009331703186035156,True,16,True,True,True,True
seq_0077,31,256,numeric,1e-06,,1,0.0,0.0,0.0,False,16,False,False,False,False
seq_0077,31,256,numeric,1e-05,,1,0.0,0.0,0.0,False,16,False,False,False,False
seq_0077,31,256,numeric,0.0001,,1,0.0,0.0,0.0,False,16,False,False,False,False
seq_0077,31,256,numeric,0.001,,1,0.0,0.0,0.0,False,16,False,False,False,False
seq_0077,31,256,numeric,0.01,,1,0.015625,0.0015645027160644531,0.0031938552856445312,True,16,True,True,True,True
seq_0077,31,256,numeric,0.1,,1,0.140625,0.014080524444580078,0.028743743896484375,True,16,True,True,True,True
seq_0077,31,256,bitflip,,sign,1,2.859375,0.2863020896911621,0.5844507217407227,True,16,True,True,True,True
seq_0077,31,256,bitflip,,exponent,1,nan,nan,nan,False,16,True,True,True,True
seq_0077,31,256,bitflip,,mantissa,1,0.0078125,0.0007824897766113281,0.0015964508056640625,True,16,True,True,True,True
seq_0078,4,64,numeric,1e-06,,4,0.0,0.0,0.0,False,16,False,False,False,False
seq_0078,4,64,numeric,1e-05,,4,0.0,0.0,0.0,False,16,False,False,False,False
seq_0078,4,64,numeric,0.0001,,4,0.0,0.0,0.0,False,16,False,False,False,False
seq_0078,4,64,numeric,0.001,,4,0.0,0.0,0.0,False,16,False,False,False,False
seq_0078,4,64,numeric,0.01,,4,0.0078125,0.0005906820297241211,0.001996070146560669,True,16,True,True,True,True
seq_0078,4,64,numeric,0.1,,4,0.05859375,0.004430532455444336,0.014970570802688599,True,16,True,True,True,True
seq_0078,4,64,bitflip,,sign,4,1.171875,0.08860957622528076,0.31883248686790466,True,16,True,True,True,True
seq_0078,4,64,bitflip,,exponent,4,1.9938419936773738e+38,1.5076130558996325e+37,inf,True,16,True,True,True,True
seq_0078,4,64,bitflip,,mantissa,4,0.00390625,0.00029528141021728516,0.0010627806186676025,True,16,True,True,True,True
seq_0078,4,256,numeric,1e-06,,4,0.0,0.0,0.0,False,16,False,False,False,False
seq_0078,4,256,numeric,1e-05,,4,0.0,0.0,0.0,False,16,False,False,False,False
seq_0078,4,256,numeric,0.0001,,4,0.0,0.0,0.0,False,16,False,False,False,False
seq_0078,4,256,numeric,0.001,,4,0.0,0.0,0.0,False,16,False,False,False,False
seq_0078,4,256,numeric,0.01,,4,0.015625,0.002524852752685547,0.0040569305419921875,True,16,True,True,True,True
seq_0078,4,256,numeric,0.1,,4,0.1328125,0.021460533142089844,0.03448367118835449,True,16,True,True,True,True
seq_0078,4,256,bitflip,,sign,4,2.625,0.42416059970855713,0.6815569400787354,True,16,True,True,True,True
seq_0078,4,256,bitflip,,exponent,4,nan,nan,nan,False,16,True,True,True,True
seq_0078,4,256,bitflip,,mantissa,4,0.0078125,0.0012623071670532227,0.0020284652709960938,True,16,True,True,True,True
seq_0079,18,64,numeric,1e-06,,7,0.0,0.0,0.0,False,16,False,False,False,False
seq_0079,18,64,numeric,1e-05,,7,0.0,0.0,0.0,False,16,False,False,False,False
seq_0079,18,64,numeric,0.0001,,7,0.0,0.0,0.0,False,16,False,False,False,False
seq_0079,18,64,numeric,0.001,,7,0.0,0.0,0.0,False,16,False,False,False,False
seq_0079,18,64,numeric,0.01,,7,0.00390625,0.0009818077087402344,0.0009062290191650391,False,16,True,True,True,True
seq_0079,18,64,numeric,0.1,,7,0.05078125,0.012764215469360352,0.011782169342041016,False,16,True,True,True,True
seq_0079,18,64,bitflip,,sign,7,1.015625,0.2552816867828369,0.23564457893371582,False,16,True,True,True,True
seq_0079,18,64,bitflip,,exponent,7,1.7279963945203906e+38,inf,inf,False,16,True,True,True,True
seq_0079,18,64,bitflip,,mantissa,7,0.00390625,0.0009818077087402344,0.0009064674377441406,False,16,True,True,True,True
seq_0079,18,256,numeric,1e-06,,7,0.0,0.0,0.0,False,16,False,False,False,False
seq_0079,18,256,numeric,1e-05,,7,0.0,0.0,0.0,False,16,False,False,False,False
seq_0079,18,256,numeric,0.0001,,7,0.0,0.0,0.0,False,16,False,False,False,False
seq_0079,18,256,numeric,0.001,,7,0.0,0.0,0.0,False,16,False,False,False,False
seq_0079,18,256,numeric,0.01,,7,0.0009765625,5.1915645599365234e-05,0.00014293193817138672,True,16,True,True,True,True
seq_0079,18,256,numeric,0.1,,7,0.0107421875,0.0005711913108825684,0.0015726089477539062,True,16,True,True,True,True
seq_0079,18,256,bitflip,,sign,7,0.2158203125,0.01147538423538208,0.03159457445144653,True,16,True,True,True,True
seq_0079,18,256,bitflip,,exponent,7,3.67199233835583e+37,1.9524392574233196e+36,5.37554716165322e+36,True,16,True,True,True,True
seq_0079,18,256,bitflip,,mantissa,7,0.00048828125,2.5957822799682617e-05,7.146596908569336e-05,True,16,True,True,True,True
seq_0080,31,64,numeric,1e-06,,0,0.0,0.0,0.0,False,16,False,False,False,False
seq_0080,31,64,numeric,1e-05,,0,0.0,0.0,0.0,False,16,False,False,False,False
seq_0080,31,64,numeric,0.0001,,0,0.0,0.0,0.0,False,16,False,False,False,False
seq_0080,31,64,numeric,0.001,,0,0.0,0.0,0.0,False,16,False,False,False,False
seq_0080,31,64,numeric,0.01,,0,0.0078125,0.000690460205078125,0.0008144378662109375,True,16,True,True,True,True
seq_0080,31,64,numeric,0.1,,0,0.078125,0.006905078887939453,0.008146286010742188,True,16,True,True,True,True
seq_0080,31,64,bitflip,,sign,0,1.5703125,0.13879728317260742,0.16373729705810547,True,16,True,True,True,True
seq_0080,31,64,bitflip,,exponent,0,2.671748271527681e+38,2.36151416259889e+37,2.1770208013019136e+37,False,16,True,True,True,True
seq_0080,31,64,bitflip,,mantissa,0,0.00390625,0.0003452301025390625,0.00040721893310546875,True,16,True,True,True,True
seq_0080,31,256,numeric,1e-06,,0,0.0,0.0,0.0,False,16,False,False,False,False
seq_0080,31,256,numeric,1e-05,,0,0.0,0.0,0.0,False,16,False,False,False,False
seq_0080,31,256,numeric,0.0001,,0,0.0,0.0,0.0,False,16,False,False,False,False
seq_0080,31,256,numeric,0.001,,0,0.0,0.0,0.0,False,16,False,False,False,False
seq_0080,31,256,numeric,0.01,,0,0.03125,0.0032368898391723633,0.008243262767791748,True,16,True,True,True,True
seq_0080,31,256,numeric,0.1,,0,0.265625,0.02751338481903076,0.07006770372390747,True,16,True,True,True,True
seq_0080,31,256,bitflip,,sign,0,5.40625,0.5599799156188965,1.426081895828247,True,16,True,True,True,True
seq_0080,31,256,bitflip,,exponent,0,2.703125,0.27998995780944824,0.7130410075187683,True,16,True,True,True,True
seq_0080,31,256,bitflip,,mantissa,0,0.015625,0.001618504524230957,0.004121661186218262,True,16,True,True,True,True
seq_0081,4,64,numeric,1e-06,,5,0.0,0.0,0.0,False,16,False,False,False,False
seq_0081,4,64,numeric,1e-05,,5,0.0,0.0,0.0,False,16,False,False,False,False
seq_0081,4,64,numeric,0.0001,,5,0.0,0.0,0.0,False,16,False,False,False,False
seq_0081,4,64,numeric,0.001,,5,0.0,0.0,0.0,False,16,False,False,False,False
seq_0081,4,64,numeric,0.01,,5,0.03125,0.012516021728515625,0.014760017395019531,True,16,True,True,True,True
seq_0081,4,64,numeric,0.1,,5,0.421875,0.16896533966064453,0.19926214218139648,True,16,True,True,True,True
seq_0081,4,64,bitflip,,sign,5,8.3125,3.329237461090088,3.9262032508850098,True,16,True,True,True,True
seq_0081,4,64,bitflip,,exponent,5,4.15625,1.6646184921264648,1.9631016254425049,True,16,True,True,True,True
seq_0081,4,64,bitflip,,mantissa,5,0.03125,0.012516021728515625,0.014760017395019531,True,16,True,True,True,True
seq_0081,4,256,numeric,1e-06,,5,0.0,0.0,0.0,False,16,False,False,False,False
seq_0081,4,256,numeric,1e-05,,5,0.0,0.0,0.0,False,16,False,False,False,False
seq_0081,4,256,numeric,0.0001,,5,0.0,0.0,0.0,False,16,False,False,False,False
seq_0081,4,256,numeric,0.001,,5,0.0,0.0,0.0,False,16,False,False,False,False
seq_0081,4,256,numeric,0.01,,5,0.0078125,0.00044226646423339844,0.00274050235748291,True,16,True,True,True,True
seq_0081,4,256,numeric,0.1,,5,0.08203125,0.004644870758056641,0.028775811195373535,True,16,True,True,True,True
seq_0081,4,256,bitflip,,sign,5,1.6484375,0.09334063529968262,0.5782574415206909,True,16,True,True,True,True
seq_0081,4,256,bitflip,,exponent,5,2.8046710711061725e+38,1.5881108972550855e+37,inf,True,16,True,True,True,True
seq_0081,4,256,bitflip,,mantissa,5,0.00390625,0.00022125244140625,0.0013703107833862305,True,16,True,True,True,True
seq_0082,18,64,numeric,1e-06,,1,0.0,0.0,0.0,False,16,False,False,False,False
seq_0082,18,64,numeric,1e-05,,1,0.0,0.0,0.0,False,16,False,False,False,False
seq_0082,18,64,numeric,0.0001,,1,0.0,0.0,0.0,False,16,False,False,False,False
seq_0082,18,64,numeric,0.001,,1,0.0,0.0,0.0,False,16,False,False,False,False
seq_0082,18,64,numeric,0.01,,1,0.015625,0.0020284652709960938,0.0034742355346679688,True,16,True,True,True,True
seq_0082,18,64,numeric,0.1,,1,0.203125,0.02637004852294922,0.045165061950683594,True,16,True,True,True,True
seq_0082,18,64,bitflip,,sign,1,4.1875,0.5436229705810547,0.9310989379882812,True,16,True,True,True,True
seq_0082,18,64,bitflip,,exponent,1,2.09375,0.27181148529052734,0.4655494689941406,True,16,True,True,True,True
seq_0082,18,64,bitflip,,mantissa,1,0.015625,0.0020284652709960938,0.0034742355346679688,True,16,True,True,True,True
seq_0082,18,256,numeric,1e-06,,1,0.0,0.0,0.0,False,16,False,False,False,False
seq_0082,18,256,numeric,1e-05,,1,0.0,0.0,0.0,False,16,False,False,False,False
seq_0082,18,256,numeric,0.0001,,1,0.0,0.0,0.0,False,16,False,False,False,False
seq_0082,18,256,numeric,0.001,,1,0.0,0.0,0.0,False,16,False,False,False,False
seq_0082,18,256,numeric,0.01,,1,0.0078125,0.0015645027160644531,0.001370278187096119,False,16,True,True,True,True
seq_0082,18,256,numeric,0.1,,1,0.06640625,0.0132981538772583,0.011647365987300873,False,16,True,True,True,True
seq_0082,18,256,bitflip,,sign,1,1.296875,0.25970548391342163,0.22746612131595612,False,16,True,True,True,True
seq_0082,18,256,bitflip,,exponent,1,2.2065184730029603e+38,inf,inf,False,16,True,True,True,True
seq_0082,18,256,bitflip,,mantissa,1,0.00390625,0.0007822513580322266,0.0006851390935480595,False,16,True,True,True,True
seq_0083,31,64,numeric,1e-06,,1,0.0,0.0,0.0,False,16,False,False,False,False
seq_0083,31,64,numeric,1e-05,,1,0.0,0.0,0.0,False,16,False,False,False,False
seq_0083,31,64,numeric,0.0001,,1,0.0,0.0,0.0,False,16,False,False,False,False
seq_0083,31,64,numeric,0.001,,1,0.0,0.0,0.0,False,16,False,False,False,False
seq_0083,31,64,numeric,0.01,,1,0.001953125,9.250640869140625e-05,0.00014019012451171875,True,16,True,True,True,True
seq_0083,31,64,numeric,0.1,,1,0.0205078125,0.0009698867797851562,0.00147247314453125,True,16,True,True,True,True
seq_0083,31,64,bitflip,,sign,1,0.40234375,0.019031524658203125,0.028894424438476562,True,16,True,True,True,True
seq_0083,31,64,bitflip,,exponent,1,6.845524178292317e+37,3.238040740888731e+36,4.91614963339256e+36,True,16,True,True,True,True
seq_0083,31,64,bitflip,,mantissa,1,0.0009765625,4.673004150390625e-05,7.009506225585938e-05,True,16,True,True,True,True
seq_0083,31,256,numeric,1e-06,,1,0.0,0.0,0.0,False,16,False,False,False,False
seq_0083,31,256,numeric,1e-05,,1,0.0,0.0,0.0,False,16,False,False,False,False
seq_0083,31,256,numeric,0.0001,,1,0.0,0.0,0.0,False,16,False,False,False,False
seq_0083,31,256,numeric,0.001,,1,0.0,0.0,0.0,False,16,False,False,False,False
seq_0083,31,256,numeric,0.01,,1,0.0078125,0.001127481460571289,0.0018343925476074219,True,16,True,True,True,True
seq_0083,31,256,numeric,0.1,,1,0.05859375,0.008456230163574219,0.013756752014160156,True,16,True,True,True,True
seq_0083,31,256,bitflip,,sign,1,1.203125,0.17363691329956055,0.2824716567993164,True,16,True,True,True,True
seq_0083,31,256,bitflip,,exponent,1,2.0470111135087704e+38,2.954278992121012e+37,1.477139496060506e+37,False,16,True,True,True,True
seq_0083,31,256,bitflip,,mantissa,1,0.00390625,0.0005636215209960938,0.0009169578552246094,True,16,True,True,True,True
seq_0000,4,64,numeric,1e-06,,4,0.0,0.0,0.0,False,16,False,False,False,False
seq_0000,4,64,numeric,1e-05,,4,0.0,0.0,0.0,False,16,False,False,False,False
seq_0000,4,64,numeric,0.0001,,4,0.0,0.0,0.0,False,16,False,False,False,False
seq_0000,4,64,numeric,0.001,,4,0.0,0.0,0.0,False,16,False,False,False,False
seq_0000,4,64,numeric,0.01,,4,0.0009765625,0.00013756752014160156,0.0001793503761291504,True,16,True,True,True,True
seq_0000,4,64,numeric,0.1,,4,0.01171875,0.0016508102416992188,0.0021525025367736816,True,16,True,True,True,True
seq_0000,4,64,bitflip,,sign,4,0.234375,0.0330161452293396,0.04305046796798706,True,16,True,True,True,True
seq_0000,4,64,bitflip,,exponent,4,3.9876839873547476e+37,5.617407924098465e+36,7.324658836250941e+36,True,16,True,True,True,True
seq_0000,4,64,bitflip,,mantissa,4,0.00048828125,6.878376007080078e-05,8.970499038696289e-05,True,16,True,True,True,True
seq_0000,4,256,numeric,1e-06,,4,0.0,0.0,0.0,False,16,False,False,False,False
seq_0000,4,256,numeric,1e-05,,4,0.0,0.0,0.0,False,16,False,False,False,False
seq_0000,4,256,numeric,0.0001,,4,0.0,0.0,0.0,False,16,False,False,False,False
seq_0000,4,256,numeric,0.001,,4,0.0,0.0,0.0,False,16,False,False,False,False
seq_0000,4,256,numeric,0.01,,4,0.015625,0.0007228851318359375,0.003711700439453125,True,16,True,True,True,True
seq_0000,4,256,numeric,0.1,,4,0.1328125,0.006144523620605469,0.03154897689819336,True,16,True,True,True,True
seq_0000,4,256,bitflip,,sign,4,2.703125,0.1250622272491455,0.6421103477478027,True,16,True,True,True,True
seq_0000,4,256,bitflip,,exponent,4,nan,nan,nan,False,16,True,True,True,True
seq_0000,4,256,bitflip,,mantissa,4,0.0078125,0.00036144256591796875,0.0018558502197265625,True,16,True,True,True,True
seq_0001,18,64,numeric,1e-06,,7,0.0,0.0,0.0,False,16,False,False,False,False
seq_0001,18,64,numeric,1e-05,,7,0.0,0.0,0.0,False,16,False,False,False,False
seq_0001,18,64,numeric,0.0001,,7,0.0,0.0,0.0,False,16,False,False,False,False
seq_0001,18,64,numeric,0.001,,7,0.0,0.0,0.0,False,16,False,False,False,False
seq_0001,18,64,numeric,0.01,,7,0.0078125,0.0024276375770568848,0.0024924278259277344,True,16,True,True,True,True
seq_0001,18,64,numeric,0.1,,7,0.1015625,0.03155958652496338,0.032401084899902344,True,16,True,True,True,True
seq_0001,18,64,bitflip,,sign,7,2.015625,0.626335859298706,0.6430377960205078,True,16,True,True,True,True
seq_0001,18,64,bitflip,,exponent,7,nan,nan,nan,False,16,True,True,True,True
seq_0001,18,64,bitflip,,mantissa,7,0.0078125,0.0024276673793792725,0.002470850944519043,True,16,True,True,True,True
seq_0001,18,256,numeric,1e-06,,7,0.0,0.0,0.0,False,16,False,False,False,False
seq_0001,18,256,numeric,1e-05,,7,0.0,0.0,0.0,False,16,False,False,False,False
seq_0001,18,256,numeric,0.0001,,7,0.0,0.0,0.0,False,16,False,False,False,False
seq_0001,18,256,numeric,0.001,,7,0.0,0.0,0.0,False,16,False,False,False,False
seq_0001,18,256,numeric,0.01,,7,0.00390625,0.0012788772583007812,0.0017042160034179688,True,16,True,True,True,True
seq_0001,18,256,numeric,0.1,,7,0.041015625,0.013424873352050781,0.017900466918945312,True,16,True,True,True,True
seq_0001,18,256,bitflip,,sign,7,0.8203125,0.26849937438964844,0.3579988479614258,True,16,True,True,True,True
seq_0001,18,256,bitflip,,exponent,7,1.3956893955741617e+38,inf,1.252902246084934e+37,False,16,True,True,True,True
seq_0001,18,256,bitflip,,mantissa,7,0.001953125,0.0006389617919921875,0.0008525848388671875,True,16,True,True,True,True
seq_0002,31,64,numeric,1e-06,,0,0.0,0.0,0.0,False,16,False,False,False,False
seq_0002,31,64,numeric,1e-05,,0,0.0,0.0,0.0,False,16,False,False,False,False
seq_0002,31,64,numeric,0.0001,,0,0.0,0.0,0.0,False,16,False,False,False,False
seq_0002,31,64,numeric,0.001,,0,0.0,0.0,0.0,False,16,False,False,False,False
seq_0002,31,64,numeric,0.01,,0,0.001953125,0.0003008842468261719,0.0004208087921142578,True,16,True,True,True,True
seq_0002,31,64,numeric,0.1,,0,0.01953125,0.003007650375366211,0.004693508148193359,True,16,True,True,True,True
seq_0002,31,64,bitflip,,sign,0,0.392578125,0.06045269966125488,0.09433889389038086,True,16,True,True,True,True
seq_0002,31,64,bitflip,,exponent,0,6.679370678819202e+37,1.0285500835824514e+37,1.439047609644128e+37,True,16,True,True,True,True
seq_0002,31,64,bitflip,,mantissa,0,0.0009765625,0.00015044212341308594,0.0002346038818359375,True,16,True,True,True,True
seq_0002,31,256,numeric,1e-06,,0,0.0,0.0,0.0,False,16,False,False,False,False
seq_0002,31,256,numeric,1e-05,,0,0.0,0.0,0.0,False,16,False,False,False,False
seq_0002,31,256,numeric,0.0001,,0,0.0,0.0,0.0,False,16,False,False,False,False
seq_0002,31,256,numeric,0.001,,0,0.0,0.0,0.0,False,16,False,False,False,False
seq_0002,31,256,numeric,0.01,,0,0.0078125,0.0008525848388671875,0.0022873878479003906,True,16,True,True,True,True
seq_0002,31,256,numeric,0.1,,0,0.0859375,0.009376049041748047,0.0251615047454834,True,16,True,True,True,True
seq_0002,31,256,bitflip,,sign,0,1.75,0.1909322738647461,0.512376070022583,True,16,True,True,True,True
seq_0002,31,256,bitflip,,exponent,0,2.9774707105582116e+38,inf,2.117725937415998e+37,False,16,True,True,True,True
seq_0002,31,256,bitflip,,mantissa,0,0.00390625,0.00042629241943359375,0.0010466575622558594,True,16,True,True,True,True
seq_0003,4,64,numeric,1e-06,,5,0.0,0.0,0.0,False,16,False,False,False,False
seq_0003,4,64,numeric,1e-05,,5,0.0,0.0,0.0,False,16,False,False,False,False
seq_0003,4,64,numeric,0.0001,,5,0.0,0.0,0.0,False,16,False,False,False,False
seq_0003,4,64,numeric,0.001,,5,0.0,0.0,0.0,False,16,False,False,False,False
seq_0003,4,64,numeric,0.01,,5,0.015625,0.0024492740631103516,0.003021240234375,True,16,True,True,True,True
seq_0003,4,64,numeric,0.1,,5,0.125,0.01959371566772461,0.024341583251953125,True,16,True,True,True,True
seq_0003,4,64,bitflip,,sign,5,2.484375,0.38942861557006836,0.4837837219238281,True,16,True,True,True,True
seq_0003,4,64,bitflip,,exponent,5,nan,nan,nan,False,16,True,True,True,True
seq_0003,4,64,bitflip,,mantissa,5,0.0078125,0.001224517822265625,0.0015211105346679688,True,16,True,True,True,True
seq_0003,4,256,numeric,1e-06,,5,0.0,0.0,0.0,False,16,False,False,False,False
seq_0003,4,256,numeric,1e-05,,5,0.0,0.0,0.0,False,16,False,False,False,False
seq_0003,4,256,numeric,0.0001,,5,0.0,0.0,0.0,False,16,False,False,False,False
seq_0003,4,256,numeric,0.001,,5,0.0,0.0,0.0,False,16,False,False,False,False
seq_0003,4,256,numeric,0.01,,5,0.00048828125,4.458427429199219e-05,9.441375732421875e-05,True,16,True,True,True,True
seq_0003,4,256,numeric,0.1,,5,0.00439453125,0.0004038810729980469,0.0008497238159179688,True,16,True,True,True,True
seq_0003,4,256,bitflip,,sign,5,0.0859375,0.007892608642578125,0.016615867614746094,True,16,True,True,True,True
seq_0003,4,256,bitflip,,exponent,5,1.4621507953634075e+37,1.342854130543094e+36,2.8270614442164377e+36,True,16,True,True,True,True
seq_0003,4,256,bitflip,,mantissa,5,0.000244140625,2.2411346435546875e-05,4.7206878662109375e-05,True,16,True,True,True,True
seq_0004,18,64,numeric,1e-06,,1,0.0,0.0,0.0,False,16,False,False,False,False
seq_0004,18,64,numeric,1e-05,,1,0.0,0.0,0.0,False,16,False,False,False,False
seq_0004,18,64,numeric,0.0001,,1,0.0,0.0,0.0,False,16,False,False,False,False
seq_0004,18,64,numeric,0.001,,1,0.0,0.0,0.0,False,16,False,False,False,False
seq_0004,18,64,numeric,0.01,,1,0.015625,0.0017154216766357422,0.0034095048904418945,True,16,True,True,True,True
seq_0004,18,64,numeric,0.1,,1,0.203125,0.02230215072631836,0.04432368278503418,True,16,True,True,True,True
seq_0004,18,64,bitflip,,sign,1,4.21875,0.4631974697113037,0.9205681085586548,True,16,True,True,True,True
seq_0004,18,64,bitflip,,exponent,1,2.109375,0.2315986156463623,0.4602839946746826,True,16,True,True,True,True
seq_0004,18,64,bitflip,,mantissa,1,0.015625,0.0017154216766357422,0.0034095048904418945,True,16,True,True,True,True
seq_0004,18,256,numeric,1e-06,,1,0.0,0.0,0.0,False,16,False,False,False,False
seq_0004,18,256,numeric,1e-05,,1,0.0,0.0,0.0,False,16,False,False,False,False
seq_0004,18,256,numeric,0.0001,,1,0.0,0.0,0.0,False,16,False,False,False,False
seq_0004,18,256,numeric,0.001,,1,0.0,0.0,0.0,False,16,False,False,False,False
seq_0004,18,256,numeric,0.01,,1,0.001953125,0.0002589225769042969,0.0005288124084472656,True,16,True,True,True,True
seq_0004,18,256,numeric,0.1,,1,0.0244140625,0.0032368898391723633,0.006608724594116211,True,16,True,True,True,True
seq_0004,18,256,bitflip,,sign,1,0.484375,0.06421971321105957,0.13111519813537598,True,16,True,True,True,True
seq_0004,18,256,bitflip,,exponent,1,8.241213573866478e+37,1.0926409133667404e+37,9.731332797952841e+36,False,16,True,True,True,True
seq_0004,18,256,bitflip,,mantissa,1,0.0009765625,0.00012946128845214844,0.0002644062042236328,True,16,True,True,True,True
seq_0005,31,64,numeric,1e-06,,1,0.0,0.0,0.0,False,16,False,False,False,False
seq_0005,31,64,numeric,1e-05,,1,0.0,0.0,0.0,False,16,False,False,False,False
seq_0005,31,64,numeric,0.0001,,1,0.0,0.0,0.0,False,16,False,False,False,False
seq_0005,31,64,numeric,0.001,,1,0.0,0.0,0.0,False,16,False,False,False,False
seq_0005,31,64,numeric,0.01,,1,0.0009765625,1.33514404296875e-05,4.3392181396484375e-05,True,16,False,True,True,True
seq_0005,31,64,numeric,0.1,,1,0.013671875,0.00017833709716796875,0.0006089210510253906,True,16,True,True,True,True
seq_0005,31,64,bitflip,,sign,1,0.2734375,0.0035638809204101562,0.012178897857666016,True,16,True,True,True,True
seq_0005,31,64,bitflip,,exponent,1,4.652297985247206e+37,6.063725437325158e+35,2.0721075340170898e+36,True,16,True,True,True,True
seq_0005,31,64,bitflip,,mantissa,1,0.0009765625,1.239776611328125e-05,4.38690185546875e-05,True,16,False,True,True,True
seq_0005,31,256,numeric,1e-06,,1,0.0,0.0,0.0,False,16,False,False,False,False
seq_0005,31,256,numeric,1e-05,,1,0.0,0.0,0.0,False,16,False,False,False,False
seq_0005,31,256,numeric,0.0001,,1,0.0,0.0,0.0,False,16,False,False,False,False
seq_0005,31,256,numeric,0.001,,1,0.0,0.0,0.0,False,16,False,False,False,False
seq_0005,31,256,numeric,0.01,,1,0.015625,0.0019960403442382812,0.0037546157836914062,True,16,True,True,True,True
seq_0005,31,256,numeric,0.1,,1,0.140625,0.017965316772460938,0.033792972564697266,True,16,True,True,True,True
seq_0005,31,256,bitflip,,sign,1,2.75,0.35130977630615234,0.6608400344848633,True,16,True,True,True,True
seq_0005,31,256,bitflip,,exponent,1,nan,nan,nan,False,16,True,True,True,True
seq_0005,31,256,bitflip,,mantissa,1,0.0078125,0.0009975433349609375,0.0018773078918457031,True,16,True,True,True,True
seq_0006,4,64,numeric,1e-06,,4,0.0,0.0,0.0,False,16,False,False,False,False
seq_0006,4,64,numeric,1e-05,,4,0.0,0.0,0.0,False,16,False,False,False,False
seq_0006,4,64,numeric,0.0001,,4,0.0,0.0,0.0,False,16,False,False,False,False
seq_0006,4,64,numeric,0.001,,4,0.0,0.0,0.0,False,16,False,False,False,False
seq_0006,4,64,numeric,0.01,,4,0.00048828125,7.486343383789062e-05,0.00011348724365234375,True,16,True,True,True,True
seq_0006,4,64,numeric,0.1,,4,0.00537109375,0.000820159912109375,0.0012464523315429688,True,16,True,True,True,True
seq_0006,4,64,bitflip,,sign,4,0.10693359375,0.01631927490234375,0.024810791015625,True,16,True,True,True,True
seq_0006,4,64,bitflip,,exponent,4,1.8193808192306036e+37,2.776520848610638e+36,4.221316746666561e+36,True,16,True,True,True,True
seq_0006,4,64,bitflip,,mantissa,4,0.000244140625,3.719329833984375e-05,5.6743621826171875e-05,True,16,True,True,True,True
seq_0006,4,256,numeric,1e-06,,4,0.0,0.0,0.0,False,16,False,False,False,False
seq_0006,4,256,numeric,1e-05,,4,0.0,0.0,0.0,False,16,False,False,False,False
seq_0006,4,256,numeric,0.0001,,4,0.0,0.0,0.0,False,16,False,False,False,False
seq_0006,4,256,numeric,0.001,,4,0.0,0.0,0.0,False,16,False,False,False,False
seq_0006,4,256,numeric,0.01,,4,0.03125,0.00940847396850586,0.012947559356689453,True,16,True,True,True,True
seq_0006,4,256,numeric,0.1,,4,0.328125,0.09878945350646973,0.1359487771987915,True,16,True,True,True,True
seq_0006,4,256,bitflip,,sign,4,6.46875,1.9475646018981934,2.6801352500915527,True,16,True,True,True,True
seq_0006,4,256,bitflip,,exponent,4,3.234375,0.9737825393676758,1.3400675058364868,True,16,True,True,True,True
seq_0006,4,256,bitflip,,mantissa,4,0.015625,0.004704475402832031,0.0064737796783447266,True,16,True,True,True,True
seq_0007,18,64,numeric,1e-06,,7,0.0,0.0,0.0,False,16,False,False,False,False
seq_0007,18,64,numeric,1e-05,,7,0.0,0.0,0.0,False,16,False,False,False,False
seq_0007,18,64,numeric,0.0001,,7,0.0,0.0,0.0,False,16,False,False,False,False
seq_0007,18,64,numeric,0.001,,7,0.0,0.0,0.0,False,16,False,False,False,False
seq_0007,18,64,numeric,0.01,,7,0.00390625,0.00021982192993164062,0.0009493827819824219,True,16,True,True,True,True
seq_0007,18,64,numeric,0.1,,7,0.041015625,0.0023082494735717773,0.009969234466552734,True,16,True,True,True,True
seq_0007,18,64,bitflip,,sign,7,0.81640625,0.04594618082046509,0.1984424591064453,True,16,True,True,True,True
seq_0007,18,64,bitflip,,exponent,7,1.389043255595237e+38,7.817329340553742e+36,inf,True,16,True,True,True,True
seq_0007,18,64,bitflip,,mantissa,7,0.001953125,0.0001099705696105957,0.0004749298095703125,True,16,True,True,True,True
seq_0007,18,256,numeric,1e-06,,7,0.0,0.0,0.0,False,16,False,False,False,False
seq_0007,18,256,numeric,1e-05,,7,0.0,0.0,0.0,False,16,False,False,False,False
seq_0007,18,256,numeric,0.0001,,7,0.0,0.0,0.0,False,16,False,False,False,False
seq_0007,18,256,numeric,0.001,,7,0.0,0.0,0.0,False,16,False,False,False,False
seq_0007,18,256,numeric,0.01,,7,0.015625,0.0032368898391723633,0.004661083221435547,True,16,True,True,True,True
seq_0007,18,256,numeric,0.1,,7,0.203125,0.04207944869995117,0.06059408187866211,True,16,True,True,True,True
seq_0007,18,256,bitflip,,sign,7,4.15625,0.8610095977783203,1.239853858947754,True,16,True,True,True,True
seq_0007,18,256,bitflip,,exponent,7,2.078125,0.43050479888916016,0.619926929473877,True,16,True,True,True,True
seq_0007,18,256,bitflip,,mantissa,7,0.015625,0.0032368898391723633,0.004661083221435547,True,16,True,True,True,True
seq_0008,31,64,numeric,1e-06,,0,0.0,0.0,0.0,False,16,False,False,False,False
seq_0008,31,64,numeric,1e-05,,0,0.0,0.0,0.0,False,16,False,False,False,False
seq_0008,31,64,numeric,0.0001,,0,0.0,0.0,0.0,False,16,False,False,False,False
seq_0008,31,64,numeric,0.001,,0,0.0,0.0,0.0,False,16,False,False,False,False
seq_0008,31,64,numeric,0.01,,0,0.015625,0.0008630752563476562,0.0022439956665039062,True,16,True,True,True,True
seq_0008,31,64,numeric,0.1,,0,0.1328125,0.007337093353271484,0.019075870513916016,True,16,True,True,True,True
seq_0008,31,64,bitflip,,sign,0,2.734375,0.15105438232421875,0.39274120330810547,True,16,True,True,True,True
seq_0008,31,64,bitflip,,exponent,0,nan,nan,nan,False,16,True,True,True,True
seq_0008,31,64,bitflip,,mantissa,0,0.0078125,0.0004315376281738281,0.0011219978332519531,True,16,True,True,True,True
seq_0008,31,256,numeric,1e-06,,0,0.0,0.0,0.0,False,16,False,False,False,False
seq_0008,31,256,numeric,1e-05,,0,0.0,0.0,0.0,False,16,False,False,False,False
seq_0008,31,256,numeric,0.0001,,0,0.0,0.0,0.0,False,16,False,False,False,False
seq_0008,31,256,numeric,0.001,,0,0.0,0.0,0.0,False,16,False,False,False,False
seq_0008,31,256,numeric,0.01,,0,0.001953125,0.00010824203491210938,0.0002994537353515625,True,16,True,True,True,True
seq_0008,31,256,numeric,0.1,,0,0.015625,0.0008630752563476562,0.0023956298828125,True,16,True,True,True,True
seq_0008,31,256,bitflip,,sign,0,0.306640625,0.016939640045166016,0.04700756072998047,True,16,True,True,True,True
seq_0008,31,256,bitflip,,exponent,0,5.217219883455795e+37,2.882133890718053e+36,7.997922014188756e+36,True,16,True,True,True,True
seq_0008,31,256,bitflip,,mantissa,0,0.0009765625,5.3882598876953125e-05,0.00014972686767578125,True,16,True,True,True,True
seq_0009,4,64,numeric,1e-06,,5,0.0,0.0,0.0,False,16,False,False,False,False
seq_0009,4,64,numeric,1e-05,,5,0.0,0.0,0.0,False,16,False,False,False,False
seq_0009,4,64,numeric,0.0001,,5,0.0,0.0,0.0,False,16,False,False,False,False
seq_0009,4,64,numeric,0.001,,5,0.0,0.0,0.0,False,16,False,False,False,False
seq_0009,4,64,numeric,0.01,,5,0.015625,0.0003452301025390625,0.002762138843536377,True,16,True,True,True,True
seq_0009,4,64,numeric,0.1,,5,0.1796875,0.003970623016357422,0.03176456689834595,True,16,True,True,True,True
seq_0009,4,64,bitflip,,sign,5,3.59375,0.07941150665283203,0.6352912187576294,True,16,True,True,True,True
seq_0009,4,64,bitflip,,exponent,5,nan,nan,nan,False,16,True,True,True,True
seq_0009,4,64,bitflip,,mantissa,5,0.0078125,0.00017261505126953125,0.0013810992240905762,True,16,True,True,True,True
seq_0009,4,256,numeric,1e-06,,5,0.0,0.0,0.0,False,16,False,False,False,False
seq_0009,4,256,numeric,1e-05,,5,0.0,0.0,0.0,False,16,False,False,False,False
seq_0009,4,256,numeric,0.0001,,5,0.0,0.0,0.0,False,16,False,False,False,False
seq_0009,4,256,numeric,0.001,,5,0.0,0.0,0.0,False,16,False,False,False,False
seq_0009,4,256,numeric,0.01,,5,0.015625,0.002557039260864258,0.004488468170166016,True,16,True,True,True,True
seq_0009,4,256,numeric,0.1,,5,0.234375,0.038356781005859375,0.06732714176177979,True,16,True,True,True,True
seq_0009,4,256,bitflip,,sign,5,4.625,0.7569117546081543,1.3285870552062988,True,16,True,True,True,True
seq_0009,4,256,bitflip,,exponent,5,2.3125,0.37845587730407715,0.6642937660217285,True,16,True,True,True,True
seq_0009,4,256,bitflip,,mantissa,5,0.015625,0.002557039260864258,0.004488468170166016,True,16,True,True,True,True
seq_0010,18,64,numeric,1e-06,,1,0.0,0.0,0.0,False,16,False,False,False,False
seq_0010,18,64,numeric,1e-05,,1,0.0,0.0,0.0,False,16,False,False,False,False
seq_0010,18,64,numeric,0.0001,,1,0.0,0.0,0.0,False,16,False,False,False,False
seq_0010,18,64,numeric,0.001,,1,0.0,0.0,0.0,False,16,False,False,False,False
seq_0010,18,64,numeric,0.01,,1,0.03125,0.002632617950439453,0.005071043968200684,True,16,True,True,True,True
seq_0010,18,64,numeric,0.1,,1,0.234375,0.019744873046875,0.038033246994018555,True,16,True,True,True,True
seq_0010,18,64,bitflip,,sign,1,4.8125,0.4054298400878906,0.780950665473938,True,16,True,True,True,True
seq_0010,18,64,bitflip,,exponent,1,2.40625,0.2027149200439453,0.3904752731323242,True,16,True,True,True,True
seq_0010,18,64,bitflip,,mantissa,1,0.015625,0.0013163089752197266,0.002535581588745117,True,16,True,True,True,True
seq_0010,18,256,numeric,1e-06,,1,0.0,0.0,0.0,False,16,False,False,False,False
seq_0010,18,256,numeric,1e-05,,1,0.0,0.0,0.0,False,16,False,False,False,False
seq_0010,18,256,numeric,0.0001,,1,0.0,0.0,0.0,False,16,False,False,False,False
seq_0010,18,256,numeric,0.001,,1,0.0,0.0,0.0,False,16,False,False,False,False
seq_0010,18,256,numeric,0.01,,1,0.001953125,0.0003452897071838379,0.0007390901446342468,True,16,True,True,True,True
seq_0010,18,256,numeric,0.1,,1,0.02734375,0.0048337578773498535,0.010347224771976471,True,16,True,True,True,True
seq_0010,18,256,bitflip,,sign,1,0.54296875,0.09598422050476074,0.2054663896560669,True,16,True,True,True,True
seq_0010,18,256,bitflip,,exponent,1,9.238134570705165e+37,1.633086887021063e+37,1.658603806248237e+37,True,16,True,True,True,True
seq_0010,18,256,bitflip,,mantissa,1,0.001953125,0.0003452897071838379,0.0007390901446342468,True,16,True,True,True,True
seq_0011,31,64,numeric,1e-06,,1,0.0,0.0,0.0,False,16,False,False,False,False
seq_0011,31,64,numeric,1e-05,,1,0.0,0.0,0.0,False,16,False,False,False,False
seq_0011,31,64,numeric,0.0001,,1,0.0,0.0,0.0,False,16,False,False,False,False
seq_0011,31,64,numeric,0.001,,1,0.0,0.0,0.0,False,16,False,False,False,False
seq_0011,31,64,numeric,0.01,,1,0.00390625,0.00040435791015625,0.0007658004760742188,True,16,True,True,True,True
seq_0011,31,64,numeric,0.1,,1,0.04296875,0.004450798034667969,0.008426666259765625,True,16,True,True,True,True
seq_0011,31,64,bitflip,,sign,1,0.875,0.09063339233398438,0.17159700393676758,True,16,True,True,True,True
seq_0011,31,64,bitflip,,exponent,1,1.4887353552791058e+38,1.5420334458825696e+37,inf,True,16,True,True,True,True
seq_0011,31,64,bitflip,,mantissa,1,0.001953125,0.000202178955078125,0.0003829002380371094,True,16,True,True,True,True
seq_0011,31,256,numeric,1e-06,,1,0.0,0.0,0.0,False,16,False,False,False,False
seq_0011,31,256,numeric,1e-05,,1,0.0,0.0,0.0,False,16,False,False,False,False
seq_0011,31,256,numeric,0.0001,,1,0.0,0.0,0.0,False,16,False,False,False,False
seq_0011,31,256,numeric,0.001,,1,0.0,0.0,0.0,False,16,False,False,False,False
seq_0011,31,256,numeric,0.01,,1,0.0009765625,9.012222290039062e-05,0.00010204315185546875,True,16,True,True,True,True
seq_0011,31,256,numeric,0.1,,1,0.00732421875,0.0006771087646484375,0.0007638931274414062,True,16,True,True,True,True
seq_0011,31,256,bitflip,,sign,1,0.1513671875,0.014006614685058594,0.01578235626220703,True,16,True,True,True,True
seq_0011,31,256,bitflip,,exponent,1,2.5753792418332745e+37,2.3830382993479952e+36,2.6853640939482263e+36,True,16,True,True,True,True
seq_0011,31,256,bitflip,,mantissa,1,0.00048828125,4.482269287109375e-05,5.054473876953125e-05,True,16,True,True,True,True
seq_0012,4,64,numeric,1e-06,,4,0.0,0.0,0.0,False,16,False,False,False,False
seq_0012,4,64,numeric,1e-05,,4,0.0,0.0,0.0,False,16,False,False,False,False
seq_0012,4,64,numeric,0.0001,,4,0.0,0.0,0.0,False,16,False,False,False,False
seq_0012,4,64,numeric,0.001,,4,0.0,0.0,0.0,False,16,False,False,False,False
seq_0012,4,64,numeric,0.01,,4,0.00390625,0.00042888522148132324,0.0006743669509887695,True,16,True,True,True,True
seq_0012,4,64,numeric,0.1,,4,0.0390625,0.004288867115974426,0.006851375102996826,True,16,True,True,True,True
seq_0012,4,64,bitflip,,sign,4,0.796875,0.08749283850193024,0.13976836204528809,True,16,True,True,True,True
seq_0012,4,64,bitflip,,exponent,4,1.3558125557006142e+38,1.4886130016431717e+37,2.3780359599319046e+37,True,16,True,True,True,True
seq_0012,4,64,bitflip,,mantissa,4,0.001953125,0.00021444261074066162,0.0003425776958465576,True,16,True,True,True,True
seq_0012,4,256,numeric,1e-06,,4,0.0,0.0,0.0,False,16,False,False,False,False
seq_0012,4,256,numeric,1e-05,,4,0.0,0.0,0.0,False,16,False,False,False,False
seq_0012,4,256,numeric,0.0001,,4,0.0,0.0,0.0,False,16,False,False,False,False
seq_0012,4,256,numeric,0.001,,4,0.0,0.0,0.0,False,16,False,False,False,False
seq_0012,4,256,numeric,0.01,,4,0.0078125,0.0009548664093017578,0.001607656478881836,True,16,True,True,True,True
seq_0012,4,256,numeric,0.1,,4,0.0703125,0.008594036102294922,0.014468908309936523,True,16,True,True,True,True
seq_0012,4,256,bitflip,,sign,4,1.421875,0.17378783226013184,0.29259228706359863,True,16,True,True,True,True
seq_0012,4,256,bitflip,,exponent,4,2.419194952328547e+38,2.956849280478035e+37,inf,True,16,True,True,True,True
seq_0012,4,256,bitflip,,mantissa,4,0.00390625,0.0004773139953613281,0.0008039474487304688,True,16,True,True,True,True
seq_0013,18,64,numeric,1e-06,,7,0.0,0.0,0.0,False,16,False,False,False,False
seq_0013,18,64,numeric,1e-05,,7,0.0,0.0,0.0,False,16,False,False,False,False
seq_0013,18,64,numeric,0.0001,,7,0.0,0.0,0.0,False,16,False,False,False,False
seq_0013,18,64,numeric,0.001,,7,0.0,0.0,0.0,False,16,False,False,False,False
seq_0013,18,64,numeric,0.01,,7,0.00390625,0.0010249614715576172,0.0013270378112792969,True,16,True,True,True,True
seq_0013,18,64,numeric,0.1,,7,0.044921875,0.011787652969360352,0.015262126922607422,True,16,True,True,True,True
seq_0013,18,64,bitflip,,sign,7,0.91796875,0.24087786674499512,0.3118734359741211,True,16,True,True,True,True
seq_0013,18,64,bitflip,,exponent,7,1.5618428950472762e+38,inf,inf,False,16,True,True,True,True
seq_0013,18,64,bitflip,,mantissa,7,0.001953125,0.0005125999450683594,0.00066375732421875,True,16,True,True,True,True
seq_0013,18,256,numeric,1e-06,,7,0.0,0.0,0.0,False,16,False,False,False,False
seq_0013,18,256,numeric,1e-05,,7,0.0,0.0,0.0,False,16,False,False,False,False
seq_0013,18,256,numeric,0.0001,,7,0.0,0.0,0.0,False,16,False,False,False,False
seq_0013,18,256,numeric,0.001,,7,0.0,0.0,0.0,False,16,False,False,False,False
seq_0013,18,256,numeric,0.01,,7,0.0078125,0.0008740425109863281,0.0013703107833862305,True,16,True,True,True,True
seq_0013,18,256,numeric,0.1,,7,0.08203125,0.00917673110961914,0.014387965202331543,True,16,True,True,True,True
seq_0013,18,256,bitflip,,sign,7,1.625,0.18178296089172363,0.28501784801483154,True,16,True,True,True,True
seq_0013,18,256,bitflip,,exponent,7,2.764794231232625e+38,inf,inf,False,16,True,True,True,True
seq_0013,18,256,bitflip,,mantissa,7,0.00390625,0.00043702125549316406,0.0006852149963378906,True,16,True,True,True,True
seq_0014,31,64,numeric,1e-06,,0,0.0,0.0,0.0,False,16,False,False,False,False
seq_0014,31,64,numeric,1e-05,,0,0.0,0.0,0.0,False,16,False,False,False,False
seq_0014,31,64,numeric,0.0001,,0,0.0,0.0,0.0,False,16,False,False,False,False
seq_0014,31,64,numeric,0.001,,0,0.0,0.0,0.0,False,16,False,False,False,False
seq_0014,31,64,numeric,0.01,,0,0.00390625,0.0003561973571777344,0.0005908012390136719,True,16,True,True,True,True
seq_0014,31,64,numeric,0.1,,0,0.052734375,0.0048067569732666016,0.007975101470947266,True,16,True,True,True,True
seq_0014,31,64,bitflip,,sign,0,1.0546875,0.09613513946533203,0.15949726104736328,True,16,True,True,True,True
seq_0014,31,64,bitflip,,exponent,0,1.7944577943096364e+38,1.6356569218479657e+37,inf,True,16,True,True,True,True
seq_0014,31,64,bitflip,,mantissa,0,0.00390625,0.0003559589385986328,0.0005908012390136719,True,16,True,True,True,True
seq_0014,31,256,numeric,1e-06,,0,0.0,0.0,0.0,False,16,False,False,False,False
seq_0014,31,256,numeric,1e-05,,0,0.0,0.0,0.0,False,16,False,False,False,False
seq_0014,31,256,numeric,0.0001,,0,0.0,0.0,0.0,False,16,False,False,False,False
seq_0014,31,256,numeric,0.001,,0,0.0,0.0,0.0,False,16,False,False,False,False
seq_0014,31,256,numeric,0.01,,0,0.03125,0.0014891624450683594,0.003452777862548828,True,16,True,True,True,True
seq_0014,31,256,numeric,0.1,,0,0.25,0.011911392211914062,0.02762138843536377,True,16,True,True,True,True
seq_0014,31,256,bitflip,,sign,0,4.9375,0.23525619506835938,0.5455217361450195,True,16,True,True,True,True
seq_0014,31,256,bitflip,,exponent,0,2.46875,0.11762809753417969,0.27276086807250977,True,16,True,True,True,True
seq_0014,31,256,bitflip,,mantissa,0,0.015625,0.0007443428039550781,0.001726388931274414,True,16,True,True,True,True
seq_0015,4,64,numeric,1e-06,,5,0.0,0.0,0.0,False,16,False,False,False,False
seq_0015,4,64,numeric,1e-05,,5,0.0,0.0,0.0,False,16,False,False,False,False
seq_0015,4,64,numeric,0.0001,,5,0.0,0.0,0.0,False,16,False,False,False,False
seq_0015,4,64,numeric,0.001,,5,0.0,0.0,0.0,False,16,False,False,False,False
seq_0015,4,64,numeric,0.01,,5,0.015625,0.0011599063873291016,0.0010247230529785156,False,16,True,True,True,True
seq_0015,4,64,numeric,0.1,,5,0.21875,0.016238093376159668,0.014350414276123047,False,16,True,True,True,True
seq_0015,4,64,bitflip,,sign,5,4.34375,0.32244718074798584,0.28495311737060547,False,16,True,True,True,True
seq_0015,4,64,bitflip,,exponent,5,2.171875,0.16122353076934814,0.14247655868530273,False,16,True,True,True,True
seq_0015,4,64,bitflip,,mantissa,5,0.015625,0.0011599063873291016,0.0010247230529785156,False,16,True,True,True,True
seq_0015,4,256,numeric,1e-06,,5,0.0,0.0,0.0,False,16,False,False,False,False
seq_0015,4,256,numeric,1e-05,,5,0.0,0.0,0.0,False,16,False,False,False,False
seq_0015,4,256,numeric,0.0001,,5,0.0,0.0,0.0,False,16,False,False,False,False
seq_0015,4,256,numeric,0.001,,5,0.0,0.0,0.0,False,16,False,False,False,False
seq_0015,4,256,numeric,0.01,,5,0.0625,0.010616958141326904,0.015191078186035156,True,16,True,True,True,True
seq_0015,4,256,numeric,0.1,,5,0.5625,0.09555262327194214,0.13672542572021484,True,16,True,True,True,True
seq_0015,4,256,bitflip,,sign,5,11.0,1.8685848712921143,2.6737470626831055,True,16,True,True,True,True
seq_0015,4,256,bitflip,,exponent,5,5.5,0.9342924356460571,1.3368730545043945,True,16,True,True,True,True
seq_0015,4,256,bitflip,,mantissa,5,0.03125,0.00530850887298584,0.007596015930175781,True,16,True,True,True,True
seq_0016,18,64,numeric,1e-06,,1,0.0,0.0,0.0,False,16,False,False,False,False
seq_0016,18,64,numeric,1e-05,,1,0.0,0.0,0.0,False,16,False,False,False,False
seq_0016,18,64,numeric,0.0001,,1,0.0,0.0,0.0,False,16,False,False,False,False
seq_0016,18,64,numeric,0.001,,1,0.0,0.0,0.0,False,16,False,False,False,False
seq_0016,18,64,numeric,0.01,,1,0.0078125,0.0012624263763427734,0.0013380050659179688,True,16,True,True,True,True
seq_0016,18,64,numeric,0.1,,1,0.07421875,0.011992692947387695,0.012710094451904297,True,16,True,True,True,True
seq_0016,18,64,bitflip,,sign,1,1.453125,0.2348031997680664,0.24885034561157227,True,16,True,True,True,True
seq_0016,18,64,bitflip,,exponent,1,2.4723640721599435e+38,inf,inf,False,16,True,True,True,True
seq_0016,18,64,bitflip,,mantissa,1,0.00390625,0.0006313323974609375,0.0006690025329589844,True,16,True,True,True,True
seq_0016,18,256,numeric,1e-06,,1,0.0,0.0,0.0,False,16,False,False,False,False
seq_0016,18,256,numeric,1e-05,,1,0.0,0.0,0.0,False,16,False,False,False,False
seq_0016,18,256,numeric,0.0001,,1,0.0,0.0,0.0,False,16,False,False,False,False
seq_0016,18,256,numeric,0.001,,1,0.0,0.0,0.0,False,16,False,False,False,False
seq_0016,18,256,numeric,0.01,,1,0.015625,0.0015749931335449219,0.0025463104248046875,True,16,True,True,True,True
seq_0016,18,256,numeric,0.1,,1,0.1875,0.018903255462646484,0.030556201934814453,True,16,True,True,True,True
seq_0016,18,256,bitflip,,sign,1,3.8125,0.3843684196472168,0.6213078498840332,True,16,True,True,True,True
seq_0016,18,256,bitflip,,exponent,1,nan,nan,nan,False,16,True,True,True,True
seq_0016,18,256,bitflip,,mantissa,1,0.0078125,0.0007877349853515625,0.0012731552124023438,True,16,True,True,True,True
seq_0017,31,64,numeric,1e-06,,1,0.0,0.0,0.0,False,16,False,False,False,False
seq_0017,31,64,numeric,1e-05,,1,0.0,0.0,0.0,False,16,False,False,False,False
seq_0017,31,64,numeric,0.0001,,1,0.0,0.0,0.0,False,16,False,False,False,False
seq_0017,31,64,numeric,0.001,,1,0.0,0.0,0.0,False,16,False,False,False,False
seq_0017,31,64,numeric,0.01,,1,0.0625,0.010703563690185547,0.01898956298828125,True,16,True,True,True,True
seq_0017,31,64,numeric,0.1,,1,0.625,0.10703277587890625,0.17867565155029297,True,16,True,True,True,True
seq_0017,31,64,bitflip,,sign,1,12.625,2.1620612144470215,3.8359155654907227,True,16,True,True,True,True
seq_0017,31,64,bitflip,,exponent,1,6.3125,1.0810308456420898,1.9179573059082031,True,16,True,True,True,True
seq_0017,31,64,bitflip,,mantissa,1,0.03125,0.005351543426513672,0.009494781494140625,True,16,True,True,True,True
seq_0017,31,256,numeric,1e-06,,1,0.0,0.0,0.0,False,16,False,False,False,False
seq_0017,31,256,numeric,1e-05,,1,0.0,0.0,0.0,False,16,False,False,False,False
seq_0017,31,256,numeric,0.0001,,1,0.0,0.0,0.0,False,16,False,False,False,False
seq_0017,31,256,numeric,0.001,,1,0.0,0.0,0.0,False,16,False,False,False,False
seq_0017,31,256,numeric,0.01,,1,0.015625,0.0007228851318359375,0.0005855560302734375,False,16,True,True,True,True
seq_0017,31,256,numeric,0.1,,1,0.1484375,0.006867408752441406,0.005560874938964844,False,16,True,True,True,True
seq_0017,31,256,bitflip,,sign,1,3.046875,0.14096593856811523,0.11414051055908203,False,16,True,True,True,True
seq_0017,31,256,bitflip,,exponent,1,nan,nan,nan,False,16,True,True,True,True
seq_0017,31,256,bitflip,,mantissa,1,0.0078125,0.00036144256591796875,0.00029277801513671875,False,16,True,True,True,True
seq_0018,4,64,numeric,1e-06,,4,0.0,0.0,0.0,False,16,False,False,False,False
seq_0018,4,64,numeric,1e-05,,4,0.0,0.0,0.0,False,16,False,False,False,False
seq_0018,4,64,numeric,0.0001,,4,0.0,0.0,0.0,False,16,False,False,False,False
seq_0018,4,64,numeric,0.001,,4,0.0,0.0,0.0,False,16,False,False,False,False
seq_0018,4,64,numeric,0.01,,4,0.015625,0.0011976510286331177,0.00244922935962677,True,16,True,True,True,True
seq_0018,4,64,numeric,0.1,,4,0.1640625,0.012575268745422363,0.025717005133628845,True,16,True,True,True,True
seq_0018,4,64,bitflip,,sign,4,3.203125,0.24551720917224884,0.5020937323570251,True,16,True,True,True,True
seq_0018,4,64,bitflip,,exponent,4,nan,nan,nan,False,16,True,True,True,True
seq_0018,4,64,bitflip,,mantissa,4,0.0078125,0.0005988329648971558,0.001224607229232788,True,16,True,True,True,True
seq_0018,4,256,numeric,1e-06,,4,0.0,0.0,0.0,False,16,False,False,False,False
seq_0018,4,256,numeric,1e-05,,4,0.0,0.0,0.0,False,16,False,False,False,False
seq_0018,4,256,numeric,0.0001,,4,0.0,0.0,0.0,False,16,False,False,False,False
seq_0018,4,256,numeric,0.001,,4,0.0,0.0,0.0,False,16,False,False,False,False
seq_0018,4,256,numeric,0.01,,4,0.00390625,0.0031719207763671875,0.003905773162841797,True,16,True,True,True,True
seq_0018,4,256,numeric,0.1,,4,0.0546875,0.044409751892089844,0.05468177795410156,True,16,True,True,True,True
seq_0018,4,256,bitflip,,sign,4,1.1171875,0.9072327613830566,1.1170682907104492,True,16,True,True,True,True
seq_0018,4,256,bitflip,,exponent,4,1.9007960339724297e+38,inf,inf,False,16,True,True,True,True
seq_0018,4,256,bitflip,,mantissa,4,0.00390625,0.0031719207763671875,0.003905773162841797,True,16,True,True,True,True
seq_0019,18,64,numeric,1e-06,,7,0.0,0.0,0.0,False,16,False,False,False,False
seq_0019,18,64,numeric,1e-05,,7,0.0,0.0,0.0,False,16,False,False,False,False
seq_0019,18,64,numeric,0.0001,,7,0.0,0.0,0.0,False,16,False,False,False,False
seq_0019,18,64,numeric,0.001,,7,0.0,0.0,0.0,False,16,False,False,False,False
seq_0019,18,64,numeric,0.01,,7,0.0009765625,5.626678466796875e-05,0.0001888275146484375,True,16,True,True,True,True
seq_0019,18,64,numeric,0.1,,7,0.0107421875,0.0006155967712402344,0.0020766258239746094,True,16,True,True,True,True
seq_0019,18,64,bitflip,,sign,7,0.2138671875,0.012257575988769531,0.0413508415222168,True,16,True,True,True,True
seq_0019,18,64,bitflip,,exponent,7,3.638761638461207e+37,2.0855314785045317e+36,7.035527382923185e+36,True,16,True,True,True,True
seq_0019,18,64,bitflip,,mantissa,7,0.00048828125,2.8133392333984375e-05,9.441375732421875e-05,True,16,True,True,True,True
seq_0019,18,256,numeric,1e-06,,7,0.0,0.0,0.0,False,16,False,False,False,False
seq_0019,18,256,numeric,1e-05,,7,0.0,0.0,0.0,False,16,False,False,False,False
seq_0019,18,256,numeric,0.0001,,7,0.0,0.0,0.0,False,16,False,False,False,False
seq_0019,18,256,numeric,0.001,,7,0.0,0.0,0.0,False,16,False,False,False,False
seq_0019,18,256,numeric,0.01,,7,0.0029296875,0.000376284122467041,0.0006635189056396484,True,16,True,True,True,True
seq_0019,18,256,numeric,0.1,,7,0.0244140625,0.0031357407569885254,0.005529642105102539,True,16,True,True,True,True
seq_0019,18,256,bitflip,,sign,7,0.4921875,0.0632162094116211,0.11147809028625488,True,16,True,True,True,True
seq_0019,18,256,bitflip,,exponent,7,8.37413637344497e+37,1.0755683218479267e+37,1.8967011675915245e+37,True,16,True,True,True,True
seq_0019,18,256,bitflip,,mantissa,7,0.0009765625,0.00012546777725219727,0.00022101402282714844,True,16,True,True,True,True
seq_0020,31,64,numeric,1e-06,,0,0.0,0.0,0.0,False,16,False,False,False,False
seq_0020,31,64,numeric,1e-05,,0,0.0,0.0,0.0,False,16,False,False,False,False
seq_0020,31,64,numeric,0.0001,,0,0.0,0.0,0.0,False,16,False,False,False,False
seq_0020,31,64,numeric,0.001,,0,0.0,0.0,0.0,False,16,False,False,False,False
seq_0020,31,64,numeric,0.01,,0,0.03125,0.007682323455810547,0.010056018829345703,True,16,True,True,True,True
seq_0020,31,64,numeric,0.1,,0,0.28125,0.06913995742797852,0.09050321578979492,True,16,True,True,True,True
seq_0020,31,64,bitflip,,sign,0,5.75,1.4135231971740723,1.8502860069274902,True,16,True,True,True,True
seq_0020,31,64,bitflip,,exponent,0,2.875,0.7067618370056152,0.925142765045166,True,16,True,True,True,True
seq_0020,31,64,bitflip,,mantissa,0,0.015625,0.003840923309326172,0.00502777099609375,True,16,True,True,True,True
seq_0020,31,256,numeric,1e-06,,0,0.0,0.0,0.0,False,16,False,False,False,False
seq_0020,31,256,numeric,1e-05,,0,0.0,0.0,0.0,False,16,False,False,False,False
seq_0020,31,256,numeric,0.0001,,0,0.0,0.0,0.0,False,16,False,False,False,False
seq_0020,31,256,numeric,0.001,,0,0.0,0.0,0.0,False,16,False,False,False,False
seq_0020,31,256,numeric,0.01,,0,0.015625,0.0017480850219726562,0.004380702972412109,True,16,True,True,True,True
seq_0020,31,256,numeric,0.1,,0,0.1484375,0.016604900360107422,0.04161500930786133,True,16,True,True,True,True
seq_0020,31,256,bitflip,,sign,0,2.921875,0.3268599510192871,0.8191680908203125,True,16,True,True,True,True
seq_0020,31,256,bitflip,,exponent,0,nan,nan,nan,False,16,True,True,True,True
seq_0020,31,256,bitflip,,mantissa,0,0.0078125,0.000873565673828125,0.002190113067626953,True,16,True,True,True,True
seq_0021,4,64,numeric,1e-06,,5,0.0,0.0,0.0,False,16,False,False,False,False
seq_0021,4,64,numeric,1e-05,,5,0.0,0.0,0.0,False,16,False,False,False,False
seq_0021,4,64,numeric,0.0001,,5,0.0,0.0,0.0,False,16,False,False,False,False
seq_0021,4,64,numeric,0.001,,5,0.0,0.0,0.0,False,16,False,False,False,False
seq_0021,4,64,numeric,0.01,,5,0.001953125,0.0007281303405761719,0.0008955001831054688,True,16,True,True,True,True
seq_0021,4,64,numeric,0.1,,5,0.017578125,0.006554603576660156,0.008059978485107422,True,16,True,True,True,True
seq_0021,4,64,bitflip,,sign,5,0.3515625,0.13109350204467773,0.16119670867919922,True,16,True,True,True,True
seq_0021,4,64,bitflip,,exponent,5,5.981525981032121e+37,2.2304413723063715e+37,2.742616582569584e+37,True,16,True,True,True,True
seq_0021,4,64,bitflip,,mantissa,5,0.0009765625,0.0003643035888671875,0.0004477500915527344,True,16,True,True,True,True
seq_0021,4,256,numeric,1e-06,,5,0.0,0.0,0.0,False,16,False,False,False,False
seq_0021,4,256,numeric,1e-05,,5,0.0,0.0,0.0,False,16,False,False,False,False
seq_0021,4,256,numeric,0.0001,,5,0.0,0.0,0.0,False,16,False,False,False,False
seq_0021,4,256,numeric,0.001,,5,0.0,0.0,0.0,False,16,False,False,False,False
seq_0021,4,256,numeric,0.01,,5,0.015625,0.003387928009033203,0.00591278076171875,True,16,True,True,True,True
seq_0021,4,256,numeric,0.1,,5,0.171875,0.03726726770401001,0.06503963470458984,True,16,True,True,True,True
seq_0021,4,256,bitflip,,sign,5,3.40625,0.7385692596435547,1.2889680862426758,True,16,True,True,True,True
seq_0021,4,256,bitflip,,exponent,5,nan,nan,nan,False,16,True,True,True,True
seq_0021,4,256,bitflip,,mantissa,5,0.0078125,0.0016939640045166016,0.002956390380859375,True,16,True,True,True,True
seq_0022,18,64,numeric,1e-06,,1,0.0,0.0,0.0,False,16,False,False,False,False
seq_0022,18,64,numeric,1e-05,,1,0.0,0.0,0.0,False,16,False,False,False,False
seq_0022,18,64,numeric,0.0001,,1,0.0,0.0,0.0,False,16,False,False,False,False
seq_0022,18,64,numeric,0.001,,1,0.0,0.0,0.0,False,16,False,False,False,False
seq_0022,18,64,numeric,0.01,,1,0.000244140625,1.811981201171875e-05,4.220008850097656e-05,True,16,True,True,True,True
seq_0022,18,64,numeric,0.1,,1,0.0020751953125,0.0001544952392578125,0.0003597736358642578,True,16,True,True,True,True
seq_0022,18,64,bitflip,,sign,1,0.040771484375,0.003040790557861328,0.0070667266845703125,True,16,True,True,True,True
seq_0022,18,64,bitflip,,exponent,1,6.93690860300253e+36,5.17338470000186e+35,8.526503950801747e+35,True,16,True,True,True,True
seq_0022,18,64,bitflip,,mantissa,1,0.0001220703125,9.059906005859375e-06,2.1219253540039062e-05,True,16,False,False,True,True
seq_0022,18,256,numeric,1e-06,,1,0.0,0.0,0.0,False,16,False,False,False,False
seq_0022,18,256,numeric,1e-05,,1,0.0,0.0,0.0,False,16,False,False,False,False
seq_0022,18,256,numeric,0.0001,,1,0.0,0.0,0.0,False,16,False,False,False,False
seq_0022,18,256,numeric,0.001,,1,0.0,0.0,0.0,False,16,False,False,False,False
seq_0022,18,256,numeric,0.01,,1,0.0009765625,0.00011587142944335938,0.00018072128295898438,True,16,True,True,True,True
seq_0022,18,256,numeric,0.1,,1,0.00830078125,0.0009856224060058594,0.0015363693237304688,True,16,True,True,True,True
seq_0022,18,256,bitflip,,sign,1,0.1640625,0.019485950469970703,0.03217458724975586,True,16,True,True,True,True
seq_0022,18,256,bitflip,,exponent,1,2.7913787911483233e+37,3.3153718642797537e+36,5.782625263603311e+36,True,16,True,True,True,True
seq_0022,18,256,bitflip,,mantissa,1,0.00048828125,5.817413330078125e-05,9.584426879882812e-05,True,16,True,True,True,True
seq_0023,31,64,numeric,1e-06,,1,0.0,0.0,0.0,False,16,False,False,False,False
seq_0023,31,64,numeric,1e-05,,1,0.0,0.0,0.0,False,16,False,False,False,False
seq_0023,31,64,numeric,0.0001,,1,0.0,0.0,0.0,False,16,False,False,False,False
seq_0023,31,64,numeric,0.001,,1,0.0,0.0,0.0,False,16,False,False,False,False
seq_0023,31,64,numeric,0.01,,1,0.001953125,0.00032901763916015625,0.00025653839111328125,False,16,True,True,True,True
seq_0023,31,64,numeric,0.1,,1,0.015625,0.0026330947875976562,0.0020503997802734375,False,16,True,True,True,True
seq_0023,31,64,bitflip,,sign,1,0.318359375,0.05364036560058594,0.04176902770996094,False,16,True,True,True,True
seq_0023,31,64,bitflip,,exponent,1,5.416604082823532e+37,9.126451763993738e+36,7.106662864005592e+36,False,16,True,True,True,True
seq_0023,31,64,bitflip,,mantissa,1,0.0009765625,0.00016498565673828125,0.0001277923583984375,False,16,True,True,True,True
seq_0023,31,256,numeric,1e-06,,1,0.0,0.0,0.0,False,16,False,False,False,False
seq_0023,31,256,numeric,1e-05,,1,0.0,0.0,0.0,False,16,False,False,False,False
seq_0023,31,256,numeric,0.0001,,1,0.0,0.0,0.0,False,16,False,False,False,False
seq_0023,31,256,numeric,0.001,,1,0.0,0.0,0.0,False,16,False,False,False,False
seq_0023,31,256,numeric,0.01,,1,0.015625,0.0008196830749511719,0.002017498016357422,True,16,True,True,True,True
seq_0023,31,256,numeric,0.1,,1,0.1640625,0.008609771728515625,0.02707672119140625,True,16,True,True,True,True
seq_0023,31,256,bitflip,,sign,1,3.3125,0.1738414764404297,0.546687126159668,True,16,True,True,True,True
seq_0023,31,256,bitflip,,exponent,1,nan,nan,nan,False,16,True,True,True,True
seq_0023,31,256,bitflip,,mantissa,1,0.0078125,0.0004100799560546875,0.00128936767578125,True,16,True,True,True,True
seq_0024,4,64,numeric,1e-06,,4,0.0,0.0,0.0,False,16,False,False,False,False
seq_0024,4,64,numeric,1e-05,,4,0.0,0.0,0.0,False,16,False,False,False,False
seq_0024,4,64,numeric,0.0001,,4,0.0,0.0,0.0,False,16,False,False,False,False
seq_0024,4,64,numeric,0.001,,4,0.0,0.0,0.0,False,16,False,False,False,False
seq_0024,4,64,numeric,0.01,,4,0.015625,0.0014674663543701172,0.004272937774658203,True,16,True,True,True,True
seq_0024,4,64,numeric,0.1,,4,0.1484375,0.013940095901489258,0.04059028625488281,True,16,True,True,True,True
seq_0024,4,64,bitflip,,sign,4,2.984375,0.2802700996398926,0.8160810470581055,True,16,True,True,True,True
seq_0024,4,64,bitflip,,exponent,4,nan,nan,nan,False,16,True,True,True,True
seq_0024,4,64,bitflip,,mantissa,4,0.0078125,0.0007336139678955078,0.00213623046875,True,16,True,True,True,True
seq_0024,4,256,numeric,1e-06,,4,0.0,0.0,0.0,False,16,False,False,False,False
seq_0024,4,256,numeric,1e-05,,4,0.0,0.0,0.0,False,16,False,False,False,False
seq_0024,4,256,numeric,0.0001,,4,0.0,0.0,0.0,False,16,False,False,False,False
seq_0024,4,256,numeric,0.001,,4,0.0,0.0,0.0,False,16,False,False,False,False
seq_0024,4,256,numeric,0.01,,4,0.00146484375,5.817413330078125e-05,0.00047138333320617676,True,16,True,True,True,True
seq_0024,4,256,numeric,0.1,,4,0.01220703125,0.00048470497131347656,0.003928095102310181,True,16,True,True,True,True
seq_0024,4,256,bitflip,,sign,4,0.248046875,0.009848833084106445,0.07981887459754944,True,16,True,True,True,True
seq_0024,4,256,bitflip,,exponent,4,4.220298886617108e+37,1.67569924716912e+36,1.3580449898196641e+37,True,16,True,True,True,True
seq_0024,4,256,bitflip,,mantissa,4,0.00048828125,1.9371509552001953e-05,0.0001571178436279297,True,16,True,True,True,True
seq_0025,18,64,numeric,1e-06,,7,0.0,0.0,0.0,False,16,False,False,False,False
seq_0025,18,64,numeric,1e-05,,7,0.0,0.0,0.0,False,16,False,False,False,False
seq_0025,18,64,numeric,0.0001,,7,0.0,0.0,0.0,False,16,False,False,False,False
seq_0025,18,64,numeric,0.001,,7,0.0,0.0,0.0,False,16,False,False,False,False
seq_0025,18,64,numeric,0.01,,7,0.000244140625,5.1915645599365234e-05,6.198883056640625e-05,True,16,True,True,True,True
seq_0025,18,64,numeric,0.1,,7,0.0023193359375,0.0004932880401611328,0.0005893707275390625,True,16,True,True,True,True
seq_0025,18,64,bitflip,,sign,7,0.046875,0.009969592094421387,0.011911869049072266,True,16,True,True,True,True
seq_0025,18,64,bitflip,,exponent,7,7.975367974709495e+36,1.6962367714560676e+36,1.751309376414008e+36,True,16,True,True,True,True
seq_0025,18,64,bitflip,,mantissa,7,0.0001220703125,2.5957822799682617e-05,3.0994415283203125e-05,True,16,True,True,True,True
seq_0025,18,256,numeric,1e-06,,7,0.0,0.0,0.0,False,16,False,False,False,False
seq_0025,18,256,numeric,1e-05,,7,0.0,0.0,0.0,False,16,False,False,False,False
seq_0025,18,256,numeric,0.0001,,7,0.0,0.0,0.0,False,16,False,False,False,False
seq_0025,18,256,numeric,0.001,,7,0.0,0.0,0.0,False,16,False,False,False,False
seq_0025,18,256,numeric,0.01,,7,0.03125,0.0032799243927001953,0.008028030395507812,True,16,True,True,True,True
seq_0025,18,256,numeric,0.1,,7,0.328125,0.03444027900695801,0.0842885971069336,True,16,True,True,True,True
seq_0025,18,256,bitflip,,sign,7,6.65625,0.6986477375030518,1.709848403930664,True,16,True,True,True,True
seq_0025,18,256,bitflip,,exponent,7,3.328125,0.34932374954223633,0.854924201965332,True,16,True,True,True,True
seq_0025,18,256,bitflip,,mantissa,7,0.015625,0.0016400814056396484,0.0040130615234375,True,16,True,True,True,True
seq_0026,31,64,numeric,1e-06,,0,0.0,0.0,0.0,False,16,False,False,False,False
seq_0026,31,64,numeric,1e-05,,0,0.0,0.0,0.0,False,16,False,False,False,False
seq_0026,31,64,numeric,0.0001,,0,0.0,0.0,0.0,False,16,False,False,False,False
seq_0026,31,64,numeric,0.001,,0,0.0,0.0,0.0,False,16,False,False,False,False
seq_0026,31,64,numeric,0.01,,0,0.015625,0.0008521080017089844,0.0041217803955078125,True,16,True,True,True,True
seq_0026,31,64,numeric,0.1,,0,0.171875,0.00937652587890625,0.045337677001953125,True,16,True,True,True,True
seq_0026,31,64,bitflip,,sign,0,3.5,0.1909322738647461,0.9232439994812012,True,16,True,True,True,True
seq_0026,31,64,bitflip,,exponent,0,nan,nan,nan,False,16,True,True,True,True
seq_0026,31,64,bitflip,,mantissa,0,0.0078125,0.00042629241943359375,0.0020608901977539062,True,16,True,True,True,True
seq_0026,31,256,numeric,1e-06,,0,0.0,0.0,0.0,False,16,False,False,False,False
seq_0026,31,256,numeric,1e-05,,0,0.0,0.0,0.0,False,16,False,False,False,False
seq_0026,31,256,numeric,0.0001,,0,0.0,0.0,0.0,False,16,False,False,False,False
seq_0026,31,256,numeric,0.001,,0,0.0,0.0,0.0,False,16,False,False,False,False
seq_0026,31,256,numeric,0.01,,0,0.0078125,0.00023317337036132812,0.0014026165008544922,True,16,True,True,True,True
seq_0026,31,256,numeric,0.1,,0,0.078125,0.002333402633666992,0.014026403427124023,True,16,True,True,True,True
seq_0026,31,256,bitflip,,sign,0,1.578125,0.04713153839111328,0.2833346128463745,True,16,True,True,True,True
seq_0026,31,256,bitflip,,exponent,0,2.68504055148553e+38,8.019032833459657e+36,inf,True,16,True,True,True,True
seq_0026,31,256,bitflip,,mantissa,0,0.00390625,0.00011682510375976562,0.0007014274597167969,True,16,True,True,True,True
seq_0027,4,64,numeric,1e-06,,5,0.0,0.0,0.0,False,16,False,False,False,False
seq_0027,4,64,numeric,1e-05,,5,0.0,0.0,0.0,False,16,False,False,False,False
seq_0027,4,64,numeric,0.0001,,5,0.0,0.0,0.0,False,16,False,False,False,False
seq_0027,4,64,numeric,0.001,,5,0.0,0.0,0.0,False,16,False,False,False,False
seq_0027,4,64,numeric,0.01,,5,0.0078125,0.0010897517204284668,0.0025031864643096924,True,16,True,True,True,True
seq_0027,4,64,numeric,0.1,,5,0.06640625,0.00926285982131958,0.02127707004547119,True,16,True,True,True,True
seq_0027,4,64,bitflip,,sign,5,1.3046875,0.18198806047439575,0.2666754722595215,True,16,True,True,True,True
seq_0027,4,64,bitflip,,exponent,5,2.2198107529608095e+38,inf,2.927752389190756e+37,False,16,True,True,True,True
seq_0027,4,64,bitflip,,mantissa,5,0.00390625,0.0005448460578918457,0.0012515932321548462,True,16,True,True,True,True
seq_0027,4,256,numeric,1e-06,,5,0.0,0.0,0.0,False,16,False,False,False,False
seq_0027,4,256,numeric,1e-05,,5,0.0,0.0,0.0,False,16,False,False,False,False
seq_0027,4,256,numeric,0.0001,,5,0.0,0.0,0.0,False,16,False,False,False,False
seq_0027,4,256,numeric,0.001,,5,0.0,0.0,0.0,False,16,False,False,False,False
seq_0027,4,256,numeric,0.01,,5,0.00390625,0.001953125,0.0018668174743652344,False,16,True,True,True,True
seq_0027,4,256,numeric,0.1,,5,0.037109375,0.018552780151367188,0.017733097076416016,False,16,True,True,True,True
seq_0027,4,256,bitflip,,sign,5,0.734375,0.36714839935302734,0.3509211540222168,False,16,True,True,True,True
seq_0027,4,256,bitflip,,exponent,5,1.249474316037821e+38,inf,inf,False,16,True,True,True,True
seq_0027,4,256,bitflip,,mantissa,5,0.001953125,0.0009765625,0.0009331703186035156,False,16,True,True,True,True
seq_0028,18,64,numeric,1e-06,,1,0.0,0.0,0.0,False,16,False,False,False,False
seq_0028,18,64,numeric,1e-05,,1,0.0,0.0,0.0,False,16,False,False,False,False
seq_0028,18,64,numeric,0.0001,,1,0.0,0.0,0.0,False,16,False,False,False,False
seq_0028,18,64,numeric,0.001,,1,0.0,0.0,0.0,False,16,False,False,False,False
seq_0028,18,64,numeric,0.01,,1,6.103515625e-05,1.6689300537109375e-06,8.508563041687012e-06,True,16,False,False,False,False
seq_0028,18,64,numeric,0.1,,1,0.000579833984375,1.6510486602783203e-05,8.083879947662354e-05,True,16,True,True,True,True
seq_0028,18,64,bitflip,,sign,1,0.011474609375,0.0003269314765930176,0.0016005635261535645,True,16,True,True,True,True
seq_0028,18,64,bitflip,,exponent,1,1.9523036188090952e+36,5.561044038740827e+34,3.0872222087969836e+35,True,16,True,True,True,True
seq_0028,18,64,bitflip,,mantissa,1,3.0517578125e-05,8.344650268554688e-07,4.217028617858887e-06,True,16,False,False,False,False
seq_0028,18,256,numeric,1e-06,,1,0.0,0.0,0.0,False,16,False,False,False,False
seq_0028,18,256,numeric,1e-05,,1,0.0,0.0,0.0,False,16,False,False,False,False
seq_0028,18,256,numeric,0.0001,,1,0.0,0.0,0.0,False,16,False,False,False,False
seq_0028,18,256,numeric,0.001,,1,0.0,0.0,0.0,False,16,False,False,False,False
seq_0028,18,256,numeric,0.01,,1,0.005859375,0.0005178451538085938,0.0009307861328125,True,16,True,True,True,True
seq_0028,18,256,numeric,0.1,,1,0.05078125,0.004488468170166016,0.008065223693847656,True,16,True,True,True,True
seq_0028,18,256,bitflip,,sign,1,1.0,0.08838820457458496,0.15882301330566406,True,16,True,True,True,True
seq_0028,18,256,bitflip,,exponent,1,1.7014118346046923e+38,1.503849781562735e+37,2.702229995036673e+37,True,16,True,True,True,True
seq_0028,18,256,bitflip,,mantissa,1,0.00390625,0.00034546852111816406,0.0006203651428222656,True,16,True,True,True,True
seq_0029,31,64,numeric,1e-06,,1,0.0,0.0,0.0,False,16,False,False,False,False
seq_0029,31,64,numeric,1e-05,,1,0.0,0.0,0.0,False,16,False,False,False,False
seq_0029,31,64,numeric,0.0001,,1,0.0,0.0,0.0,False,16,False,False,False,False
seq_0029,31,64,numeric,0.001,,1,0.0,0.0,0.0,False,16,False,False,False,False
seq_0029,31,64,numeric,0.01,,1,0.03125,0.0012569427490234375,0.004099845886230469,True,16,True,True,True,True
seq_0029,31,64,numeric,0.1,,1,0.34375,0.013826370239257812,0.06456518173217773,True,16,True,True,True,True
seq_0029,31,64,bitflip,,sign,1,6.75,0.27151012420654297,0.8856096267700195,True,16,True,True,True,True
seq_0029,31,64,bitflip,,exponent,1,3.375,0.1357555389404297,0.6339106559753418,True,16,True,True,True,True
seq_0029,31,64,bitflip,,mantissa,1,0.015625,0.0006284713745117188,0.0029349327087402344,True,16,True,True,True,True
seq_0029,31,256,numeric,1e-06,,1,0.0,0.0,0.0,False,16,False,False,False,False
seq_0029,31,256,numeric,1e-05,,1,0.0,0.0,0.0,False,16,False,False,False,False
seq_0029,31,256,numeric,0.0001,,1,0.0,0.0,0.0,False,16,False,False,False,False
seq_0029,31,256,numeric,0.001,,1,0.0,0.0,0.0,False,16,False,False,False,False
seq_0029,31,256,numeric,0.01,,1,0.0078125,0.0004477500915527344,0.0007333755493164062,True,16,True,True,True,True
seq_0029,31,256,numeric,0.1,,1,0.078125,0.004477500915527344,0.007336616516113281,True,16,True,True,True,True
seq_0029,31,256,bitflip,,sign,1,1.578125,0.09044933319091797,0.14820575714111328,True,16,True,True,True,True
seq_0029,31,256,bitflip,,exponent,1,2.68504055148553e+38,1.5389127436349278e+37,2.6328385476500595e+37,True,16,True,True,True,True
seq_0029,31,256,bitflip,,mantissa,1,0.00390625,0.00022363662719726562,0.00036716461181640625,True,16,True,True,True,True
seq_0030,4,64,numeric,1e-06,,4,0.0,0.0,0.0,False,16,False,False,False,False
seq_0030,4,64,numeric,1e-05,,4,0.0,0.0,0.0,False,16,False,False,False,False
seq_0030,4,64,numeric,0.0001,,4,0.0,0.0,0.0,False,16,False,False,False,False
seq_0030,4,64,numeric,0.001,,4,0.0,0.0,0.0,False,16,False,False,False,False
seq_0030,4,64,numeric,0.01,,4,0.001953125,0.00018215179443359375,0.0005042552947998047,True,16,True,True,True,True
seq_0030,4,64,numeric,0.1,,4,0.0185546875,0.001729726791381836,0.004791736602783203,True,16,True,True,True,True
seq_0030,4,64,bitflip,,sign,4,0.380859375,0.03550434112548828,0.09836077690124512,True,16,True,True,True,True
seq_0030,4,64,bitflip,,exponent,4,6.479986479451465e+37,6.040778505387989e+36,1.6735193635057025e+37,True,16,True,True,True,True
seq_0030,4,64,bitflip,,mantissa,4,0.0009765625,9.107589721679688e-05,0.0002522468566894531,True,16,True,True,True,True
seq_0030,4,256,numeric,1e-06,,4,0.0,0.0,0.0,False,16,False,False,False,False
seq_0030,4,256,numeric,1e-05,,4,0.0,0.0,0.0,False,16,False,False,False,False
seq_0030,4,256,numeric,0.0001,,4,0.0,0.0,0.0,False,16,False,False,False,False
seq_0030,4,256,numeric,0.001,,4,0.0,0.0,0.0,False,16,False,False,False,False
seq_0030,4,256,numeric,0.01,,4,0.0078125,0.0011761188507080078,0.0021039247512817383,True,16,True,True,True,True
seq_0030,4,256,numeric,0.1,,4,0.08203125,0.01234889030456543,0.02209162712097168,True,16,True,True,True,True
seq_0030,4,256,bitflip,,sign,4,1.640625,0.24697375297546387,0.4418337345123291,True,16,True,True,True,True
seq_0030,4,256,bitflip,,exponent,4,2.7913787911483233e+38,inf,inf,False,16,True,True,True,True
seq_0030,4,256,bitflip,,mantissa,4,0.00390625,0.0005881786346435547,0.0010519027709960938,True,16,True,True,True,True
seq_0031,18,64,numeric,1e-06,,7,0.0,0.0,0.0,False,16,False,False,False,False
seq_0031,18,64,numeric,1e-05,,7,0.0,0.0,0.0,False,16,False,False,False,False
seq_0031,18,64,numeric,0.0001,,7,0.0,0.0,0.0,False,16,False,False,False,False
seq_0031,18,64,numeric,0.001,,7,0.0,0.0,0.0,False,16,False,False,False,False
seq_0031,18,64,numeric,0.01,,7,0.03125,0.001262664794921875,0.007984399795532227,True,16,True,True,True,True
seq_0031,18,64,numeric,0.1,,7,0.234375,0.009467601776123047,0.059882164001464844,True,16,True,True,True,True
seq_0031,18,64,bitflip,,sign,7,4.78125,0.1931447982788086,1.2215980291366577,True,16,True,True,True,True
seq_0031,18,64,bitflip,,exponent,7,2.390625,0.0965723991394043,0.6107990741729736,True,16,True,True,True,True
seq_0031,18,64,bitflip,,mantissa,7,0.015625,0.0006313323974609375,0.003992319107055664,True,16,True,True,True,True
seq_0031,18,256,numeric,1e-06,,7,0.0,0.0,0.0,False,16,False,False,False,False
seq_0031,18,256,numeric,1e-05,,7,0.0,0.0,0.0,False,16,False,False,False,False
seq_0031,18,256,numeric,0.0001,,7,0.0,0.0,0.0,False,16,False,False,False,False
seq_0031,18,256,numeric,0.001,,7,0.0,0.0,0.0,False,16,False,False,False,False
seq_0031,18,256,numeric,0.01,,7,0.001953125,0.00026154518127441406,0.00042057037353515625,True,16,True,True,True,True
seq_0031,18,256,numeric,0.1,,7,0.01953125,0.0026166439056396484,0.004208087921142578,True,16,True,True,True,True
seq_0031,18,256,bitflip,,sign,7,0.39453125,0.052852630615234375,0.08500027656555176,True,16,True,True,True,True
seq_0031,18,256,bitflip,,exponent,7,6.712601378713825e+37,8.99244144696531e+36,2.0395227971770782e+37,True,16,True,True,True,True
seq_0031,18,256,bitflip,,mantissa,7,0.0009765625,0.0001308917999267578,0.00021076202392578125,True,16,True,True,True,True
seq_0032,31,64,numeric,1e-06,,0,0.0,0.0,0.0,False,16,False,False,False,False
seq_0032,31,64,numeric,1e-05,,0,0.0,0.0,0.0,False,16,False,False,False,False
seq_0032,31,64,numeric,0.0001,,0,0.0,0.0,0.0,False,16,False,False,False,False
seq_0032,31,64,numeric,0.001,,0,0.0,0.0,0.0,False,16,False,False,False,False
seq_0032,31,64,numeric,0.01,,0,0.015625,0.0010247230529785156,0.0036468505859375,True,16,True,True,True,True
seq_0032,31,64,numeric,0.1,,0,0.21875,0.014349937438964844,0.0510563850402832,True,16,True,True,True,True
seq_0032,31,64,bitflip,,sign,0,4.46875,0.2931532859802246,1.0430083274841309,True,16,True,True,True,True
seq_0032,31,64,bitflip,,exponent,0,2.234375,0.1465768814086914,0.5215039253234863,True,16,True,True,True,True
seq_0032,31,64,bitflip,,mantissa,0,0.015625,0.0010251998901367188,0.0036468505859375,True,16,True,True,True,True
seq_0032,31,256,numeric,1e-06,,0,0.0,0.0,0.0,False,16,False,False,False,False
seq_0032,31,256,numeric,1e-05,,0,0.0,0.0,0.0,False,16,False,False,False,False
seq_0032,31,256,numeric,0.0001,,0,0.0,0.0,0.0,False,16,False,False,False,False
seq_0032,31,256,numeric,0.001,,0,0.0,0.0,0.0,False,16,False,False,False,False
seq_0032,31,256,numeric,0.01,,0,0.0009765625,6.580352783203125e-05,0.0001316070556640625,True,16,True,True,True,True
seq_0032,31,256,numeric,0.1,,0,0.00830078125,0.000553131103515625,0.001140594482421875,True,16,True,True,True,True
seq_0032,31,256,bitflip,,sign,0,0.1630859375,0.010867118835449219,0.02477550506591797,True,16,True,True,True,True
seq_0032,31,256,bitflip,,exponent,0,2.774763441201012e+37,1.8490059405229973e+36,4.215350549116587e+36,True,16,True,True,True,True
seq_0032,31,256,bitflip,,mantissa,0,0.00048828125,3.1948089599609375e-05,7.390975952148438e-05,True,16,True,True,True,True
seq_0033,4,64,numeric,1e-06,,5,0.0,0.0,0.0,False,16,False,False,False,False
seq_0033,4,64,numeric,1e-05,,5,0.0,0.0,0.0,False,16,False,False,False,False
seq_0033,4,64,numeric,0.0001,,5,0.0,0.0,0.0,False,16,False,False,False,False
seq_0033,4,64,numeric,0.001,,5,0.0,0.0,0.0,False,16,False,False,False,False
seq_0033,4,64,numeric,0.01,,5,0.0078125,0.0011973381042480469,0.0018124580383300781,True,16,True,True,True,True
seq_0033,4,64,numeric,0.1,,5,0.06640625,0.010179996490478516,0.015224218368530273,True,16,True,True,True,True
seq_0033,4,64,bitflip,,sign,5,1.3203125,0.20240211486816406,0.3172788619995117,True,16,True,True,True,True
seq_0033,4,64,bitflip,,exponent,5,2.246395312876508e+38,inf,inf,False,16,True,True,True,True
seq_0033,4,64,bitflip,,mantissa,5,0.00390625,0.000598907470703125,0.00093841552734375,True,16,True,True,True,True
seq_0033,4,256,numeric,1e-06,,5,0.0,0.0,0.0,False,16,False,False,False,False
seq_0033,4,256,numeric,1e-05,,5,0.0,0.0,0.0,False,16,False,False,False,False
seq_0033,4,256,numeric,0.0001,,5,0.0,0.0,0.0,False,16,False,False,False,False
seq_0033,4,256,numeric,0.001,,5,0.0,0.0,0.0,False,16,False,False,False,False
seq_0033,4,256,numeric,0.01,,5,0.005859375,0.0006918907165527344,0.0020875930786132812,True,16,True,True,True,True
seq_0033,4,256,numeric,0.1,,5,0.05078125,0.005996227264404297,0.01809406280517578,True,16,True,True,True,True
seq_0033,4,256,bitflip,,sign,5,0.984375,0.11623620986938477,0.35074806213378906,True,16,True,True,True,True
seq_0033,4,256,bitflip,,exponent,5,1.674827274688994e+38,1.97765789846426e+37,2.8797474750805933e+37,True,16,True,True,True,True
seq_0033,4,256,bitflip,,mantissa,5,0.001953125,0.0002307891845703125,0.0006957054138183594,True,16,True,True,True,True
seq_0034,18,64,numeric,1e-06,,1,0.0,0.0,0.0,False,16,False,False,False,False
seq_0034,18,64,numeric,1e-05,,1,0.0,0.0,0.0,False,16,False,False,False,False
seq_0034,18,64,numeric,0.0001,,1,0.0,0.0,0.0,False,16,False,False,False,False
seq_0034,18,64,numeric,0.001,,1,0.0,0.0,0.0,False,16,False,False,False,False
seq_0034,18,64,numeric,0.01,,1,0.03125,0.013120174407958984,0.012602269649505615,False,16,True,True,True,True
seq_0034,18,64,numeric,0.1,,1,0.4375,0.18368202447891235,0.18368196487426758,False,16,True,True,True,True
seq_0034,18,64,bitflip,,sign,1,8.5,3.5686795711517334,3.5686795711517334,False,16,True,True,True,True
seq_0034,18,64,bitflip,,exponent,1,4.25,1.7843396663665771,1.7843396663665771,False,16,True,True,True,True
seq_0034,18,64,bitflip,,mantissa,1,0.03125,0.013120174407958984,0.012602269649505615,False,16,True,True,True,True
seq_0034,18,256,numeric,1e-06,,1,0.0,0.0,0.0,False,16,False,False,False,False
seq_0034,18,256,numeric,1e-05,,1,0.0,0.0,0.0,False,16,False,False,False,False
seq_0034,18,256,numeric,0.0001,,1,0.0,0.0,0.0,False,16,False,False,False,False
seq_0034,18,256,numeric,0.001,,1,0.0,0.0,0.0,False,16,False,False,False,False
seq_0034,18,256,numeric,0.01,,1,0.015625,0.0034313201904296875,0.004294395446777344,True,16,True,True,True,True
seq_0034,18,256,numeric,0.1,,1,0.140625,0.030879974365234375,0.03864765167236328,True,16,True,True,True,True
seq_0034,18,256,bitflip,,sign,1,2.75,0.6038713455200195,0.7557897567749023,True,16,True,True,True,True
seq_0034,18,256,bitflip,,exponent,1,nan,nan,nan,False,16,True,True,True,True
seq_0034,18,256,bitflip,,mantissa,1,0.0078125,0.00171661376953125,0.0021467208862304688,True,16,True,True,True,True
seq_0035,31,64,numeric,1e-06,,1,0.0,0.0,0.0,False,16,False,False,False,False
seq_0035,31,64,numeric,1e-05,,1,0.0,0.0,0.0,False,16,False,False,False,False
seq_0035,31,64,numeric,0.0001,,1,0.0,0.0,0.0,False,16,False,False,False,False
seq_0035,31,64,numeric,0.001,,1,0.0,0.0,0.0,False,16,False,False,False,False
seq_0035,31,64,numeric,0.01,,1,0.000244140625,2.288818359375e-05,5.53131103515625e-05,True,16,True,True,True,True
seq_0035,31,64,numeric,0.1,,1,0.003662109375,0.00033855438232421875,0.000823974609375,True,16,True,True,True,True
seq_0035,31,64,bitflip,,sign,1,0.07177734375,0.006642341613769531,0.016157150268554688,True,16,True,True,True,True
seq_0035,31,64,bitflip,,exponent,1,1.2212282211273915e+37,1.130021378420638e+36,2.7491563920161616e+36,True,16,True,True,True,True
seq_0035,31,64,bitflip,,mantissa,1,0.000244140625,2.288818359375e-05,5.435943603515625e-05,True,16,True,True,True,True
seq_0035,31,256,numeric,1e-06,,1,0.0,0.0,0.0,False,16,False,False,False,False
seq_0035,31,256,numeric,1e-05,,1,0.0,0.0,0.0,False,16,False,False,False,False
seq_0035,31,256,numeric,0.0001,,1,0.0,0.0,0.0,False,16,False,False,False,False
seq_0035,31,256,numeric,0.001,,1,0.0,0.0,0.0,False,16,False,False,False,False
seq_0035,31,256,numeric,0.01,,1,0.0078125,0.000591278076171875,0.0008792877197265625,True,16,True,True,True,True
seq_0035,31,256,numeric,0.1,,1,0.0859375,0.006497383117675781,0.009258270263671875,True,16,True,True,True,True
seq_0035,31,256,bitflip,,sign,1,1.703125,0.12877845764160156,0.18346691131591797,True,16,True,True,True,True
seq_0035,31,256,bitflip,,exponent,1,2.8977170308111166e+38,2.191064341711482e+37,inf,True,16,True,True,True,True
seq_0035,31,256,bitflip,,mantissa,1,0.00390625,0.0002956390380859375,0.00043964385986328125,True,16,True,True,True,True
seq_0036,4,64,numeric,1e-06,,4,0.0,0.0,0.0,False,16,False,False,False,False
seq_0036,4,64,numeric,1e-05,,4,0.0,0.0,0.0,False,16,False,False,False,False
seq_0036,4,64,numeric,0.0001,,4,0.0,0.0,0.0,False,16,False,False,False,False
seq_0036,4,64,numeric,0.001,,4,0.0,0.0,0.0,False,16,False,False,False,False
seq_0036,4,64,numeric,0.01,,4,0.0078125,0.000960230827331543,0.0017695426940917969,True,16,True,True,True,True
seq_0036,4,64,numeric,0.1,,4,0.09375,0.011523246765136719,0.02123403549194336,True,16,True,True,True,True
seq_0036,4,64,bitflip,,sign,4,1.921875,0.23622703552246094,0.43529486656188965,True,16,True,True,True,True
seq_0036,4,64,bitflip,,exponent,4,3.269900869630893e+38,inf,inf,False,16,True,True,True,True
seq_0036,4,64,bitflip,,mantissa,4,0.00390625,0.0004801750183105469,0.0008847713470458984,True,16,True,True,True,True
seq_0036,4,256,numeric,1e-06,,4,0.0,0.0,0.0,False,16,False,False,False,False
seq_0036,4,256,numeric,1e-05,,4,0.0,0.0,0.0,False,16,False,False,False,False
seq_0036,4,256,numeric,0.0001,,4,0.0,0.0,0.0,False,16,False,False,False,False
seq_0036,4,256,numeric,0.001,,4,0.0,0.0,0.0,False,16,False,False,False,False
seq_0036,4,256,numeric,0.01,,4,0.001953125,0.00029271841049194336,0.00033715367317199707,True,16,True,True,True,True
seq_0036,4,256,numeric,0.1,,4,0.02734375,0.004097402095794678,0.004720449447631836,True,16,True,True,True,True
seq_0036,4,256,bitflip,,sign,4,0.53515625,0.08019089698791504,0.09238588809967041,True,16,True,True,True,True
seq_0036,4,256,bitflip,,exponent,4,9.105211771126674e+37,1.3643782989834644e+37,1.5718644336324404e+37,True,16,True,True,True,True
seq_0036,4,256,bitflip,,mantissa,4,0.001953125,0.00029265880584716797,0.00033718347549438477,True,16,True,True,True,True
seq_0037,18,64,numeric,1e-06,,7,0.0,0.0,0.0,False,16,False,False,False,False
seq_0037,18,64,numeric,1e-05,,7,0.0,0.0,0.0,False,16,False,False,False,False
seq_0037,18,64,numeric,0.0001,,7,0.0,0.0,0.0,False,16,False,False,False,False
seq_0037,18,64,numeric,0.001,,7,0.0,0.0,0.0,False,16,False,False,False,False
seq_0037,18,64,numeric,0.01,,7,0.00048828125,1.9669532775878906e-05,6.708502769470215e-05,True,16,True,True,True,True
seq_0037,18,64,numeric,0.1,,7,0.00439453125,0.00017756223678588867,0.0006038844585418701,True,16,True,True,True,True
seq_0037,18,64,bitflip,,sign,7,0.087890625,0.0035504698753356934,0.01207759976387024,True,16,True,True,True,True
seq_0037,18,64,bitflip,,exponent,7,1.4953814952580304e+37,6.040778584616152e+35,2.0548972756430913e+36,True,16,True,True,True,True
seq_0037,18,64,bitflip,,mantissa,7,0.000244140625,9.834766387939453e-06,3.254413604736328e-05,True,16,False,True,True,True
seq_0037,18,256,numeric,1e-06,,7,0.0,0.0,0.0,False,16,False,False,False,False
seq_0037,18,256,numeric,1e-05,,7,0.0,0.0,0.0,False,16,False,False,False,False
seq_0037,18,256,numeric,0.0001,,7,0.0,0.0,0.0,False,16,False,False,False,False
seq_0037,18,256,numeric,0.001,,7,0.0,0.0,0.0,False,16,False,False,False,False
seq_0037,18,256,numeric,0.01,,7,0.015625,0.002201080322265625,0.004661083221435547,True,16,True,True,True,True
seq_0037,18,256,numeric,0.1,,7,0.171875,0.024211883544921875,0.05127215385437012,True,16,True,True,True,True
seq_0037,18,256,bitflip,,sign,7,3.4375,0.4842371940612793,1.0254433155059814,True,16,True,True,True,True
seq_0037,18,256,bitflip,,exponent,7,nan,nan,nan,False,16,True,True,True,True
seq_0037,18,256,bitflip,,mantissa,7,0.0078125,0.0011005401611328125,0.0023305416107177734,True,16,True,True,True,True
seq_0038,31,64,numeric,1e-06,,0,0.0,0.0,0.0,False,16,False,False,False,False
seq_0038,31,64,numeric,1e-05,,0,0.0,0.0,0.0,False,16,False,False,False,False
seq_0038,31,64,numeric,0.0001,,0,0.0,0.0,0.0,False,16,False,False,False,False
seq_0038,31,64,numeric,0.001,,0,0.0,0.0,0.0,False,16,False,False,False,False
seq_0038,31,64,numeric,0.01,,0,0.00390625,0.0003533363342285156,0.0005340576171875,True,16,True,True,True,True
seq_0038,31,64,numeric,0.1,,0,0.05078125,0.004593849182128906,0.006943225860595703,True,16,True,True,True,True
seq_0038,31,64,bitflip,,sign,0,1.0234375,0.09257984161376953,0.13993024826049805,True,16,True,True,True,True
seq_0038,31,64,bitflip,,exponent,0,1.7412886744782398e+38,1.5751688184520554e+37,2.3807895505657203e+37,True,16,True,True,True,True
seq_0038,31,64,bitflip,,mantissa,0,0.00390625,0.0003533363342285156,0.0005340576171875,True,16,True,True,True,True
seq_0038,31,256,numeric,1e-06,,0,0.0,0.0,0.0,False,16,False,False,False,False
seq_0038,31,256,numeric,1e-05,,0,0.0,0.0,0.0,False,16,False,False,False,False
seq_0038,31,256,numeric,0.0001,,0,0.0,0.0,0.0,False,16,False,False,False,False
seq_0038,31,256,numeric,0.001,,0,0.0,0.0,0.0,False,16,False,False,False,False
seq_0038,31,256,numeric,0.01,,0,0.00390625,0.0001125335693359375,0.0006747245788574219,True,16,True,True,True,True
seq_0038,31,256,numeric,0.1,,0,0.05078125,0.0014638900756835938,0.008766651153564453,True,16,True,True,True,True
seq_0038,31,256,bitflip,,sign,0,0.9921875,0.028604507446289062,0.17128467559814453,True,16,True,True,True,True
seq_0038,31,256,bitflip,,exponent,0,1.6881195546468432e+38,4.866813622769627e+36,inf,True,16,True,True,True,True
seq_0038,31,256,bitflip,,mantissa,0,0.001953125,5.6743621826171875e-05,0.0003371238708496094,True,16,True,True,True,True
seq_0039,4,64,numeric,1e-06,,5,0.0,0.0,0.0,False,16,False,False,False,False
seq_0039,4,64,numeric,1e-05,,5,0.0,0.0,0.0,False,16,False,False,False,False
seq_0039,4,64,numeric,0.0001,,5,0.0,0.0,0.0,False,16,False,False,False,False
seq_0039,4,64,numeric,0.001,,5,0.0,0.0,0.0,False,16,False,False,False,False
seq_0039,4,64,numeric,0.01,,5,0.015625,0.0010142326354980469,0.002826690673828125,True,16,True,True,True,True
seq_0039,4,64,numeric,0.1,,5,0.203125,0.013184905052185059,0.03674936294555664,True,16,True,True,True,True
seq_0039,4,64,bitflip,,sign,5,4.03125,0.2616691589355469,0.7293334007263184,True,16,True,True,True,True
seq_0039,4,64,bitflip,,exponent,5,2.015625,0.13083457946777344,0.3646667003631592,True,16,True,True,True,True
seq_0039,4,64,bitflip,,mantissa,5,0.015625,0.0010142326354980469,0.0028269290924072266,True,16,True,True,True,True
seq_0039,4,256,numeric,1e-06,,5,0.0,0.0,0.0,False,16,False,False,False,False
seq_0039,4,256,numeric,1e-05,,5,0.0,0.0,0.0,False,16,False,False,False,False
seq_0039,4,256,numeric,0.0001,,5,0.0,0.0,0.0,False,16,False,False,False,False
seq_0039,4,256,numeric,0.001,,5,0.0,0.0,0.0,False,16,False,False,False,False
seq_0039,4,256,numeric,0.01,,5,0.015625,0.0017156600952148438,0.0037114620208740234,True,16,True,True,True,True
seq_0039,4,256,numeric,0.1,,5,0.125,0.013724327087402344,0.029692888259887695,True,16,True,True,True,True
seq_0039,4,256,bitflip,,sign,5,2.546875,0.279632568359375,0.6049940586090088,True,16,True,True,True,True
seq_0039,4,256,bitflip,,exponent,5,nan,nan,nan,False,16,True,True,True,True
seq_0039,4,256,bitflip,,mantissa,5,0.0078125,0.0008573532104492188,0.0018558502197265625,True,16,True,True,True,True
seq_0040,18,64,numeric,1e-06,,1,0.0,0.0,0.0,False,16,False,False,False,False
seq_0040,18,64,numeric,1e-05,,1,0.0,0.0,0.0,False,16,False,False,False,False
seq_0040,18,64,numeric,0.0001,,1,0.0,0.0,0.0,False,16,False,False,False,False
seq_0040,18,64,numeric,0.001,,1,0.0,0.0,0.0,False,16,False,False,False,False
seq_0040,18,64,numeric,0.01,,1,0.00390625,0.0006394386291503906,0.0010037422180175781,True,16,True,True,True,True
seq_0040,18,64,numeric,0.1,,1,0.05859375,0.009589195251464844,0.011167287826538086,True,16,True,True,True,True
seq_0040,18,64,bitflip,,sign,1,1.1484375,0.18794918060302734,0.29500865936279297,True,16,True,True,True,True
seq_0040,18,64,bitflip,,exponent,1,1.9539651538038263e+38,inf,2.536645163622821e+37,False,16,True,True,True,True
seq_0040,18,64,bitflip,,mantissa,1,0.00390625,0.0006392002105712891,0.0007445812225341797,True,16,True,True,True,True
seq_0040,18,256,numeric,1e-06,,1,0.0,0.0,0.0,False,16,False,False,False,False
seq_0040,18,256,numeric,1e-05,,1,0.0,0.0,0.0,False,16,False,False,False,False
seq_0040,18,256,numeric,0.0001,,1,0.0,0.0,0.0,False,16,False,False,False,False
seq_0040,18,256,numeric,0.001,,1,0.0,0.0,0.0,False,16,False,False,False,False
seq_0040,18,256,numeric,0.01,,1,0.0078125,0.001758575439453125,0.0018663406372070312,True,16,True,True,True,True
seq_0040,18,256,numeric,0.1,,1,0.06640625,0.014948844909667969,0.01586627960205078,True,16,True,True,True,True
seq_0040,18,256,bitflip,,sign,1,1.3515625,0.30425548553466797,0.3229217529296875,True,16,True,True,True,True
seq_0040,18,256,bitflip,,exponent,1,2.2995644327079045e+38,inf,inf,False,16,True,True,True,True
seq_0040,18,256,bitflip,,mantissa,1,0.00390625,0.0008792877197265625,0.0009336471557617188,True,16,True,True,True,True
seq_0041,31,64,numeric,1e-06,,1,0.0,0.0,0.0,False,16,False,False,False,False
seq_0041,31,64,numeric,1e-05,,1,0.0,0.0,0.0,False,16,False,False,False,False
seq_0041,31,64,numeric,0.0001,,1,0.0,0.0,0.0,False,16,False,False,False,False
seq_0041,31,64,numeric,0.001,,1,0.0,0.0,0.0,False,16,False,False,False,False
seq_0041,31,64,numeric,0.01,,1,0.015625,0.002330780029296875,0.0033445358276367188,True,16,True,True,True,True
seq_0041,31,64,numeric,0.1,,1,0.1171875,0.01747894287109375,0.02508544921875,True,16,True,True,True,True
seq_0041,31,64,bitflip,,sign,1,2.421875,0.3612356185913086,0.5184402465820312,True,16,True,True,True,True
seq_0041,31,64,bitflip,,exponent,1,nan,nan,nan,False,16,True,True,True,True
seq_0041,31,64,bitflip,,mantissa,1,0.0078125,0.0011653900146484375,0.0016727447509765625,True,16,True,True,True,True
seq_0041,31,256,numeric,1e-06,,1,0.0,0.0,0.0,False,16,False,False,False,False
seq_0041,31,256,numeric,1e-05,,1,0.0,0.0,0.0,False,16,False,False,False,False
seq_0041,31,256,numeric,0.0001,,1,0.0,0.0,0.0,False,16,False,False,False,False
seq_0041,31,256,numeric,0.001,,1,0.0,0.0,0.0,False,16,False,False,False,False
seq_0041,31,256,numeric,0.01,,1,0.0625,0.004337787628173828,0.022960662841796875,True,16,True,True,True,True
seq_0041,31,256,numeric,0.1,,1,0.625,0.04337453842163086,0.22960281372070312,True,16,True,True,True,True
seq_0041,31,256,bitflip,,sign,1,12.75,0.8848328590393066,4.683891773223877,True,16,True,True,True,True
seq_0041,31,256,bitflip,,exponent,1,6.375,0.4424161911010742,2.3419456481933594,True,16,True,True,True,True
seq_0041,31,256,bitflip,,mantissa,1,0.03125,0.0021691322326660156,0.011480331420898438,True,16,True,True,True,True
seq_0042,4,64,numeric,1e-06,,4,0.0,0.0,0.0,False,16,False,False,False,False
seq_0042,4,64,numeric,1e-05,,4,0.0,0.0,0.0,False,16,False,False,False,False
seq_0042,4,64,numeric,0.0001,,4,0.0,0.0,0.0,False,16,False,False,False,False
seq_0042,4,64,numeric,0.001,,4,0.0,0.0,0.0,False,16,False,False,False,False
seq_0042,4,64,numeric,0.01,,4,0.015625,0.0022766590118408203,0.00274050235748291,True,16,True,True,True,True
seq_0042,4,64,numeric,0.1,,4,0.1328125,0.01935124397277832,0.023294806480407715,True,16,True,True,True,True
seq_0042,4,64,bitflip,,sign,4,2.6875,0.3915759325027466,0.4713757038116455,True,16,True,True,True,True
seq_0042,4,64,bitflip,,exponent,4,nan,nan,nan,False,16,True,True,True,True
seq_0042,4,64,bitflip,,mantissa,4,0.0078125,0.0011383295059204102,0.0013703107833862305,True,16,True,True,True,True
seq_0042,4,256,numeric,1e-06,,4,0.0,0.0,0.0,False,16,False,False,False,False
seq_0042,4,256,numeric,1e-05,,4,0.0,0.0,0.0,False,16,False,False,False,False
seq_0042,4,256,numeric,0.0001,,4,0.0,0.0,0.0,False,16,False,False,False,False
seq_0042,4,256,numeric,0.001,,4,0.0,0.0,0.0,False,16,False,False,False,False
seq_0042,4,256,numeric,0.01,,4,0.00390625,0.000911712646484375,0.001132965087890625,True,16,True,True,True,True
seq_0042,4,256,numeric,0.1,,4,0.037109375,0.008661270141601562,0.010762691497802734,True,16,True,True,True,True
seq_0042,4,256,bitflip,,sign,4,0.75,0.17505037784576416,0.21751809120178223,True,16,True,True,True,True
seq_0042,4,256,bitflip,,exponent,4,1.2760588759535192e+38,2.978327591657942e+37,inf,True,16,True,True,True,True
seq_0042,4,256,bitflip,,mantissa,4,0.001953125,0.0004558563232421875,0.0006959438323974609,True,16,True,True,True,True
seq_0043,18,64,numeric,1e-06,,7,0.0,0.0,0.0,False,16,False,False,False,False
seq_0043,18,64,numeric,1e-05,,7,0.0,0.0,0.0,False,16,False,False,False,False
seq_0043,18,64,numeric,0.0001,,7,0.0,0.0,0.0,False,16,False,False,False,False
seq_0043,18,64,numeric,0.001,,7,0.0,0.0,0.0,False,16,False,False,False,False
seq_0043,18,64,numeric,0.01,,7,0.00390625,0.00021982192993164062,0.0006260871887207031,True,16,True,True,True,True
seq_0043,18,64,numeric,0.1,,7,0.037109375,0.0020880699157714844,0.0059452056884765625,True,16,True,True,True,True
seq_0043,18,64,bitflip,,sign,7,0.73046875,0.04111003875732422,0.11702394485473633,True,16,True,True,True,True
seq_0043,18,64,bitflip,,exponent,7,1.2428281760588963e+38,6.99445296817459e+36,1.9910588667845727e+37,True,16,True,True,True,True
seq_0043,18,64,bitflip,,mantissa,7,0.001953125,0.00010919570922851562,0.00031280517578125,True,16,True,True,True,True
seq_0043,18,256,numeric,1e-06,,7,0.0,0.0,0.0,False,16,False,False,False,False
seq_0043,18,256,numeric,1e-05,,7,0.0,0.0,0.0,False,16,False,False,False,False
seq_0043,18,256,numeric,0.0001,,7,0.0,0.0,0.0,False,16,False,False,False,False
seq_0043,18,256,numeric,0.001,,7,0.0,0.0,0.0,False,16,False,False,False,False
seq_0043,18,256,numeric,0.01,,7,0.015625,0.0029778480529785156,0.004208087921142578,True,16,True,True,True,True
seq_0043,18,256,numeric,0.1,,7,0.1875,0.035735130310058594,0.050495147705078125,True,16,True,True,True,True
seq_0043,18,256,bitflip,,sign,7,3.6875,0.7027907371520996,0.9930741786956787,True,16,True,True,True,True
seq_0043,18,256,bitflip,,exponent,7,nan,nan,nan,False,16,True,True,True,True
seq_0043,18,256,bitflip,,mantissa,7,0.0078125,0.0014891624450683594,0.0021038055419921875,True,16,True,True,True,True
seq_0044,31,64,numeric,1e-06,,0,0.0,0.0,0.0,False,16,False,False,False,False
seq_0044,31,64,numeric,1e-05,,0,0.0,0.0,0.0,False,16,False,False,False,False
seq_0044,31,64,numeric,0.0001,,0,0.0,0.0,0.0,False,16,False,False,False,False
seq_0044,31,64,numeric,0.001,,0,0.0,0.0,0.0,False,16,False,False,False,False
seq_0044,31,64,numeric,0.01,,0,0.0625,0.0076389312744140625,0.013120174407958984,True,16,True,True,True,True
seq_0044,31,64,numeric,0.1,,0,0.46875,0.057292938232421875,0.09840154647827148,True,16,True,True,True,True
seq_0044,31,64,bitflip,,sign,0,9.5625,1.168771743774414,2.007382392883301,True,16,True,True,True,True
seq_0044,31,64,bitflip,,exponent,0,4.78125,0.584385871887207,1.0036911964416504,True,16,True,True,True,True
seq_0044,31,64,bitflip,,mantissa,0,0.03125,0.0038194656372070312,0.006560325622558594,True,16,True,True,True,True
seq_0044,31,256,numeric,1e-06,,0,0.0,0.0,0.0,False,16,False,False,False,False
seq_0044,31,256,numeric,1e-05,,0,0.0,0.0,0.0,False,16,False,False,False,False
seq_0044,31,256,numeric,0.0001,,0,0.0,0.0,0.0,False,16,False,False,False,False
seq_0044,31,256,numeric,0.001,,0,0.0,0.0,0.0,False,16,False,False,False,False
seq_0044,31,256,numeric,0.01,,0,0.0078125,0.0009062290191650391,0.0017910003662109375,True,16,True,True,True,True
seq_0044,31,256,numeric,0.1,,0,0.09375,0.010875701904296875,0.021492958068847656,True,16,True,True,True,True
seq_0044,31,256,bitflip,,sign,0,1.8828125,0.21842420101165771,0.43164873123168945,True,16,True,True,True,True
seq_0044,31,256,bitflip,,exponent,0,3.2034394698416473e+38,inf,inf,False,16,True,True,True,True
seq_0044,31,256,bitflip,,mantissa,0,0.00390625,0.00045299530029296875,0.0008955001831054688,True,16,True,True,True,True
seq_0045,4,64,numeric,1e-06,,5,0.0,0.0,0.0,False,16,False,False,False,False
seq_0045,4,64,numeric,1e-05,,5,0.0,0.0,0.0,False,16,False,False,False,False
seq_0045,4,64,numeric,0.0001,,5,0.0,0.0,0.0,False,16,False,False,False,False
seq_0045,4,64,numeric,0.001,,5,0.0,0.0,0.0,False,16,False,False,False,False
seq_0045,4,64,numeric,0.01,,5,0.00390625,0.00024139881134033203,0.0004856586456298828,True,16,True,True,True,True
seq_0045,4,64,numeric,0.1,,5,0.04296875,0.002655625343322754,0.0053408145904541016,True,16,True,True,True,True
seq_0045,4,64,bitflip,,sign,5,0.84375,0.052146077156066895,0.10487484931945801,True,16,True,True,True,True
seq_0045,4,64,bitflip,,exponent,5,1.4355662354477091e+38,8.872199716931262e+36,1.7843529710800371e+37,True,16,True,True,True,True
seq_0045,4,64,bitflip,,mantissa,5,0.001953125,0.0001207590103149414,0.00024271011352539062,True,16,True,True,True,True
seq_0045,4,256,numeric,1e-06,,5,0.0,0.0,0.0,False,16,False,False,False,False
seq_0045,4,256,numeric,1e-05,,5,0.0,0.0,0.0,False,16,False,False,False,False
seq_0045,4,256,numeric,0.0001,,5,0.0,0.0,0.0,False,16,False,False,False,False
seq_0045,4,256,numeric,0.001,,5,0.0,0.0,0.0,False,16,False,False,False,False
seq_0045,4,256,numeric,0.01,,5,0.000244140625,1.33514404296875e-05,5.1975250244140625e-05,True,16,False,False,True,True
seq_0045,4,256,numeric,0.1,,5,0.0025634765625,0.00014448165893554688,0.0005414485931396484,True,16,True,True,True,True
seq_0045,4,256,bitflip,,sign,5,0.05078125,0.002857685089111328,0.010730266571044922,True,16,True,True,True,True
seq_0045,4,256,bitflip,,exponent,5,8.639981972601953e+36,4.86245377621463e+35,1.8256574010300436e+36,True,16,True,True,True,True
seq_0045,4,256,bitflip,,mantissa,5,0.0001220703125,6.67572021484375e-06,2.5510787963867188e-05,True,16,False,False,True,True
seq_0046,18,64,numeric,1e-06,,1,0.0,0.0,0.0,False,16,False,False,False,False
seq_0046,18,64,numeric,1e-05,,1,0.0,0.0,0.0,False,16,False,False,False,False
seq_0046,18,64,numeric,0.0001,,1,0.0,0.0,0.0,False,16,False,False,False,False
seq_0046,18,64,numeric,0.001,,1,0.0,0.0,0.0,False,16,False,False,False,False
seq_0046,18,64,numeric,0.01,,1,3.814697265625e-06,3.5762786865234375e-07,4.76837158203125e-07,True,16,False,False,False,False
seq_0046,18,64,numeric,0.1,,1,4.9591064453125e-05,4.172325134277344e-06,5.185604095458984e-06,True,16,False,False,False,False
seq_0046,18,64,bitflip,,sign,1,0.0009765625,8.225440979003906e-05,0.0001004934310913086,True,16,True,True,True,True
seq_0046,18,64,bitflip,,exponent,1,1.661534994731145e+35,1.3997625708687338e+34,1.7554398277279656e+34,True,16,True,True,True,True
seq_0046,18,64,bitflip,,mantissa,1,3.814697265625e-06,3.5762786865234375e-07,4.76837158203125e-07,True,16,False,False,False,False
seq_0046,18,256,numeric,1e-06,,1,0.0,0.0,0.0,False,16,False,False,False,False
seq_0046,18,256,numeric,1e-05,,1,0.0,0.0,0.0,False,16,False,False,False,False
seq_0046,18,256,numeric,0.0001,,1,0.0,0.0,0.0,False,16,False,False,False,False
seq_0046,18,256,numeric,0.001,,1,0.0,0.0,0.0,False,16,False,False,False,False
seq_0046,18,256,numeric,0.01,,1,0.00390625,0.0005340576171875,0.0014238357543945312,True,16,True,True,True,True
seq_0046,18,256,numeric,0.1,,1,0.052734375,0.007210254669189453,0.019227027893066406,True,16,True,True,True,True
seq_0046,18,256,bitflip,,sign,1,1.0625,0.14527130126953125,0.38739013671875,True,16,True,True,True,True
seq_0046,18,256,bitflip,,exponent,1,1.8077500742674856e+38,2.4716593091322406e+37,2.3093787357729434e+37,False,16,True,True,True,True
seq_0046,18,256,bitflip,,mantissa,1,0.00390625,0.0005340576171875,0.0014238357543945312,True,16,True,True,True,True
seq_0047,31,64,numeric,1e-06,,1,0.0,0.0,0.0,False,16,False,False,False,False
seq_0047,31,64,numeric,1e-05,,1,0.0,0.0,0.0,False,16,False,False,False,False
seq_0047,31,64,numeric,0.0001,,1,0.0,0.0,0.0,False,16,False,False,False,False
seq_0047,31,64,numeric,0.001,,1,0.0,0.0,0.0,False,16,False,False,False,False
seq_0047,31,64,numeric,0.01,,1,0.015625,0.0013380050659179688,0.0022225379943847656,True,16,True,True,True,True
seq_0047,31,64,numeric,0.1,,1,0.140625,0.012041330337524414,0.020003795623779297,True,16,True,True,True,True
seq_0047,31,64,bitflip,,sign,1,2.796875,0.2394857406616211,0.3978555202484131,True,16,True,True,True,True
seq_0047,31,64,bitflip,,exponent,1,nan,nan,nan,False,16,True,True,True,True
seq_0047,31,64,bitflip,,mantissa,1,0.0078125,0.0006690025329589844,0.0011112689971923828,True,16,True,True,True,True
seq_0047,31,256,numeric,1e-06,,1,0.0,0.0,0.0,False,16,False,False,False,False
seq_0047,31,256,numeric,1e-05,,1,0.0,0.0,0.0,False,16,False,False,False,False
seq_0047,31,256,numeric,0.0001,,1,0.0,0.0,0.0,False,16,False,False,False,False
seq_0047,31,256,numeric,0.001,,1,0.0,0.0,0.0,False,16,False,False,False,False
seq_0047,31,256,numeric,0.01,,1,0.00390625,0.0001544952392578125,0.000423431396484375,True,16,True,True,True,True
seq_0047,31,256,numeric,0.1,,1,0.044921875,0.0017824172973632812,0.004870414733886719,True,16,True,True,True,True
seq_0047,31,256,bitflip,,sign,1,0.92578125,0.036759376525878906,0.10036754608154297,True,16,True,True,True,True
seq_0047,31,256,bitflip,,exponent,1,1.5751351750051253e+38,6.254184948635211e+36,1.70766441977827e+37,True,16,True,True,True,True
seq_0047,31,256,bitflip,,mantissa,1,0.001953125,7.82012939453125e-05,0.0002117156982421875,True,16,True,True,True,True
seq_0048,4,64,numeric,1e-06,,4,0.0,0.0,0.0,False,16,False,False,False,False
seq_0048,4,64,numeric,1e-05,,4,0.0,0.0,0.0,False,16,False,False,False,False
seq_0048,4,64,numeric,0.0001,,4,0.0,0.0,0.0,False,16,False,False,False,False
seq_0048,4,64,numeric,0.001,,4,0.0,0.0,0.0,False,16,False,False,False,False
seq_0048,4,64,numeric,0.01,,4,0.0078125,0.004596233367919922,0.006171703338623047,True,16,True,True,True,True
seq_0048,4,64,numeric,0.1,,4,0.0859375,0.05055999755859375,0.06788825988769531,True,16,True,True,True,True
seq_0048,4,64,bitflip,,sign,4,1.6875,0.9928150177001953,1.333076000213623,True,16,True,True,True,True
seq_0048,4,64,bitflip,,exponent,4,2.8711324708954183e+38,inf,inf,False,16,True,True,True,True
seq_0048,4,64,bitflip,,mantissa,4,0.00390625,0.0022983551025390625,0.003086090087890625,True,16,True,True,True,True
seq_0048,4,256,numeric,1e-06,,4,0.0,0.0,0.0,False,16,False,False,False,False
seq_0048,4,256,numeric,1e-05,,4,0.0,0.0,0.0,False,16,False,False,False,False
seq_0048,4,256,numeric,0.0001,,4,0.0,0.0,0.0,False,16,False,False,False,False
seq_0048,4,256,numeric,0.001,,4,0.0,0.0,0.0,False,16,False,False,False,False
seq_0048,4,256,numeric,0.01,,4,0.0078125,0.0008792877197265625,0.0020500123500823975,True,16,True,True,True,True
seq_0048,4,256,numeric,0.1,,4,0.07421875,0.008353948593139648,0.019475221633911133,True,16,True,True,True,True
seq_0048,4,256,bitflip,,sign,4,1.46875,0.16531801223754883,0.3854042589664459,True,16,True,True,True,True
seq_0048,4,256,bitflip,,exponent,4,2.498948632075642e+38,2.8127425067139697e+37,inf,True,16,True,True,True,True
seq_0048,4,256,bitflip,,mantissa,4,0.00390625,0.0004398822784423828,0.0010250210762023926,True,16,True,True,True,True
seq_0049,18,64,numeric,1e-06,,7,0.0,0.0,0.0,False,16,False,False,False,False
seq_0049,18,64,numeric,1e-05,,7,0.0,0.0,0.0,False,16,False,False,False,False
seq_0049,18,64,numeric,0.0001,,7,0.0,0.0,0.0,False,16,False,False,False,False
seq_0049,18,64,numeric,0.001,,7,0.0,0.0,0.0,False,16,False,False,False,False
seq_0049,18,64,numeric,0.01,,7,0.0029296875,0.00011539459228515625,0.00041294097900390625,True,16,True,True,True,True
seq_0049,18,64,numeric,0.1,,7,0.0244140625,0.0009608268737792969,0.0034389495849609375,True,16,True,True,True,True
seq_0049,18,64,bitflip,,sign,7,0.494140625,0.019449710845947266,0.06960916519165039,True,16,True,True,True,True
seq_0049,18,64,bitflip,,exponent,7,8.407367073339593e+37,3.309176221971138e+36,1.2888370982399638e+37,True,16,True,True,True,True
seq_0049,18,64,bitflip,,mantissa,7,0.0009765625,3.838539123535156e-05,0.00013780593872070312,True,16,True,True,True,True
seq_0049,18,256,numeric,1e-06,,7,0.0,0.0,0.0,False,16,False,False,False,False
seq_0049,18,256,numeric,1e-05,,7,0.0,0.0,0.0,False,16,False,False,False,False
seq_0049,18,256,numeric,0.0001,,7,0.0,0.0,0.0,False,16,False,False,False,False
seq_0049,18,256,numeric,0.001,,7,0.0,0.0,0.0,False,16,False,False,False,False
seq_0049,18,256,numeric,0.01,,7,0.0078125,0.0013594627380371094,0.002319812774658203,True,16,True,True,True,True
seq_0049,18,256,numeric,0.1,,7,0.08203125,0.01427459716796875,0.02435755729675293,True,16,True,True,True,True
seq_0049,18,256,bitflip,,sign,7,1.6796875,0.2922900915145874,0.498748779296875,True,16,True,True,True,True
seq_0049,18,256,bitflip,,exponent,7,2.857840190937569e+38,inf,inf,False,16,True,True,True,True
seq_0049,18,256,bitflip,,mantissa,7,0.00390625,0.0006797313690185547,0.0011599063873291016,True,16,True,True,True,True
seq_0050,31,64,numeric,1e-06,,0,0.0,0.0,0.0,False,16,False,False,False,False
seq_0050,31,64,numeric,1e-05,,0,0.0,0.0,0.0,False,16,False,False,False,False
seq_0050,31,64,numeric,0.0001,,0,0.0,0.0,0.0,False,16,False,False,False,False
seq_0050,31,64,numeric,0.001,,0,0.0,0.0,0.0,False,16,False,False,False,False
seq_0050,31,64,numeric,0.01,,0,0.015625,0.0019636154174804688,0.003582477569580078,True,16,True,True,True,True
seq_0050,31,64,numeric,0.1,,0,0.140625,0.017673492431640625,0.03223896026611328,True,16,True,True,True,True
seq_0050,31,64,bitflip,,sign,0,2.828125,0.35543107986450195,0.6483688354492188,True,16,True,True,True,True
seq_0050,31,64,bitflip,,exponent,0,nan,nan,nan,False,16,True,True,True,True
seq_0050,31,64,bitflip,,mantissa,0,0.0078125,0.0009818077087402344,0.0017914772033691406,True,16,True,True,True,True
seq_0050,31,256,numeric,1e-06,,0,0.0,0.0,0.0,False,16,False,False,False,False
seq_0050,31,256,numeric,1e-05,,0,0.0,0.0,0.0,False,16,False,False,False,False
seq_0050,31,256,numeric,0.0001,,0,0.0,0.0,0.0,False,16,False,False,False,False
seq_0050,31,256,numeric,0.001,,0,0.0,0.0,0.0,False,16,False,False,False,False
seq_0050,31,256,numeric,0.01,,0,0.0009765625,0.00011992454528808594,0.0002498626708984375,True,16,True,True,True,True
seq_0050,31,256,numeric,0.1,,0,0.013671875,0.001680612564086914,0.0034928321838378906,True,16,True,True,True,True
seq_0050,31,256,bitflip,,sign,0,0.27734375,0.03408980369567871,0.07086038589477539,True,16,True,True,True,True
seq_0050,31,256,bitflip,,exponent,0,4.718759385036451e+37,5.800064966735951e+36,1.2056315552024234e+37,True,16,True,True,True,True
seq_0050,31,256,bitflip,,mantissa,0,0.0009765625,0.00011992454528808594,0.0002498626708984375,True,16,True,True,True,True
seq_0051,4,64,numeric,1e-06,,5,0.0,0.0,0.0,False,16,False,False,False,False
seq_0051,4,64,numeric,1e-05,,5,0.0,0.0,0.0,False,16,False,False,False,False
seq_0051,4,64,numeric,0.0001,,5,0.0,0.0,0.0,False,16,False,False,False,False
seq_0051,4,64,numeric,0.001,,5,0.0,0.0,0.0,False,16,False,False,False,False
seq_0051,4,64,numeric,0.01,,5,0.015625,0.005157351493835449,0.006042152643203735,True,16,True,True,True,True
seq_0051,4,64,numeric,0.1,,5,0.21875,0.0722038745880127,0.08761151134967804,True,16,True,True,True,True
seq_0051,4,64,bitflip,,sign,5,4.46875,1.475023865699768,1.7280610799789429,True,16,True,True,True,True
seq_0051,4,64,bitflip,,exponent,5,2.234375,0.7375120520591736,0.8948888778686523,True,16,True,True,True,True
seq_0051,4,64,bitflip,,mantissa,5,0.015625,0.005157470703125,0.006257951259613037,True,16,True,True,True,True
seq_0051,4,256,numeric,1e-06,,5,0.0,0.0,0.0,False,16,False,False,False,False
seq_0051,4,256,numeric,1e-05,,5,0.0,0.0,0.0,False,16,False,False,False,False
seq_0051,4,256,numeric,0.0001,,5,0.0,0.0,0.0,False,16,False,False,False,False
seq_0051,4,256,numeric,0.001,,5,0.0,0.0,0.0,False,16,False,False,False,False
seq_0051,4,256,numeric,0.01,,5,0.001953125,0.0004909634590148926,0.0005395412445068359,True,16,True,True,True,True
seq_0051,4,256,numeric,0.1,,5,0.01953125,0.0049092769622802734,0.0053948163986206055,True,16,True,True,True,True
seq_0051,4,256,bitflip,,sign,5,0.3984375,0.10014903545379639,0.1100538969039917,True,16,True,True,True,True
seq_0051,4,256,bitflip,,exponent,5,6.779062778503071e+37,1.7039470343931008e+37,1.8724692657778017e+37,True,16,True,True,True,True
seq_0051,4,256,bitflip,,mantissa,5,0.0009765625,0.0002454519271850586,0.00026977062225341797,True,16,True,True,True,True
seq_0052,18,64,numeric,1e-06,,1,0.0,0.0,0.0,False,16,False,False,False,False
seq_0052,18,64,numeric,1e-05,,1,0.0,0.0,0.0,False,16,False,False,False,False
seq_0052,18,64,numeric,0.0001,,1,0.0,0.0,0.0,False,16,False,False,False,False
seq_0052,18,64,numeric,0.001,,1,0.0,0.0,0.0,False,16,False,False,False,False
seq_0052,18,64,numeric,0.01,,1,0.03125,0.004315853118896484,0.004618167877197266,True,16,True,True,True,True
seq_0052,18,64,numeric,0.1,,1,0.234375,0.03236865997314453,0.03463459014892578,True,16,True,True,True,True
seq_0052,18,64,bitflip,,sign,1,4.75,0.6560072898864746,0.7019286155700684,True,16,True,True,True,True
seq_0052,18,64,bitflip,,exponent,1,2.375,0.3280038833618164,0.3509640693664551,True,16,True,True,True,True
seq_0052,18,64,bitflip,,mantissa,1,0.015625,0.0021576881408691406,0.0023088455200195312,True,16,True,True,True,True
seq_0052,18,256,numeric,1e-06,,1,0.0,0.0,0.0,False,16,False,False,False,False
seq_0052,18,256,numeric,1e-05,,1,0.0,0.0,0.0,False,16,False,False,False,False
seq_0052,18,256,numeric,0.0001,,1,0.0,0.0,0.0,False,16,False,False,False,False
seq_0052,18,256,numeric,0.001,,1,0.0,0.0,0.0,False,16,False,False,False,False
seq_0052,18,256,numeric,0.01,,1,0.03125,0.005826473236083984,0.008717894554138184,True,16,True,True,True,True
seq_0052,18,256,numeric,0.1,,1,0.265625,0.04952430725097656,0.07410287857055664,True,16,True,True,True,True
seq_0052,18,256,bitflip,,sign,1,5.1875,0.9671792984008789,1.4471862316131592,True,16,True,True,True,True
seq_0052,18,256,bitflip,,exponent,1,2.59375,0.48358964920043945,0.7235932350158691,True,16,True,True,True,True
seq_0052,18,256,bitflip,,mantissa,1,0.015625,0.0029129981994628906,0.004359006881713867,True,16,True,True,True,True
seq_0053,31,64,numeric,1e-06,,1,0.0,0.0,0.0,False,16,False,False,False,False
seq_0053,31,64,numeric,1e-05,,1,0.0,0.0,0.0,False,16,False,False,False,False
seq_0053,31,64,numeric,0.0001,,1,0.0,0.0,0.0,False,16,False,False,False,False
seq_0053,31,64,numeric,0.001,,1,0.0,0.0,0.0,False,16,False,False,False,False
seq_0053,31,64,numeric,0.01,,1,0.0078125,0.00027179718017578125,0.0007390975952148438,True,16,True,True,True,True
seq_0053,31,64,numeric,0.1,,1,0.08203125,0.00284576416015625,0.007760047912597656,True,16,True,True,True,True
seq_0053,31,64,bitflip,,sign,1,1.65625,0.05747032165527344,0.15668582916259766,True,16,True,True,True,True
seq_0053,31,64,bitflip,,exponent,1,2.8179633510640217e+38,9.778144599318069e+36,2.6658821423160888e+37,True,16,True,True,True,True
seq_0053,31,64,bitflip,,mantissa,1,0.00390625,0.00013637542724609375,0.000370025634765625,True,16,True,True,True,True
seq_0053,31,256,numeric,1e-06,,1,0.0,0.0,0.0,False,16,False,False,False,False
seq_0053,31,256,numeric,1e-05,,1,0.0,0.0,0.0,False,16,False,False,False,False
seq_0053,31,256,numeric,0.0001,,1,0.0,0.0,0.0,False,16,False,False,False,False
seq_0053,31,256,numeric,0.001,,1,0.0,0.0,0.0,False,16,False,False,False,False
seq_0053,31,256,numeric,0.01,,1,0.03125,0.0030641555786132812,0.010660171508789062,True,16,True,True,True,True
seq_0053,31,256,numeric,0.1,,1,0.28125,0.027578353881835938,0.09594154357910156,True,16,True,True,True,True
seq_0053,31,256,bitflip,,sign,1,5.53125,0.5423712730407715,1.8868408203125,True,16,True,True,True,True
seq_0053,31,256,bitflip,,exponent,1,2.765625,0.27118539810180664,0.94342041015625,True,16,True,True,True,True
seq_0053,31,256,bitflip,,mantissa,1,0.015625,0.0015320777893066406,0.005330085754394531,True,16,True,True,True,True
seq_0054,4,64,numeric,1e-06,,4,0.0,0.0,0.0,False,16,False,False,False,False
seq_0054,4,64,numeric,1e-05,,4,0.0,0.0,0.0,False,16,False,False,False,False
seq_0054,4,64,numeric,0.0001,,4,0.0,0.0,0.0,False,16,False,False,False,False
seq_0054,4,64,numeric,0.001,,4,0.0,0.0,0.0,False,16,False,False,False,False
seq_0054,4,64,numeric,0.01,,4,0.0078125,0.0008469820022583008,0.0032584667205810547,True,16,True,True,True,True
seq_0054,4,64,numeric,0.1,,4,0.0625,0.006775856018066406,0.026067495346069336,True,16,True,True,True,True
seq_0054,4,64,bitflip,,sign,4,1.265625,0.13721126317977905,0.5278701782226562,True,16,True,True,True,True
seq_0054,4,64,bitflip,,exponent,4,2.1533493531715637e+38,2.3345284166212314e+37,inf,True,16,True,True,True,True
seq_0054,4,64,bitflip,,mantissa,4,0.00390625,0.0004234910011291504,0.0016291141510009766,True,16,True,True,True,True
seq_0054,4,256,numeric,1e-06,,4,0.0,0.0,0.0,False,16,False,False,False,False
seq_0054,4,256,numeric,1e-05,,4,0.0,0.0,0.0,False,16,False,False,False,False
seq_0054,4,256,numeric,0.0001,,4,0.0,0.0,0.0,False,16,False,False,False,False
seq_0054,4,256,numeric,0.001,,4,0.0,0.0,0.0,False,16,False,False,False,False
seq_0054,4,256,numeric,0.01,,4,0.0078125,0.0018990039825439453,0.0037331879138946533,True,16,True,True,True,True
seq_0054,4,256,numeric,0.1,,4,0.07421875,0.018040180206298828,0.03546540439128876,True,16,True,True,True,True
seq_0054,4,256,bitflip,,sign,4,1.484375,0.36080408096313477,0.684707760810852,True,16,True,True,True,True
seq_0054,4,256,bitflip,,exponent,4,2.52553319199134e+38,inf,inf,False,16,True,True,True,True
seq_0054,4,256,bitflip,,mantissa,4,0.00390625,0.0009493827819824219,0.0018665939569473267,True,16,True,True,True,True
seq_0055,18,64,numeric,1e-06,,7,0.0,0.0,0.0,False,16,False,False,False,False
seq_0055,18,64,numeric,1e-05,,7,0.0,0.0,0.0,False,16,False,False,False,False
seq_0055,18,64,numeric,0.0001,,7,0.0,0.0,0.0,False,16,False,False,False,False
seq_0055,18,64,numeric,0.001,,7,0.0,0.0,0.0,False,16,False,False,False,False
seq_0055,18,64,numeric,0.01,,7,0.015625,0.0021255016326904297,0.0032584667205810547,True,16,True,True,True,True
seq_0055,18,64,numeric,0.1,,7,0.1640625,0.022318243980407715,0.03421378135681152,True,16,True,True,True,True
seq_0055,18,64,bitflip,,sign,7,3.203125,0.4357377290725708,0.6679837703704834,True,16,True,True,True,True
seq_0055,18,64,bitflip,,exponent,7,nan,nan,nan,False,16,True,True,True,True
seq_0055,18,64,bitflip,,mantissa,7,0.0078125,0.0010628700256347656,0.0016292333602905273,True,16,True,True,True,True
seq_0055,18,256,numeric,1e-06,,7,0.0,0.0,0.0,False,16,False,False,False,False
seq_0055,18,256,numeric,1e-05,,7,0.0,0.0,0.0,False,16,False,False,False,False
seq_0055,18,256,numeric,0.0001,,7,0.0,0.0,0.0,False,16,False,False,False,False
seq_0055,18,256,numeric,0.001,,7,0.0,0.0,0.0,False,16,False,False,False,False
seq_0055,18,256,numeric,0.01,,7,0.015625,0.004143238067626953,0.00634428858757019,True,16,True,True,True,True
seq_0055,18,256,numeric,0.1,,7,0.21875,0.05800485610961914,0.08881986141204834,True,16,True,True,True,True
seq_0055,18,256,bitflip,,sign,7,4.34375,1.151810646057129,1.7637099027633667,True,16,True,True,True,True
seq_0055,18,256,bitflip,,exponent,7,2.171875,0.5759052634239197,0.8818550109863281,True,16,True,True,True,True
seq_0055,18,256,bitflip,,mantissa,7,0.015625,0.004143238067626953,0.00634428858757019,True,16,True,True,True,True
seq_0056,31,64,numeric,1e-06,,0,0.0,0.0,0.0,False,16,False,False,False,False
seq_0056,31,64,numeric,1e-05,,0,0.0,0.0,0.0,False,16,False,False,False,False
seq_0056,31,64,numeric,0.0001,,0,0.0,0.0,0.0,False,16,False,False,False,False
seq_0056,31,64,numeric,0.001,,0,0.0,0.0,0.0,False,16,False,False,False,False
seq_0056,31,64,numeric,0.01,,0,0.00390625,0.00042629241943359375,0.0007929801940917969,True,16,True,True,True,True
seq_0056,31,64,numeric,0.1,,0,0.029296875,0.00319671630859375,0.00594782829284668,True,16,True,True,True,True
seq_0056,31,64,bitflip,,sign,0,0.6015625,0.06563282012939453,0.12212729454040527,True,16,True,True,True,True
seq_0056,31,64,bitflip,,exponent,0,1.0235055567543852e+38,1.1166892593735501e+37,2.077890144068886e+37,True,16,True,True,True,True
seq_0056,31,64,bitflip,,mantissa,0,0.001953125,0.00021314620971679688,0.00039649009704589844,True,16,True,True,True,True
seq_0056,31,256,numeric,1e-06,,0,0.0,0.0,0.0,False,16,False,False,False,False
seq_0056,31,256,numeric,1e-05,,0,0.0,0.0,0.0,False,16,False,False,False,False
seq_0056,31,256,numeric,0.0001,,0,0.0,0.0,0.0,False,16,False,False,False,False
seq_0056,31,256,numeric,0.001,,0,0.0,0.0,0.0,False,16,False,False,False,False
seq_0056,31,256,numeric,0.01,,0,0.0078125,0.0012464523315429688,0.0026865005493164062,True,16,True,True,True,True
seq_0056,31,256,numeric,0.1,,0,0.09765625,0.015577316284179688,0.03358268737792969,True,16,True,True,True,True
seq_0056,31,256,bitflip,,sign,0,1.9140625,0.30531883239746094,0.6582193374633789,True,16,True,True,True,True
seq_0056,31,256,bitflip,,exponent,0,3.256608589673044e+38,inf,inf,False,16,True,True,True,True
seq_0056,31,256,bitflip,,mantissa,0,0.00390625,0.0006232261657714844,0.0013432502746582031,True,16,True,True,True,True
seq_0057,4,64,numeric,1e-06,,5,0.0,0.0,0.0,False,16,False,False,False,False
seq_0057,4,64,numeric,1e-05,,5,0.0,0.0,0.0,False,16,False,False,False,False
seq_0057,4,64,numeric,0.0001,,5,0.0,0.0,0.0,False,16,False,False,False,False
seq_0057,4,64,numeric,0.001,,5,0.0,0.0,0.0,False,16,False,False,False,False
seq_0057,4,64,numeric,0.01,,5,0.00390625,0.00014829635620117188,0.00061798095703125,True,16,True,True,True,True
seq_0057,4,64,numeric,0.1,,5,0.05859375,0.0022144317626953125,0.009265422821044922,True,16,True,True,True,True
seq_0057,4,64,bitflip,,sign,5,1.1640625,0.04400920867919922,0.18407583236694336,True,16,True,True,True,True
seq_0057,4,64,bitflip,,exponent,5,1.9805497137195247e+38,7.487811806753315e+36,inf,True,16,True,True,True,True
seq_0057,4,64,bitflip,,mantissa,5,0.00390625,0.00014829635620117188,0.00061798095703125,True,16,True,True,True,True
seq_0057,4,256,numeric,1e-06,,5,0.0,0.0,0.0,False,16,False,False,False,False
seq_0057,4,256,numeric,1e-05,,5,0.0,0.0,0.0,False,16,False,False,False,False
seq_0057,4,256,numeric,0.0001,,5,0.0,0.0,0.0,False,16,False,False,False,False
seq_0057,4,256,numeric,0.001,,5,0.0,0.0,0.0,False,16,False,False,False,False
seq_0057,4,256,numeric,0.01,,5,0.00048828125,7.104873657226562e-05,0.00013554096221923828,True,16,True,True,True,True
seq_0057,4,256,numeric,0.1,,5,0.00439453125,0.0006337165832519531,0.0012198984622955322,True,16,True,True,True,True
seq_0057,4,256,bitflip,,sign,5,0.08935546875,0.012896537780761719,0.024804599583148956,True,16,True,True,True,True
seq_0057,4,256,bitflip,,exponent,5,1.5203045201789975e+37,2.1941277778432585e+36,4.220283928340025e+36,True,16,True,True,True,True
seq_0057,4,256,bitflip,,mantissa,5,0.000244140625,3.5762786865234375e-05,6.777048110961914e-05,True,16,True,True,True,True
seq_0058,18,64,numeric,1e-06,,1,0.0,0.0,0.0,False,16,False,False,False,False
seq_0058,18,64,numeric,1e-05,,1,0.0,0.0,0.0,False,16,False,False,False,False
seq_0058,18,64,numeric,0.0001,,1,0.0,0.0,0.0,False,16,False,False,False,False
seq_0058,18,64,numeric,0.001,,1,0.0,0.0,0.0,False,16,False,False,False,False
seq_0058,18,64,numeric,0.01,,1,0.015625,0.003970503807067871,0.007250547409057617,True,16,True,True,True,True
seq_0058,18,64,numeric,0.1,,1,0.1796875,0.04566144943237305,0.08338189125061035,True,16,True,True,True,True
seq_0058,18,64,bitflip,,sign,1,3.640625,0.925142765045166,1.6893912553787231,True,16,True,True,True,True
seq_0058,18,64,bitflip,,exponent,1,nan,nan,nan,False,16,True,True,True,True
seq_0058,18,64,bitflip,,mantissa,1,0.0078125,0.00198519229888916,0.0036252737045288086,True,16,True,True,True,True
seq_0058,18,256,numeric,1e-06,,1,0.0,0.0,0.0,False,16,False,False,False,False
seq_0058,18,256,numeric,1e-05,,1,0.0,0.0,0.0,False,16,False,False,False,False
seq_0058,18,256,numeric,0.0001,,1,0.0,0.0,0.0,False,16,False,False,False,False
seq_0058,18,256,numeric,0.001,,1,0.0,0.0,0.0,False,16,False,False,False,False
seq_0058,18,256,numeric,0.01,,1,0.015625,0.0022444725036621094,0.003603696823120117,True,16,True,True,True,True
seq_0058,18,256,numeric,0.1,,1,0.125,0.017953872680664062,0.02882981300354004,True,16,True,True,True,True
seq_0058,18,256,bitflip,,sign,1,2.5,0.35907769203186035,0.5765957832336426,True,16,True,True,True,True
seq_0058,18,256,bitflip,,exponent,1,nan,nan,nan,False,16,True,True,True,True
seq_0058,18,256,bitflip,,mantissa,1,0.0078125,0.0011224746704101562,0.0018019676208496094,True,16,True,True,True,True
seq_0059,31,64,numeric,1e-06,,1,0.0,0.0,0.0,False,16,False,False,False,False
seq_0059,31,64,numeric,1e-05,,1,0.0,0.0,0.0,False,16,False,False,False,False
seq_0059,31,64,numeric,0.0001,,1,0.0,0.0,0.0,False,16,False,False,False,False
seq_0059,31,64,numeric,0.001,,1,0.0,0.0,0.0,False,16,False,False,False,False
seq_0059,31,64,numeric,0.01,,1,0.015625,0.0005526542663574219,0.0012998580932617188,True,16,True,True,True,True
seq_0059,31,64,numeric,0.1,,1,0.1484375,0.005253314971923828,0.01235198974609375,True,16,True,True,True,True
seq_0059,31,64,bitflip,,sign,1,2.984375,0.10561656951904297,0.24832820892333984,True,16,True,True,True,True
seq_0059,31,64,bitflip,,exponent,1,nan,nan,nan,False,16,True,True,True,True
seq_0059,31,64,bitflip,,mantissa,1,0.0078125,0.0002765655517578125,0.0006504058837890625,True,16,True,True,True,True
seq_0059,31,256,numeric,1e-06,,1,0.0,0.0,0.0,False,16,False,False,False,False
seq_0059,31,256,numeric,1e-05,,1,0.0,0.0,0.0,False,16,False,False,False,False
seq_0059,31,256,numeric,0.0001,,1,0.0,0.0,0.0,False,16,False,False,False,False
seq_0059,31,256,numeric,0.001,,1,0.0,0.0,0.0,False,16,False,False,False,False
seq_0059,31,256,numeric,0.01,,1,0.0078125,0.0007119178771972656,0.0015430450439453125,True,16,True,True,True,True
seq_0059,31,256,numeric,0.1,,1,0.09375,0.008545398712158203,0.01851511001586914,True,16,True,True,True,True
seq_0059,31,256,bitflip,,sign,1,1.84375,0.1680588722229004,0.36412715911865234,True,16,True,True,True,True
seq_0059,31,256,bitflip,,exponent,1,3.1369780700524015e+38,2.8593707522722847e+37,2.436963712203994e+37,False,16,True,True,True,True
seq_0059,31,256,bitflip,,mantissa,1,0.00390625,0.00035572052001953125,0.0007715225219726562,True,16,True,True,True,True
seq_0060,4,64,numeric,1e-06,,4,0.0,0.0,0.0,False,16,False,False,False,False
seq_0060,4,64,numeric,1e-05,,4,0.0,0.0,0.0,False,16,False,False,False,False
seq_0060,4,64,numeric,0.0001,,4,0.0,0.0,0.0,False,16,False,False,False,False
seq_0060,4,64,numeric,0.001,,4,0.0,0.0,0.0,False,16,False,False,False,False
seq_0060,4,64,numeric,0.01,,4,0.000732421875,2.765655517578125e-05,0.0001456737518310547,True,16,True,True,True,True
seq_0060,4,64,numeric,0.1,,4,0.00634765625,0.00023889541625976562,0.0013499259948730469,True,16,True,True,True,True
seq_0060,4,64,bitflip,,sign,4,0.123046875,0.0046308040618896484,0.02617025375366211,True,16,True,True,True,True
seq_0060,4,64,bitflip,,exponent,4,2.0935340933612425e+37,7.878827191035264e+35,4.1345771205206444e+36,True,16,True,True,True,True
seq_0060,4,64,bitflip,,mantissa,4,0.000244140625,8.821487426757812e-06,4.863739013671875e-05,True,16,False,False,True,True
seq_0060,4,256,numeric,1e-06,,4,0.0,0.0,0.0,False,16,False,False,False,False
seq_0060,4,256,numeric,1e-05,,4,0.0,0.0,0.0,False,16,False,False,False,False
seq_0060,4,256,numeric,0.0001,,4,0.0,0.0,0.0,False,16,False,False,False,False
seq_0060,4,256,numeric,0.001,,4,0.0,0.0,0.0,False,16,False,False,False,False
seq_0060,4,256,numeric,0.01,,4,0.00048828125,6.198883056640625e-05,0.00014162063598632812,True,16,True,True,True,True
seq_0060,4,256,numeric,0.1,,4,0.00537109375,0.00067901611328125,0.0015577077865600586,True,16,True,True,True,True
seq_0060,4,256,bitflip,,sign,4,0.10888671875,0.013760089874267578,0.03157985210418701,True,16,True,True,True,True
seq_0060,4,256,bitflip,,exponent,4,1.8526115191252265e+37,2.341102832929195e+36,5.373022635482866e+36,True,16,True,True,True,True
seq_0060,4,256,bitflip,,mantissa,4,0.000244140625,3.0994415283203125e-05,7.081031799316406e-05,True,16,True,True,True,True
seq_0061,18,64,numeric,1e-06,,7,0.0,0.0,0.0,False,16,False,False,False,False
seq_0061,18,64,numeric,1e-05,,7,0.0,0.0,0.0,False,16,False,False,False,False
seq_0061,18,64,numeric,0.0001,,7,0.0,0.0,0.0,False,16,False,False,False,False
seq_0061,18,64,numeric,0.001,,7,0.0,0.0,0.0,False,16,False,False,False,False
seq_0061,18,64,numeric,0.01,,7,0.0009765625,6.4373016357421875e-06,7.081031799316406e-05,True,16,False,True,True,True
seq_0061,18,64,numeric,0.1,,7,0.0087890625,5.5909156799316406e-05,0.0006372332572937012,True,16,True,True,True,True
seq_0061,18,64,bitflip,,sign,7,0.1767578125,0.0011287927627563477,0.012816011905670166,True,16,True,True,True,True
seq_0061,18,64,bitflip,,exponent,7,3.007378340463372e+37,1.9209446367169743e+35,2.1805317497868357e+36,True,16,True,True,True,True
seq_0061,18,64,bitflip,,mantissa,7,0.00048828125,2.9802322387695312e-06,3.5375356674194336e-05,True,16,False,True,True,True
seq_0061,18,256,numeric,1e-06,,7,0.0,0.0,0.0,False,16,False,False,False,False
seq_0061,18,256,numeric,1e-05,,7,0.0,0.0,0.0,False,16,False,False,False,False
seq_0061,18,256,numeric,0.0001,,7,0.0,0.0,0.0,False,16,False,False,False,False
seq_0061,18,256,numeric,0.001,,7,0.0,0.0,0.0,False,16,False,False,False,False
seq_0061,18,256,numeric,0.01,,7,0.0078125,0.0013594627380371094,0.0020067691802978516,True,16,True,True,True,True
seq_0061,18,256,numeric,0.1,,7,0.08203125,0.014274626970291138,0.0210721492767334,True,16,True,True,True,True
seq_0061,18,256,bitflip,,sign,7,1.6484375,0.2868521213531494,0.4234483242034912,True,16,True,True,True,True
seq_0061,18,256,bitflip,,exponent,7,2.8046710711061725e+38,inf,inf,False,16,True,True,True,True
seq_0061,18,256,bitflip,,mantissa,7,0.00390625,0.0006797611713409424,0.0010035037994384766,True,16,True,True,True,True
seq_0062,31,64,numeric,1e-06,,0,0.0,0.0,0.0,False,16,False,False,False,False
seq_0062,31,64,numeric,1e-05,,0,0.0,0.0,0.0,False,16,False,False,False,False
seq_0062,31,64,numeric,0.0001,,0,0.0,0.0,0.0,False,16,False,False,False,False
seq_0062,31,64,numeric,0.001,,0,0.0,0.0,0.0,False,16,False,False,False,False
seq_0062,31,64,numeric,0.01,,0,0.00390625,0.0003437995910644531,0.000690460205078125,True,16,True,True,True,True
seq_0062,31,64,numeric,0.1,,0,0.04296875,0.0037832260131835938,0.007596015930175781,True,16,True,True,True,True
seq_0062,31,64,bitflip,,sign,0,0.8515625,0.07497453689575195,0.15053606033325195,True,16,True,True,True,True
seq_0062,31,64,bitflip,,exponent,0,1.4488585154055583e+38,1.2756196857265642e+37,1.7508504868967253e+37,True,16,True,True,True,True
seq_0062,31,64,bitflip,,mantissa,0,0.001953125,0.000171661376953125,0.00031280517578125,True,16,True,True,True,True
seq_0062,31,256,numeric,1e-06,,0,0.0,0.0,0.0,False,16,False,False,False,False
seq_0062,31,256,numeric,1e-05,,0,0.0,0.0,0.0,False,16,False,False,False,False
seq_0062,31,256,numeric,0.0001,,0,0.0,0.0,0.0,False,16,False,False,False,False
seq_0062,31,256,numeric,0.001,,0,0.0,0.0,0.0,False,16,False,False,False,False
seq_0062,31,256,numeric,0.01,,0,0.015625,0.0017371177673339844,0.0029778480529785156,True,16,True,True,True,True
seq_0062,31,256,numeric,0.1,,0,0.1171875,0.013028144836425781,0.02233445644378662,True,16,True,True,True,True
seq_0062,31,256,bitflip,,sign,0,2.34375,0.26056861877441406,0.4466891884803772,True,16,True,True,True,True
seq_0062,31,256,bitflip,,exponent,0,nan,nan,nan,False,16,True,True,True,True
seq_0062,31,256,bitflip,,mantissa,0,0.0078125,0.0008687973022460938,0.0014889240264892578,True,16,True,True,True,True
seq_0063,4,64,numeric,1e-06,,5,0.0,0.0,0.0,False,16,False,False,False,False
seq_0063,4,64,numeric,1e-05,,5,0.0,0.0,0.0,False,16,False,False,False,False
seq_0063,4,64,numeric,0.0001,,5,0.0,0.0,0.0,False,16,False,False,False,False
seq_0063,4,64,numeric,0.001,,5,0.0,0.0,0.0,False,16,False,False,False,False
seq_0063,4,64,numeric,0.01,,5,0.0078125,0.0010137557983398438,0.00145721435546875,True,16,True,True,True,True
seq_0063,4,64,numeric,0.1,,5,0.06640625,0.008620262145996094,0.012381553649902344,True,16,True,True,True,True
seq_0063,4,64,bitflip,,sign,5,1.3359375,0.1734323501586914,0.24907779693603516,True,16,True,True,True,True
seq_0063,4,64,bitflip,,exponent,5,2.272979872792206e+38,2.950791178259544e+37,1.9148750939518165e+37,False,16,True,True,True,True
seq_0063,4,64,bitflip,,mantissa,5,0.00390625,0.000507354736328125,0.0007276535034179688,True,16,True,True,True,True
seq_0063,4,256,numeric,1e-06,,5,0.0,0.0,0.0,False,16,False,False,False,False
seq_0063,4,256,numeric,1e-05,,5,0.0,0.0,0.0,False,16,False,False,False,False
seq_0063,4,256,numeric,0.0001,,5,0.0,0.0,0.0,False,16,False,False,False,False
seq_0063,4,256,numeric,0.001,,5,0.0,0.0,0.0,False,16,False,False,False,False
seq_0063,4,256,numeric,0.01,,5,0.0078125,0.0003345012664794922,0.0015645027160644531,True,16,True,True,True,True
seq_0063,4,256,numeric,0.1,,5,0.08984375,0.003846406936645508,0.01799154281616211,True,16,True,True,True,True
seq_0063,4,256,bitflip,,sign,5,1.8359375,0.07860207557678223,0.36765527725219727,True,16,True,True,True,True
seq_0063,4,256,bitflip,,exponent,5,3.1236857900945523e+38,1.3373469175841976e+37,inf,True,16,True,True,True,True
seq_0063,4,256,bitflip,,mantissa,5,0.00390625,0.0001671314239501953,0.000782012939453125,True,16,True,True,True,True
seq_0064,18,64,numeric,1e-06,,1,0.0,0.0,0.0,False,16,False,False,False,False
seq_0064,18,64,numeric,1e-05,,1,0.0,0.0,0.0,False,16,False,False,False,False
seq_0064,18,64,numeric,0.0001,,1,0.0,0.0,0.0,False,16,False,False,False,False
seq_0064,18,64,numeric,0.001,,1,0.0,0.0,0.0,False,16,False,False,False,False
seq_0064,18,64,numeric,0.01,,1,0.0078125,0.00112152099609375,0.0015535354614257812,True,16,True,True,True,True
seq_0064,18,64,numeric,0.1,,1,0.078125,0.011221885681152344,0.015537261962890625,True,16,True,True,True,True
seq_0064,18,64,bitflip,,sign,1,1.53125,0.21993541717529297,0.30452537536621094,True,16,True,True,True,True
seq_0064,18,64,bitflip,,exponent,1,2.605286871738435e+38,inf,3.004395305070915e+37,False,16,True,True,True,True
seq_0064,18,64,bitflip,,mantissa,1,0.00390625,0.000560760498046875,0.0007772445678710938,True,16,True,True,True,True
seq_0064,18,256,numeric,1e-06,,1,0.0,0.0,0.0,False,16,False,False,False,False
seq_0064,18,256,numeric,1e-05,,1,0.0,0.0,0.0,False,16,False,False,False,False
seq_0064,18,256,numeric,0.0001,,1,0.0,0.0,0.0,False,16,False,False,False,False
seq_0064,18,256,numeric,0.001,,1,0.0,0.0,0.0,False,16,False,False,False,False
seq_0064,18,256,numeric,0.01,,1,0.0078125,0.0007712841033935547,0.0018668174743652344,True,16,True,True,True,True
seq_0064,18,256,numeric,0.1,,1,0.0859375,0.008486032485961914,0.020532608032226562,True,16,True,True,True,True
seq_0064,18,256,bitflip,,sign,1,1.75,0.1728062629699707,0.4181184768676758,True,16,True,True,True,True
seq_0064,18,256,bitflip,,exponent,1,2.9774707105582116e+38,2.940143927338107e+37,inf,True,16,True,True,True,True
seq_0064,18,256,bitflip,,mantissa,1,0.00390625,0.0003857612609863281,0.0009331703186035156,True,16,True,True,True,True
seq_0065,31,64,numeric,1e-06,,1,0.0,0.0,0.0,False,16,False,False,False,False
seq_0065,31,64,numeric,1e-05,,1,0.0,0.0,0.0,False,16,False,False,False,False
seq_0065,31,64,numeric,0.0001,,1,0.0,0.0,0.0,False,16,False,False,False,False
seq_0065,31,64,numeric,0.001,,1,0.0,0.0,0.0,False,16,False,False,False,False
seq_0065,31,64,numeric,0.01,,1,0.00048828125,5.14984130859375e-05,9.679794311523438e-05,True,16,True,True,True,True
seq_0065,31,64,numeric,0.1,,1,0.006591796875,0.0006966590881347656,0.0013108253479003906,True,16,True,True,True,True
seq_0065,31,64,bitflip,,sign,1,0.1298828125,0.013722419738769531,0.02583026885986328,True,16,True,True,True,True
seq_0065,31,64,bitflip,,exponent,1,2.2098415429924226e+37,2.3347351070515986e+36,4.3947953651330945e+36,True,16,True,True,True,True
seq_0065,31,64,bitflip,,mantissa,1,0.00048828125,5.1021575927734375e-05,9.72747802734375e-05,True,16,True,True,True,True
seq_0065,31,256,numeric,1e-06,,1,0.0,0.0,0.0,False,16,False,False,False,False
seq_0065,31,256,numeric,1e-05,,1,0.0,0.0,0.0,False,16,False,False,False,False
seq_0065,31,256,numeric,0.0001,,1,0.0,0.0,0.0,False,16,False,False,False,False
seq_0065,31,256,numeric,0.001,,1,0.0,0.0,0.0,False,16,False,False,False,False
seq_0065,31,256,numeric,0.01,,1,0.001953125,7.724761962890625e-05,0.0001983642578125,True,16,True,True,True,True
seq_0065,31,256,numeric,0.1,,1,0.025390625,0.0010118484497070312,0.0025768280029296875,True,16,True,True,True,True
seq_0065,31,256,bitflip,,sign,1,0.5078125,0.020250320434570312,0.05154705047607422,True,16,True,True,True,True
seq_0065,31,256,bitflip,,exponent,1,8.639981972601953e+37,3.445480986585979e+36,8.770315469064419e+36,True,16,True,True,True,True
seq_0065,31,256,bitflip,,mantissa,1,0.001953125,7.724761962890625e-05,0.0001983642578125,True,16,True,True,True,True
seq_0066,4,64,numeric,1e-06,,4,0.0,0.0,0.0,False,16,False,False,False,False
seq_0066,4,64,numeric,1e-05,,4,0.0,0.0,0.0,False,16,False,False,False,False
seq_0066,4,64,numeric,0.0001,,4,0.0,0.0,0.0,False,16,False,False,False,False
seq_0066,4,64,numeric,0.001,,4,0.0,0.0,0.0,False,16,False,False,False,False
seq_0066,4,64,numeric,0.01,,4,0.0078125,0.00037226080894470215,0.0006687641143798828,True,16,True,True,True,True
seq_0066,4,64,numeric,0.1,,4,0.1015625,0.004839122295379639,0.008696556091308594,True,16,True,True,True,True
seq_0066,4,64,bitflip,,sign,4,2.015625,0.09603816270828247,0.1725904941558838,True,16,True,True,True,True
seq_0066,4,64,bitflip,,exponent,4,nan,nan,nan,False,16,True,True,True,True
seq_0066,4,64,bitflip,,mantissa,4,0.0078125,0.00037223100662231445,0.0006690025329589844,True,16,True,True,True,True
seq_0066,4,256,numeric,1e-06,,4,0.0,0.0,0.0,False,16,False,False,False,False
seq_0066,4,256,numeric,1e-05,,4,0.0,0.0,0.0,False,16,False,False,False,False
seq_0066,4,256,numeric,0.0001,,4,0.0,0.0,0.0,False,16,False,False,False,False
seq_0066,4,256,numeric,0.001,,4,0.0,0.0,0.0,False,16,False,False,False,False
seq_0066,4,256,numeric,0.01,,4,0.00390625,0.0009870529174804688,0.0010358095169067383,True,16,True,True,True,True
seq_0066,4,256,numeric,0.1,,4,0.03515625,0.008884906768798828,0.009322211146354675,True,16,True,True,True,True
seq_0066,4,256,bitflip,,sign,4,0.71875,0.18165349960327148,0.1905873715877533,True,16,True,True,True,True
seq_0066,4,256,bitflip,,exponent,4,1.2228897561221226e+38,inf,inf,False,16,True,True,True,True
seq_0066,4,256,bitflip,,mantissa,4,0.001953125,0.0004935264587402344,0.0005179047584533691,True,16,True,True,True,True
seq_0067,18,64,numeric,1e-06,,7,0.0,0.0,0.0,False,16,False,False,False,False
seq_0067,18,64,numeric,1e-05,,7,0.0,0.0,0.0,False,16,False,False,False,False
seq_0067,18,64,numeric,0.0001,,7,0.0,0.0,0.0,False,16,False,False,False,False
seq_0067,18,64,numeric,0.001,,7,0.0,0.0,0.0,False,16,False,False,False,False
seq_0067,18,64,numeric,0.01,,7,0.00390625,0.000244140625,0.0012515783309936523,True,16,True,True,True,True
seq_0067,18,64,numeric,0.1,,7,0.05078125,0.003173351287841797,0.016270697116851807,True,16,True,True,True,True
seq_0067,18,64,bitflip,,sign,7,1.0546875,0.06591081619262695,0.33793020248413086,True,16,True,True,True,True
seq_0067,18,64,bitflip,,exponent,7,1.7944577943096364e+38,1.1214163284618012e+37,inf,True,16,True,True,True,True
seq_0067,18,64,bitflip,,mantissa,7,0.00390625,0.000244140625,0.0012515783309936523,True,16,True,True,True,True
seq_0067,18,256,numeric,1e-06,,7,0.0,0.0,0.0,False,16,False,False,False,False
seq_0067,18,256,numeric,1e-05,,7,0.0,0.0,0.0,False,16,False,False,False,False
seq_0067,18,256,numeric,0.0001,,7,0.0,0.0,0.0,False,16,False,False,False,False
seq_0067,18,256,numeric,0.001,,7,0.0,0.0,0.0,False,16,False,False,False,False
seq_0067,18,256,numeric,0.01,,7,0.001953125,0.0002372264862060547,0.0005288124084472656,True,16,True,True,True,True
seq_0067,18,256,numeric,0.1,,7,0.0146484375,0.0017802715301513672,0.0039653778076171875,True,16,True,True,True,True
seq_0067,18,256,bitflip,,sign,7,0.298828125,0.03631758689880371,0.08088970184326172,True,16,True,True,True,True
seq_0067,18,256,bitflip,,exponent,7,5.084297083877303e+37,6.179148272830602e+36,1.3762649318967445e+37,True,16,True,True,True,True
seq_0067,18,256,bitflip,,mantissa,7,0.0009765625,0.00011849403381347656,0.00026416778564453125,True,16,True,True,True,True
seq_0068,31,64,numeric,1e-06,,0,0.0,0.0,0.0,False,16,False,False,False,False
seq_0068,31,64,numeric,1e-05,,0,0.0,0.0,0.0,False,16,False,False,False,False
seq_0068,31,64,numeric,0.0001,,0,0.0,0.0,0.0,False,16,False,False,False,False
seq_0068,31,64,numeric,0.001,,0,0.0,0.0,0.0,False,16,False,False,False,False
seq_0068,31,64,numeric,0.01,,0,0.00390625,0.00021314620971679688,0.0005853176116943359,True,16,True,True,True,True
seq_0068,31,64,numeric,0.1,,0,0.0546875,0.00298309326171875,0.008194684982299805,True,16,True,True,True,True
seq_0068,31,64,bitflip,,sign,0,1.09375,0.05966663360595703,0.1638939380645752,True,16,True,True,True,True
seq_0068,31,64,bitflip,,exponent,0,1.8609191940988822e+38,1.0151720597380028e+37,2.6857081977036583e+37,True,16,True,True,True,True
seq_0068,31,64,bitflip,,mantissa,0,0.00390625,0.00021314620971679688,0.0005853176116943359,True,16,True,True,True,True
seq_0068,31,256,numeric,1e-06,,0,0.0,0.0,0.0,False,16,False,False,False,False
seq_0068,31,256,numeric,1e-05,,0,0.0,0.0,0.0,False,16,False,False,False,False
seq_0068,31,256,numeric,0.0001,,0,0.0,0.0,0.0,False,16,False,False,False,False
seq_0068,31,256,numeric,0.001,,0,0.0,0.0,0.0,False,16,False,False,False,False
seq_0068,31,256,numeric,0.01,,0,0.0009765625,0.00020623207092285156,0.00018072128295898438,False,16,True,True,True,True
seq_0068,31,256,numeric,0.1,,0,0.009765625,0.0020635128021240234,0.0018074512481689453,False,16,True,True,True,True
seq_0068,31,256,bitflip,,sign,0,0.19921875,0.04209542274475098,0.03686785697937012,False,16,True,True,True,True
seq_0068,31,256,bitflip,,exponent,0,3.3895313892515355e+37,7.16219483384979e+36,6.272771875561058e+36,False,16,True,True,True,True
seq_0068,31,256,bitflip,,mantissa,0,0.00048828125,0.00010323524475097656,9.036064147949219e-05,False,16,True,True,True,True
seq_0069,4,64,numeric,1e-06,,5,0.0,0.0,0.0,False,16,False,False,False,False
seq_0069,4,64,numeric,1e-05,,5,0.0,0.0,0.0,False,16,False,False,False,False
seq_0069,4,64,numeric,0.0001,,5,0.0,0.0,0.0,False,16,False,False,False,False
seq_0069,4,64,numeric,0.001,,5,0.0,0.0,0.0,False,16,False,False,False,False
seq_0069,4,64,numeric,0.01,,5,0.00390625,0.0003857612609863281,0.0007872581481933594,True,16,True,True,True,True
seq_0069,4,64,numeric,0.1,,5,0.03125,0.003085613250732422,0.006300926208496094,True,16,True,True,True,True
seq_0069,4,64,bitflip,,sign,5,0.6328125,0.06248807907104492,0.12759733200073242,True,16,True,True,True,True
seq_0069,4,64,bitflip,,exponent,5,1.0766746765857819e+38,1.0631769738481657e+37,2.170962952613543e+37,True,16,True,True,True,True
seq_0069,4,64,bitflip,,mantissa,5,0.001953125,0.00019311904907226562,0.00039386749267578125,True,16,True,True,True,True
seq_0069,4,256,numeric,1e-06,,5,0.0,0.0,0.0,False,16,False,False,False,False
seq_0069,4,256,numeric,1e-05,,5,0.0,0.0,0.0,False,16,False,False,False,False
seq_0069,4,256,numeric,0.0001,,5,0.0,0.0,0.0,False,16,False,False,False,False
seq_0069,4,256,numeric,0.001,,5,0.0,0.0,0.0,False,16,False,False,False,False
seq_0069,4,256,numeric,0.01,,5,0.015625,0.0030426979064941406,0.004078388214111328,True,16,True,True,True,True
seq_0069,4,256,numeric,0.1,,5,0.140625,0.027383804321289062,0.036705970764160156,True,16,True,True,True,True
seq_0069,4,256,bitflip,,sign,5,2.765625,0.5385518074035645,0.721888542175293,True,16,True,True,True,True
seq_0069,4,256,bitflip,,exponent,5,nan,nan,nan,False,16,True,True,True,True
seq_0069,4,256,bitflip,,mantissa,5,0.0078125,0.0015215873718261719,0.0020394325256347656,True,16,True,True,True,True
seq_0070,18,64,numeric,1e-06,,1,0.0,0.0,0.0,False,16,False,False,False,False
seq_0070,18,64,numeric,1e-05,,1,0.0,0.0,0.0,False,16,False,False,False,False
seq_0070,18,64,numeric,0.0001,,1,0.0,0.0,0.0,False,16,False,False,False,False
seq_0070,18,64,numeric,0.001,,1,0.0,0.0,0.0,False,16,False,False,False,False
seq_0070,18,64,numeric,0.01,,1,0.015625,0.0025572776794433594,0.0029344558715820312,True,16,True,True,True,True
seq_0070,18,64,numeric,0.1,,1,0.203125,0.03324270248413086,0.03815174102783203,True,16,True,True,True,True
seq_0070,18,64,bitflip,,sign,1,4.03125,0.6597404479980469,0.7571706771850586,True,16,True,True,True,True
seq_0070,18,64,bitflip,,exponent,1,2.015625,0.32987022399902344,0.3785853385925293,True,16,True,True,True,True
seq_0070,18,64,bitflip,,mantissa,1,0.015625,0.0025568008422851562,0.0029349327087402344,True,16,True,True,True,True
seq_0070,18,256,numeric,1e-06,,1,0.0,0.0,0.0,False,16,False,False,False,False
seq_0070,18,256,numeric,1e-05,,1,0.0,0.0,0.0,False,16,False,False,False,False
seq_0070,18,256,numeric,0.0001,,1,0.0,0.0,0.0,False,16,False,False,False,False
seq_0070,18,256,numeric,0.001,,1,0.0,0.0,0.0,False,16,False,False,False,False
seq_0070,18,256,numeric,0.01,,1,0.00390625,0.000396728515625,0.0014352798461914062,True,16,True,True,True,True
seq_0070,18,256,numeric,0.1,,1,0.0546875,0.005551338195800781,0.020090103149414062,True,16,True,True,True,True
seq_0070,18,256,bitflip,,sign,1,1.078125,0.10943889617919922,0.39606475830078125,True,16,True,True,True,True
seq_0070,18,256,bitflip,,exponent,1,1.834334634183184e+38,1.8620054438982178e+37,inf,True,16,True,True,True,True
seq_0070,18,256,bitflip,,mantissa,1,0.00390625,0.000396728515625,0.0014352798461914062,True,16,True,True,True,True
seq_0071,31,64,numeric,1e-06,,1,0.0,0.0,0.0,False,16,False,False,False,False
seq_0071,31,64,numeric,1e-05,,1,0.0,0.0,0.0,False,16,False,False,False,False
seq_0071,31,64,numeric,0.0001,,1,0.0,0.0,0.0,False,16,False,False,False,False
seq_0071,31,64,numeric,0.001,,1,0.0,0.0,0.0,False,16,False,False,False,False
seq_0071,31,64,numeric,0.01,,1,0.03125,0.0017366409301757812,0.006085395812988281,True,16,True,True,True,True
seq_0071,31,64,numeric,0.1,,1,0.25,0.013896942138671875,0.04868316650390625,True,16,True,True,True,True
seq_0071,31,64,bitflip,,sign,1,4.9375,0.27446508407592773,0.961482048034668,True,16,True,True,True,True
seq_0071,31,64,bitflip,,exponent,1,2.46875,0.13723278045654297,0.4807415008544922,True,16,True,True,True,True
seq_0071,31,64,bitflip,,mantissa,1,0.015625,0.0008687973022460938,0.0030422210693359375,True,16,True,True,True,True
seq_0071,31,256,numeric,1e-06,,1,0.0,0.0,0.0,False,16,False,False,False,False
seq_0071,31,256,numeric,1e-05,,1,0.0,0.0,0.0,False,16,False,False,False,False
seq_0071,31,256,numeric,0.0001,,1,0.0,0.0,0.0,False,16,False,False,False,False
seq_0071,31,256,numeric,0.001,,1,0.0,0.0,0.0,False,16,False,False,False,False
seq_0071,31,256,numeric,0.01,,1,0.03125,0.010832786560058594,0.01104879379272461,True,16,True,True,True,True
seq_0071,31,256,numeric,0.1,,1,0.296875,0.10291099548339844,0.10496139526367188,True,16,True,True,True,True
seq_0071,31,256,bitflip,,sign,1,6.0625,2.1015539169311523,2.1434173583984375,True,16,True,True,True,True
seq_0071,31,256,bitflip,,exponent,1,3.03125,1.0507769584655762,1.0717086791992188,True,16,True,True,True,True
seq_0071,31,256,bitflip,,mantissa,1,0.015625,0.005416393280029297,0.005524158477783203,True,16,True,True,True,True
seq_0072,4,64,numeric,1e-06,,4,0.0,0.0,0.0,False,16,False,False,False,False
seq_0072,4,64,numeric,1e-05,,4,0.0,0.0,0.0,False,16,False,False,False,False
seq_0072,4,64,numeric,0.0001,,4,0.0,0.0,0.0,False,16,False,False,False,False
seq_0072,4,64,numeric,0.001,,4,0.0,0.0,0.0,False,16,False,False,False,False
seq_0072,4,64,numeric,0.01,,4,0.0078125,0.005265355110168457,0.006646394729614258,True,16,True,True,True,True
seq_0072,4,64,numeric,0.1,,4,0.0703125,0.04738783836364746,0.05981731414794922,True,16,True,True,True,True
seq_0072,4,64,bitflip,,sign,4,1.421875,0.9582884311676025,1.2096428871154785,True,16,True,True,True,True
seq_0072,4,64,bitflip,,exponent,4,2.419194952328547e+38,inf,inf,False,16,True,True,True,True
seq_0072,4,64,bitflip,,mantissa,4,0.00390625,0.002632617950439453,0.0033233165740966797,True,16,True,True,True,True
seq_0072,4,256,numeric,1e-06,,4,0.0,0.0,0.0,False,16,False,False,False,False
seq_0072,4,256,numeric,1e-05,,4,0.0,0.0,0.0,False,16,False,False,False,False
seq_0072,4,256,numeric,0.0001,,4,0.0,0.0,0.0,False,16,False,False,False,False
seq_0072,4,256,numeric,0.001,,4,0.0,0.0,0.0,False,16,False,False,False,False
seq_0072,4,256,numeric,0.01,,4,0.001953125,0.00015497207641601562,0.00017023086547851562,True,16,True,True,True,True
seq_0072,4,256,numeric,0.1,,4,0.015625,0.0012459754943847656,0.0013651847839355469,True,16,True,True,True,True
seq_0072,4,256,bitflip,,sign,4,0.3203125,0.025547027587890625,0.027980327606201172,True,16,True,True,True,True
seq_0072,4,256,bitflip,,exponent,4,5.449834782718155e+37,4.3466068952160185e+36,4.760569290663299e+36,True,16,True,True,True,True
seq_0072,4,256,bitflip,,mantissa,4,0.0009765625,7.82012939453125e-05,8.535385131835938e-05,True,16,True,True,True,True
seq_0073,18,64,numeric,1e-06,,7,0.0,0.0,0.0,False,16,False,False,False,False
seq_0073,18,64,numeric,1e-05,,7,0.0,0.0,0.0,False,16,False,False,False,False
seq_0073,18,64,numeric,0.0001,,7,0.0,0.0,0.0,False,16,False,False,False,False
seq_0073,18,64,numeric,0.001,,7,0.0,0.0,0.0,False,16,False,False,False,False
seq_0073,18,64,numeric,0.01,,7,0.00390625,0.0005800724029541016,0.0008254051208496094,True,16,True,True,True,True
seq_0073,18,64,numeric,0.1,,7,0.033203125,0.004929304122924805,0.0055713653564453125,True,16,True,True,True,True
seq_0073,18,64,bitflip,,sign,7,0.66796875,0.09916996955871582,0.11208486557006836,True,16,True,True,True,True
seq_0073,18,64,bitflip,,exponent,7,1.136489936396103e+38,1.6872875702049014e+37,1.9070273226159236e+37,True,16,True,True,True,True
seq_0073,18,64,bitflip,,mantissa,7,0.001953125,0.0002899169921875,0.0003275871276855469,True,16,True,True,True,True
seq_0073,18,256,numeric,1e-06,,7,0.0,0.0,0.0,False,16,False,False,False,False
seq_0073,18,256,numeric,1e-05,,7,0.0,0.0,0.0,False,16,False,False,False,False
seq_0073,18,256,numeric,0.0001,,7,0.0,0.0,0.0,False,16,False,False,False,False
seq_0073,18,256,numeric,0.001,,7,0.0,0.0,0.0,False,16,False,False,False,False
seq_0073,18,256,numeric,0.01,,7,0.0078125,0.0002899169921875,0.0018343925476074219,True,16,True,True,True,True
seq_0073,18,256,numeric,0.1,,7,0.078125,0.002899646759033203,0.01834249496459961,True,16,True,True,True,True
seq_0073,18,256,bitflip,,sign,7,1.578125,0.05857396125793457,0.3705148696899414,True,16,True,True,True,True
seq_0073,18,256,bitflip,,exponent,7,2.68504055148553e+38,9.965850060470964e+36,inf,True,16,True,True,True,True
seq_0073,18,256,bitflip,,mantissa,7,0.00390625,0.00014495849609375,0.0009169578552246094,True,16,True,True,True,True
seq_0074,31,64,numeric,1e-06,,0,0.0,0.0,0.0,False,16,False,False,False,False
seq_0074,31,64,numeric,1e-05,,0,0.0,0.0,0.0,False,16,False,False,False,False
seq_0074,31,64,numeric,0.0001,,0,0.0,0.0,0.0,False,16,False,False,False,False
seq_0074,31,64,numeric,0.001,,0,0.0,0.0,0.0,False,16,False,False,False,False
seq_0074,31,64,numeric,0.01,,0,0.001953125,0.00021314620971679688,0.0002453327178955078,True,16,True,True,True,True
seq_0074,31,64,numeric,0.1,,0,0.0205078125,0.0022373199462890625,0.0025773048400878906,True,16,True,True,True,True
seq_0074,31,64,bitflip,,sign,0,0.4140625,0.045176029205322266,0.05203819274902344,True,16,True,True,True,True
seq_0074,31,64,bitflip,,exponent,0,7.044908377660054e+37,7.686302439212952e+36,9.826791958752428e+36,True,16,True,True,True,True
seq_0074,31,64,bitflip,,mantissa,0,0.0009765625,0.00010657310485839844,0.0001227855682373047,True,16,True,True,True,True
seq_0074,31,256,numeric,1e-06,,0,0.0,0.0,0.0,False,16,False,False,False,False
seq_0074,31,256,numeric,1e-05,,0,0.0,0.0,0.0,False,16,False,False,False,False
seq_0074,31,256,numeric,0.0001,,0,0.0,0.0,0.0,False,16,False,False,False,False
seq_0074,31,256,numeric,0.001,,0,0.0,0.0,0.0,False,16,False,False,False,False
seq_0074,31,256,numeric,0.01,,0,0.0625,0.02261495590209961,0.02382373809814453,True,16,True,True,True,True
seq_0074,31,256,numeric,0.1,,0,0.625,0.2261500358581543,0.2382340431213379,True,16,True,True,True,True
seq_0074,31,256,bitflip,,sign,0,12.625,4.5682268142700195,4.986690998077393,True,16,True,True,True,True
seq_0074,31,256,bitflip,,exponent,0,6.3125,2.2841134071350098,2.406165599822998,True,16,True,True,True,True
seq_0074,31,256,bitflip,,mantissa,0,0.03125,0.011307716369628906,0.011911869049072266,True,16,True,True,True,True
seq_0075,4,64,numeric,1e-06,,5,0.0,0.0,0.0,False,16,False,False,False,False
seq_0075,4,64,numeric,1e-05,,5,0.0,0.0,0.0,False,16,False,False,False,False
seq_0075,4,64,numeric,0.0001,,5,0.0,0.0,0.0,False,16,False,False,False,False
seq_0075,4,64,numeric,0.001,,5,0.0,0.0,0.0,False,16,False,False,False,False
seq_0075,4,64,numeric,0.01,,5,0.0078125,0.0009441375732421875,0.0013540908694267273,True,16,True,True,True,True
seq_0075,4,64,numeric,0.1,,5,0.078125,0.009440898895263672,0.01354093849658966,True,16,True,True,True,True
seq_0075,4,64,bitflip,,sign,5,1.5625,0.18881797790527344,0.2708187699317932,True,16,True,True,True,True
seq_0075,4,64,bitflip,,exponent,5,2.6584559915698317e+38,inf,inf,False,16,True,True,True,True
seq_0075,4,64,bitflip,,mantissa,5,0.00390625,0.00047206878662109375,0.0006770417094230652,True,16,True,True,True,True
seq_0075,4,256,numeric,1e-06,,5,0.0,0.0,0.0,False,16,False,False,False,False
seq_0075,4,256,numeric,1e-05,,5,0.0,0.0,0.0,False,16,False,False,False,False
seq_0075,4,256,numeric,0.0001,,5,0.0,0.0,0.0,False,16,False,False,False,False
seq_0075,4,256,numeric,0.001,,5,0.0,0.0,0.0,False,16,False,False,False,False
seq_0075,4,256,numeric,0.01,,5,0.015625,0.0017046928405761719,0.0026221275329589844,True,16,True,True,True,True
seq_0075,4,256,numeric,0.1,,5,0.1484375,0.016195297241210938,0.024907588958740234,True,16,True,True,True,True
seq_0075,4,256,bitflip,,sign,5,2.890625,0.31537961959838867,0.4850468635559082,True,16,True,True,True,True
seq_0075,4,256,bitflip,,exponent,5,nan,nan,nan,False,16,True,True,True,True
seq_0075,4,256,bitflip,,mantissa,5,0.0078125,0.0008523464202880859,0.0013113021850585938,True,16,True,True,True,True
seq_0076,18,64,numeric,1e-06,,1,0.0,0.0,0.0,False,16,False,False,False,False
seq_0076,18,64,numeric,1e-05,,1,0.0,0.0,0.0,False,16,False,False,False,False
seq_0076,18,64,numeric,0.0001,,1,0.0,0.0,0.0,False,16,False,False,False,False
seq_0076,18,64,numeric,0.001,,1,0.0,0.0,0.0,False,16,False,False,False,False
seq_0076,18,64,numeric,0.01,,1,0.00390625,0.0006878376007080078,0.0005691051483154297,False,16,True,True,True,True
seq_0076,18,64,numeric,0.1,,1,0.03515625,0.00619053840637207,0.00512242317199707,False,16,True,True,True,True
seq_0076,18,64,bitflip,,sign,1,0.71875,0.1265619993209839,0.10472381114959717,False,16,True,True,True,True
seq_0076,18,64,bitflip,,exponent,1,1.2228897561221226e+38,2.15333956690893e+37,1.604449138781187e+37,False,16,True,True,True,True
seq_0076,18,64,bitflip,,mantissa,1,0.001953125,0.0003439188003540039,0.00028455257415771484,False,16,True,True,True,True
seq_0076,18,256,numeric,1e-06,,1,0.0,0.0,0.0,False,16,False,False,False,False
seq_0076,18,256,numeric,1e-05,,1,0.0,0.0,0.0,False,16,False,False,False,False
seq_0076,18,256,numeric,0.0001,,1,0.0,0.0,0.0,False,16,False,False,False,False
seq_0076,18,256,numeric,0.001,,1,0.0,0.0,0.0,False,16,False,False,False,False
seq_0076,18,256,numeric,0.01,,1,0.015625,0.0006742477416992188,0.0042514801025390625,True,16,True,True,True,True
seq_0076,18,256,numeric,0.1,,1,0.1484375,0.006406307220458984,0.04038524627685547,True,16,True,True,True,True
seq_0076,18,256,bitflip,,sign,1,2.96875,0.1281261444091797,0.8077092170715332,True,16,True,True,True,True
seq_0076,18,256,bitflip,,exponent,1,nan,nan,nan,False,16,True,True,True,True
seq_0076,18,256,bitflip,,mantissa,1,0.0078125,0.0003371238708496094,0.0021257400512695312,True,16,True,True,True,True
seq_0077,31,64,numeric,1e-06,,1,0.0,0.0,0.0,False,16,False,False,False,False
seq_0077,31,64,numeric,1e-05,,1,0.0,0.0,0.0,False,16,False,False,False,False
seq_0077,31,64,numeric,0.0001,,1,0.0,0.0,0.0,False,16,False,False,False,False
seq_0077,31,64,numeric,0.001,,1,0.0,0.0,0.0,False,16,False,False,False,False
seq_0077,31,64,numeric,0.01,,1,0.0625,0.00377655029296875,0.01614093780517578,True,16,True,True,True,True
seq_0077,31,64,numeric,0.1,,1,0.53125,0.032099246978759766,0.13720035552978516,True,16,True,True,True,True
seq_0077,31,64,bitflip,,sign,1,10.8125,0.6533098220825195,2.792433261871338,True,16,True,True,True,True
seq_0077,31,64,bitflip,,exponent,1,5.40625,0.32665491104125977,1.3962163925170898,True,16,True,True,True,True
seq_0077,31,64,bitflip,,mantissa,1,0.03125,0.001888275146484375,0.008070945739746094,True,16,True,True,True,True
seq_0077,31,256,numeric,1e-06,,1,0.0,0.0,0.0,False,16,False,False,False,False
seq_0077,31,256,numeric,1e-05,,1,0.0,0.0,0.0,False,16,False,False,False,False
seq_0077,31,256,numeric,0.0001,,1,0.0,0.0,0.0,False,16,False,False,False,False
seq_0077,31,256,numeric,0.001,,1,0.0,0.0,0.0,False,16,False,False,False,False
seq_0077,31,256,numeric,0.01,,1,0.00390625,0.0003437995910644531,0.0003833770751953125,True,16,True,True,True,True
seq_0077,31,256,numeric,0.1,,1,0.044921875,0.003955841064453125,0.004405021667480469,True,16,True,True,True,True
seq_0077,31,256,bitflip,,sign,1,0.8984375,0.0791010856628418,0.08809709548950195,True,16,True,True,True,True
seq_0077,31,256,bitflip,,exponent,1,1.5286121951526533e+38,1.3458372610093462e+37,1.4988932677158426e+37,True,16,True,True,True,True
seq_0077,31,256,bitflip,,mantissa,1,0.001953125,0.00017118453979492188,0.00019121170043945312,True,16,True,True,True,True
seq_0078,4,64,numeric,1e-06,,4,0.0,0.0,0.0,False,16,False,False,False,False
seq_0078,4,64,numeric,1e-05,,4,0.0,0.0,0.0,False,16,False,False,False,False
seq_0078,4,64,numeric,0.0001,,4,0.0,0.0,0.0,False,16,False,False,False,False
seq_0078,4,64,numeric,0.001,,4,0.0,0.0,0.0,False,16,False,False,False,False
seq_0078,4,64,numeric,0.01,,4,0.000244140625,4.6193599700927734e-05,9.97781753540039e-05,True,16,True,True,True,True
seq_0078,4,64,numeric,0.1,,4,0.00244140625,0.00046193599700927734,0.0009980201721191406,True,16,True,True,True,True
seq_0078,4,64,bitflip,,sign,4,0.049560546875,0.009377121925354004,0.019164979457855225,True,16,True,True,True,True
seq_0078,4,64,bitflip,,exponent,4,8.43229009826056e+36,1.5954423861927704e+36,2.969619212329554e+36,True,16,True,True,True,True
seq_0078,4,64,bitflip,,mantissa,4,0.0001220703125,2.3066997528076172e-05,4.7206878662109375e-05,True,16,True,True,True,True
seq_0078,4,256,numeric,1e-06,,4,0.0,0.0,0.0,False,16,False,False,False,False
seq_0078,4,256,numeric,1e-05,,4,0.0,0.0,0.0,False,16,False,False,False,False
seq_0078,4,256,numeric,0.0001,,4,0.0,0.0,0.0,False,16,False,False,False,False
seq_0078,4,256,numeric,0.001,,4,0.0,0.0,0.0,False,16,False,False,False,False
seq_0078,4,256,numeric,0.01,,4,0.005859375,0.0011005401611328125,0.0010843276977539062,False,16,True,True,True,True
seq_0078,4,256,numeric,0.1,,4,0.048828125,0.009171247482299805,0.00903630256652832,False,16,True,True,True,True
seq_0078,4,256,bitflip,,sign,4,0.98828125,0.18562424182891846,0.18289434909820557,False,16,True,True,True,True
seq_0078,4,256,bitflip,,exponent,4,1.6814734146679186e+38,inf,2.9027862641493813e+37,False,16,True,True,True,True
seq_0078,4,256,bitflip,,mantissa,4,0.001953125,0.0003669261932373047,0.00036144256591796875,False,16,True,True,True,True
seq_0079,18,64,numeric,1e-06,,7,0.0,0.0,0.0,False,16,False,False,False,False
seq_0079,18,64,numeric,1e-05,,7,0.0,0.0,0.0,False,16,False,False,False,False
seq_0079,18,64,numeric,0.0001,,7,0.0,0.0,0.0,False,16,False,False,False,False
seq_0079,18,64,numeric,0.001,,7,0.0,0.0,0.0,False,16,False,False,False,False
seq_0079,18,64,numeric,0.01,,7,0.00390625,0.00031280517578125,0.0008363723754882812,True,16,True,True,True,True
seq_0079,18,64,numeric,0.1,,7,0.029296875,0.002346634864807129,0.0062713623046875,True,16,True,True,True,True
seq_0079,18,64,bitflip,,sign,7,0.58984375,0.04724764823913574,0.1262650489807129,True,16,True,True,True,True
seq_0079,18,64,bitflip,,exponent,7,1.0035671368176115e+38,8.03876761800401e+36,2.148291275158581e+37,True,16,True,True,True,True
seq_0079,18,64,bitflip,,mantissa,7,0.001953125,0.00015652179718017578,0.0004181861877441406,True,16,True,True,True,True
seq_0079,18,256,numeric,1e-06,,7,0.0,0.0,0.0,False,16,False,False,False,False
seq_0079,18,256,numeric,1e-05,,7,0.0,0.0,0.0,False,16,False,False,False,False
seq_0079,18,256,numeric,0.0001,,7,0.0,0.0,0.0,False,16,False,False,False,False
seq_0079,18,256,numeric,0.001,,7,0.0,0.0,0.0,False,16,False,False,False,False
seq_0079,18,256,numeric,0.01,,7,0.015625,0.0043589770793914795,0.00850224494934082,True,16,True,True,True,True
seq_0079,18,256,numeric,0.1,,7,0.1640625,0.045769453048706055,0.08927273750305176,True,16,True,True,True,True
seq_0079,18,256,bitflip,,sign,7,3.28125,0.9153890609741211,1.7854615449905396,True,16,True,True,True,True
seq_0079,18,256,bitflip,,exponent,7,nan,nan,nan,False,16,True,True,True,True
seq_0079,18,256,bitflip,,mantissa,7,0.0078125,0.002179473638534546,0.004812002182006836,True,16,True,True,True,True
seq_0080,31,64,numeric,1e-06,,0,0.0,0.0,0.0,False,16,False,False,False,False
seq_0080,31,64,numeric,1e-05,,0,0.0,0.0,0.0,False,16,False,False,False,False
seq_0080,31,64,numeric,0.0001,,0,0.0,0.0,0.0,False,16,False,False,False,False
seq_0080,31,64,numeric,0.001,,0,0.0,0.0,0.0,False,16,False,False,False,False
seq_0080,31,64,numeric,0.01,,0,0.0078125,0.0011758804321289062,0.0016942024230957031,True,16,True,True,True,True
seq_0080,31,64,numeric,0.1,,0,0.08984375,0.013525009155273438,0.019480228424072266,True,16,True,True,True,True
seq_0080,31,64,bitflip,,sign,0,1.78125,0.2681431770324707,0.38622426986694336,True,16,True,True,True,True
seq_0080,31,64,bitflip,,exponent,0,3.0306398303896082e+38,inf,inf,False,16,True,True,True,True
seq_0080,31,64,bitflip,,mantissa,0,0.00390625,0.0005879402160644531,0.00084686279296875,True,16,True,True,True,True
seq_0080,31,256,numeric,1e-06,,0,0.0,0.0,0.0,False,16,False,False,False,False
seq_0080,31,256,numeric,1e-05,,0,0.0,0.0,0.0,False,16,False,False,False,False
seq_0080,31,256,numeric,0.0001,,0,0.0,0.0,0.0,False,16,False,False,False,False
seq_0080,31,256,numeric,0.001,,0,0.0,0.0,0.0,False,16,False,False,False,False
seq_0080,31,256,numeric,0.01,,0,0.0001220703125,5.9604644775390625e-06,1.6391277313232422e-05,True,16,False,True,True,True
seq_0080,31,256,numeric,0.1,,0,0.00140380859375,6.937980651855469e-05,0.00018900632858276367,True,16,True,True,True,True
seq_0080,31,256,bitflip,,sign,0,0.02783203125,0.0013837814331054688,0.003747701644897461,True,16,True,True,True,True
seq_0080,31,256,bitflip,,exponent,0,4.735374734983763e+36,2.3543545750054122e+35,6.3763771968021984e+35,True,16,True,True,True,True
seq_0080,31,256,bitflip,,mantissa,0,6.103515625e-05,2.6226043701171875e-06,8.285045623779297e-06,True,16,False,False,False,False
seq_0081,4,64,numeric,1e-06,,5,0.0,0.0,0.0,False,16,False,False,False,False
seq_0081,4,64,numeric,1e-05,,5,0.0,0.0,0.0,False,16,False,False,False,False
seq_0081,4,64,numeric,0.0001,,5,0.0,0.0,0.0,False,16,False,False,False,False
seq_0081,4,64,numeric,0.001,,5,0.0,0.0,0.0,False,16,False,False,False,False
seq_0081,4,64,numeric,0.01,,5,0.0009765625,0.0001430511474609375,0.00015544891357421875,True,16,True,True,True,True
seq_0081,4,64,numeric,0.1,,5,0.01025390625,0.0015077590942382812,0.001628875732421875,True,16,True,True,True,True
seq_0081,4,64,bitflip,,sign,5,0.2099609375,0.030881881713867188,0.03334665298461914,True,16,True,True,True,True
seq_0081,4,64,bitflip,,exponent,5,3.5723002386719614e+37,5.254272613292636e+36,5.52561987943714e+36,True,16,True,True,True,True
seq_0081,4,64,bitflip,,mantissa,5,0.00048828125,7.152557373046875e-05,7.772445678710938e-05,True,16,True,True,True,True
seq_0081,4,256,numeric,1e-06,,5,0.0,0.0,0.0,False,16,False,False,False,False
seq_0081,4,256,numeric,1e-05,,5,0.0,0.0,0.0,False,16,False,False,False,False
seq_0081,4,256,numeric,0.0001,,5,0.0,0.0,0.0,False,16,False,False,False,False
seq_0081,4,256,numeric,0.001,,5,0.0,0.0,0.0,False,16,False,False,False,False
seq_0081,4,256,numeric,0.01,,5,0.125,0.0011439323425292969,0.0017371326684951782,True,16,True,True,True,True
seq_0081,4,256,numeric,0.1,,5,1.0,0.009149551391601562,0.01389700174331665,True,16,True,True,True,True
seq_0081,4,256,bitflip,,sign,5,19.75,0.18070411682128906,0.2744656801223755,True,16,True,True,True,True
seq_0081,4,256,bitflip,,exponent,5,9.875,0.09035205841064453,0.13723284006118774,True,16,True,True,True,True
seq_0081,4,256,bitflip,,mantissa,5,0.0625,0.0005718469619750977,0.0008685588836669922,True,16,True,True,True,True
seq_0082,18,64,numeric,1e-06,,1,0.0,0.0,0.0,False,16,False,False,False,False
seq_0082,18,64,numeric,1e-05,,1,0.0,0.0,0.0,False,16,False,False,False,False
seq_0082,18,64,numeric,0.0001,,1,0.0,0.0,0.0,False,16,False,False,False,False
seq_0082,18,64,numeric,0.001,,1,0.0,0.0,0.0,False,16,False,False,False,False
seq_0082,18,64,numeric,0.01,,1,0.0078125,0.0007175207138061523,0.00128936767578125,True,16,True,True,True,True
seq_0082,18,64,numeric,0.1,,1,0.109375,0.010045170783996582,0.0180511474609375,True,16,True,True,True,True
seq_0082,18,64,bitflip,,sign,1,2.15625,0.19803225994110107,0.3558621406555176,True,16,True,True,True,True
seq_0082,18,64,bitflip,,exponent,1,nan,nan,nan,False,16,True,True,True,True
seq_0082,18,64,bitflip,,mantissa,1,0.0078125,0.0007175207138061523,0.00128936767578125,True,16,True,True,True,True
seq_0082,18,256,numeric,1e-06,,1,0.0,0.0,0.0,False,16,False,False,False,False
seq_0082,18,256,numeric,1e-05,,1,0.0,0.0,0.0,False,16,False,False,False,False
seq_0082,18,256,numeric,0.0001,,1,0.0,0.0,0.0,False,16,False,False,False,False
seq_0082,18,256,numeric,0.001,,1,0.0,0.0,0.0,False,16,False,False,False,False
seq_0082,18,256,numeric,0.01,,1,0.00390625,0.00042891502380371094,0.000858306884765625,True,16,True,True,True,True
seq_0082,18,256,numeric,0.1,,1,0.0390625,0.004288673400878906,0.008578300476074219,True,16,True,True,True,True
seq_0082,18,256,bitflip,,sign,1,0.77734375,0.08534836769104004,0.17069721221923828,True,16,True,True,True,True
seq_0082,18,256,bitflip,,exponent,1,1.3225818558059913e+38,1.4521273553023428e+37,1.0502808473793939e+37,False,16,True,True,True,True
seq_0082,18,256,bitflip,,mantissa,1,0.001953125,0.0002143383026123047,0.0004291534423828125,True,16,True,True,True,True
seq_0083,31,64,numeric,1e-06,,1,0.0,0.0,0.0,False,16,False,False,False,False
seq_0083,31,64,numeric,1e-05,,1,0.0,0.0,0.0,False,16,False,False,False,False
seq_0083,31,64,numeric,0.0001,,1,0.0,0.0,0.0,False,16,False,False,False,False
seq_0083,31,64,numeric,0.001,,1,0.0,0.0,0.0,False,16,False,False,False,False
seq_0083,31,64,numeric,0.01,,1,0.001953125,0.00033283233642578125,0.0004448890686035156,True,16,True,True,True,True
seq_0083,31,64,numeric,0.1,,1,0.01953125,0.0033311843872070312,0.004450798034667969,True,16,True,True,True,True
seq_0083,31,64,bitflip,,sign,1,0.396484375,0.06762504577636719,0.09034919738769531,True,16,True,True,True,True
seq_0083,31,64,bitflip,,exponent,1,6.745832078608448e+37,1.1505817996465522e+37,1.7328601163433463e+37,True,16,True,True,True,True
seq_0083,31,64,bitflip,,mantissa,1,0.0009765625,0.00016689300537109375,0.00022220611572265625,True,16,True,True,True,True
seq_0083,31,256,numeric,1e-06,,1,0.0,0.0,0.0,False,16,False,False,False,False
seq_0083,31,256,numeric,1e-05,,1,0.0,0.0,0.0,False,16,False,False,False,False
seq_0083,31,256,numeric,0.0001,,1,0.0,0.0,0.0,False,16,False,False,False,False
seq_0083,31,256,numeric,0.001,,1,0.0,0.0,0.0,False,16,False,False,False,False
seq_0083,31,256,numeric,0.01,,1,0.00390625,0.0004963874816894531,0.0009169578552246094,True,16,True,True,True,True
seq_0083,31,256,numeric,0.1,,1,0.05078125,0.006452083587646484,0.011922359466552734,True,16,True,True,True,True
seq_0083,31,256,bitflip,,sign,1,1.015625,0.1290435791015625,0.2384500503540039,True,16,True,True,True,True
seq_0083,31,256,bitflip,,exponent,1,1.7279963945203906e+38,2.1955619660410917e+37,inf,True,16,True,True,True,True
seq_0083,31,256,bitflip,,mantissa,1,0.00390625,0.0004963874816894531,0.0009169578552246094,True,16,True,True,True,True
